open_time,open,high,low,close,volume
2025-06-17 00:00:00,0.5489800,0.5498400,0.5484300,0.5497500,154764.1757000
2025-06-17 00:01:00,0.5496900,0.5496900,0.5487300,0.5496400,122593.8722200
2025-06-17 00:02:00,0.5496400,0.5499000,0.5473200,0.5478700,235299.8682200
2025-06-17 00:03:00,0.5477900,0.5483800,0.5476200,0.5476300,53834.0728500
2025-06-17 00:04:00,0.5478700,0.5482700,0.5468100,0.5481200,103900.5048900
2025-06-17 00:05:00,0.5481200,0.5498600,0.5477300,0.5490800,115470.7301500
2025-06-17 00:06:00,0.5490200,0.5496500,0.5486900,0.5487800,93831.0075600
2025-06-17 00:07:00,0.5488100,0.5492600,0.5477600,0.5482700,32569.5676400
2025-06-17 00:08:00,0.5482100,0.5483000,0.5467100,0.5480400,132519.6103400
2025-06-17 00:09:00,0.5480800,0.5486000,0.5478100,0.5481800,67369.9201900
2025-06-17 00:10:00,0.5483000,0.5483900,0.5473300,0.5478800,80885.2177100
2025-06-17 00:11:00,0.5479200,0.5481400,0.5473500,0.5477600,61944.9450400
2025-06-17 00:12:00,0.5477000,0.5484900,0.5476200,0.5484600,62280.0536300
2025-06-17 00:13:00,0.5483500,0.5491100,0.5482800,0.5490700,90019.3353200
2025-06-17 00:14:00,0.5490600,0.5503500,0.5489900,0.5492900,155529.0091500
2025-06-17 00:15:00,0.5492900,0.5492900,0.5476200,0.5480000,174964.3416300
2025-06-17 00:16:00,0.5481000,0.5483800,0.5478500,0.5482000,79825.7949600
2025-06-17 00:17:00,0.5481700,0.5486000,0.5478900,0.5481900,83003.1001400
2025-06-17 00:18:00,0.5481800,0.5483400,0.5478700,0.5480100,25828.6252400
2025-06-17 00:19:00,0.5479300,0.5497400,0.5478500,0.5481300,92496.7583300
2025-06-17 00:20:00,0.5481700,0.5481700,0.5465000,0.5472200,118872.0728000
2025-06-17 00:21:00,0.5471500,0.5481800,0.5468100,0.5469400,45442.4202300
2025-06-17 00:22:00,0.5469600,0.5478300,0.5466900,0.5467500,37791.3697100
2025-06-17 00:23:00,0.5467000,0.5472800,0.5462400,0.5472800,80554.4603300
2025-06-17 00:24:00,0.5472000,0.5472000,0.5465600,0.5468000,28195.2895100
2025-06-17 00:25:00,0.5468000,0.5476800,0.5464700,0.5466400,43034.8296200
2025-06-17 00:26:00,0.5466300,0.5466300,0.5457000,0.5459300,62723.2466400
2025-06-17 00:27:00,0.5458800,0.5462400,0.5455200,0.5455200,63525.9588400
2025-06-17 00:28:00,0.5456000,0.5461700,0.5451000,0.5452700,158996.3450700
2025-06-17 00:29:00,0.5453800,0.5461600,0.5452400,0.5459700,83416.9896700
2025-06-17 00:30:00,0.5459800,0.5467900,0.5450000,0.5450000,173141.6569100
2025-06-17 00:31:00,0.5449500,0.5450100,0.5429400,0.5433300,170348.6126800
2025-06-17 00:32:00,0.5433800,0.5450500,0.5433400,0.5444700,120050.5872200
2025-06-17 00:33:00,0.5444800,0.5454500,0.5443000,0.5448100,63003.0245900
2025-06-17 00:34:00,0.5447900,0.5453800,0.5443400,0.5452800,118133.0766200
2025-06-17 00:35:00,0.5452600,0.5455500,0.5442400,0.5449600,113432.8908700
2025-06-17 00:36:00,0.5448800,0.5448800,0.5441800,0.5443500,41789.9470800
2025-06-17 00:37:00,0.5444100,0.5446200,0.5438900,0.5446200,49249.8374500
2025-06-17 00:38:00,0.5445800,0.5452100,0.5437800,0.5451500,161327.9384900
2025-06-17 00:39:00,0.5451500,0.5459600,0.5447000,0.5452800,47741.5796400
2025-06-17 00:40:00,0.5453000,0.5454400,0.5448600,0.5450000,20082.3984700
2025-06-17 00:41:00,0.5449900,0.5451600,0.5445400,0.5445500,19794.0031100
2025-06-17 00:42:00,0.5445600,0.5446900,0.5444900,0.5446100,18426.2341800
2025-06-17 00:43:00,0.5446200,0.5453700,0.5446200,0.5448900,38461.4151000
2025-06-17 00:44:00,0.5449000,0.5469900,0.5448800,0.5469500,118091.3491700
2025-06-17 00:45:00,0.5469000,0.5498600,0.5469000,0.5490200,163619.1917600
2025-06-17 00:46:00,0.5491100,0.5491500,0.5482200,0.5487800,44835.0872500
2025-06-17 00:47:00,0.5487900,0.5495100,0.5487800,0.5489400,31845.8366900
2025-06-17 00:48:00,0.5489500,0.5490700,0.5480000,0.5480400,34112.6299400
2025-06-17 00:49:00,0.5480500,0.5480500,0.5459900,0.5460900,76343.0048200
2025-06-17 00:50:00,0.5461100,0.5465500,0.5460500,0.5462200,16926.9916200
2025-06-17 00:51:00,0.5462000,0.5462200,0.5452300,0.5459300,66073.3521200
2025-06-17 00:52:00,0.5459300,0.5459900,0.5455700,0.5457000,39010.0969700
2025-06-17 00:53:00,0.5457000,0.5458000,0.5454500,0.5455800,15160.5541900
2025-06-17 00:54:00,0.5455900,0.5456400,0.5451800,0.5451800,17266.7595300
2025-06-17 00:55:00,0.5451700,0.5452300,0.5444000,0.5445300,55622.4158400
2025-06-17 00:56:00,0.5445300,0.5453200,0.5439500,0.5452200,74898.1580600
2025-06-17 00:57:00,0.5451900,0.5452100,0.5449100,0.5450600,19797.7839100
2025-06-17 00:58:00,0.5450400,0.5450800,0.5444900,0.5444900,17752.5806000
2025-06-17 00:59:00,0.5444600,0.5466800,0.5444200,0.5464500,75630.4156700
2025-06-17 01:00:00,0.5464700,0.5486900,0.5464000,0.5476800,160588.8784900
2025-06-17 01:01:00,0.5476500,0.5486200,0.5464800,0.5472500,224652.3281800
2025-06-17 01:02:00,0.5473600,0.5479400,0.5468900,0.5475400,79596.9912300
2025-06-17 01:03:00,0.5476100,0.5483800,0.5459800,0.5476600,115801.3990400
2025-06-17 01:04:00,0.5475900,0.5482600,0.5474700,0.5481400,64179.2745100
2025-06-17 01:05:00,0.5481300,0.5493900,0.5480100,0.5486400,114238.3466800
2025-06-17 01:06:00,0.5486400,0.5486700,0.5478600,0.5478600,51025.8973400
2025-06-17 01:07:00,0.5478600,0.5480000,0.5476900,0.5477200,19557.2179700
2025-06-17 01:08:00,0.5477100,0.5503500,0.5477000,0.5490600,197173.7640000
2025-06-17 01:09:00,0.5490400,0.5490400,0.5477400,0.5483800,58055.5259900
2025-06-17 01:10:00,0.5483800,0.5486900,0.5471300,0.5475900,144693.5287600
2025-06-17 01:11:00,0.5475400,0.5475400,0.5466400,0.5472900,67068.5260900
2025-06-17 01:12:00,0.5471500,0.5482200,0.5466700,0.5481900,69930.1526500
2025-06-17 01:13:00,0.5481400,0.5485100,0.5474300,0.5482800,48911.9707700
2025-06-17 01:14:00,0.5482800,0.5492600,0.5479600,0.5486400,44796.4706200
2025-06-17 01:15:00,0.5485800,0.5487400,0.5480500,0.5484300,26597.1683700
2025-06-17 01:16:00,0.5484300,0.5491400,0.5483100,0.5487000,39486.2203600
2025-06-17 01:17:00,0.5487200,0.5487200,0.5477300,0.5480700,29402.1502400
2025-06-17 01:18:00,0.5480100,0.5481000,0.5472300,0.5475100,33738.8671300
2025-06-17 01:19:00,0.5474400,0.5477500,0.5465600,0.5465900,59015.2546200
2025-06-17 01:20:00,0.5466700,0.5469500,0.5458200,0.5467500,85137.7747400
2025-06-17 01:21:00,0.5468000,0.5474000,0.5459400,0.5473900,70543.8991900
2025-06-17 01:22:00,0.5473900,0.5477400,0.5467400,0.5476100,48597.7571800
2025-06-17 01:23:00,0.5476600,0.5483200,0.5475900,0.5481000,57186.1005300
2025-06-17 01:24:00,0.5480700,0.5483300,0.5477200,0.5481900,32327.1237900
2025-06-17 01:25:00,0.5483200,0.5483800,0.5469200,0.5469700,27208.1305800
2025-06-17 01:26:00,0.5470300,0.5471100,0.5463700,0.5464100,33716.1818800
2025-06-17 01:27:00,0.5464700,0.5473200,0.5464400,0.5468900,29625.5214800
2025-06-17 01:28:00,0.5469000,0.5472700,0.5465400,0.5465500,36984.8382100
2025-06-17 01:29:00,0.5465400,0.5468700,0.5462100,0.5466300,19582.7794700
2025-06-17 01:30:00,0.5466100,0.5471400,0.5461200,0.5462300,73427.1958600
2025-06-17 01:31:00,0.5462200,0.5463500,0.5455800,0.5460400,99247.0099000
2025-06-17 01:32:00,0.5460000,0.5461200,0.5437200,0.5441000,215319.2023100
2025-06-17 01:33:00,0.5441000,0.5442900,0.5431800,0.5432000,139331.8616500
2025-06-17 01:34:00,0.5432900,0.5436400,0.5426400,0.5433700,137907.5742700
2025-06-17 01:35:00,0.5433800,0.5433900,0.5408400,0.5412300,136582.0917100
2025-06-17 01:36:00,0.5412000,0.5420400,0.5407500,0.5409600,186551.9039500
2025-06-17 01:37:00,0.5409700,0.5410500,0.5388500,0.5390500,255706.1568200
2025-06-17 01:38:00,0.5390700,0.5398900,0.5368800,0.5370700,419181.2701900
2025-06-17 01:39:00,0.5370700,0.5376600,0.5364900,0.5369300,284785.5419500
2025-06-17 01:40:00,0.5369300,0.5375500,0.5358800,0.5368000,226889.4250300
2025-06-17 01:41:00,0.5368500,0.5369600,0.5352000,0.5357200,218473.8748000
2025-06-17 01:42:00,0.5357300,0.5359900,0.5331700,0.5341400,505102.6617400
2025-06-17 01:43:00,0.5341700,0.5342700,0.5315200,0.5340700,285550.3156400
2025-06-17 01:44:00,0.5339100,0.5339100,0.5288800,0.5296300,347458.6537000
2025-06-17 01:45:00,0.5297700,0.5325300,0.5290800,0.5313200,504283.9576700
2025-06-17 01:46:00,0.5313300,0.5320500,0.5290400,0.5317300,289651.8200900
2025-06-17 01:47:00,0.5317300,0.5320200,0.5282300,0.5282300,344237.6150200
2025-06-17 01:48:00,0.5282300,0.5292200,0.5274200,0.5286400,297607.9488300
2025-06-17 01:49:00,0.5286500,0.5289900,0.5171000,0.5239000,1514512.5429900
2025-06-17 01:50:00,0.5241700,0.5244500,0.5216900,0.5223100,603416.3305300
2025-06-17 01:51:00,0.5222700,0.5236900,0.5217500,0.5231500,387894.9379300
2025-06-17 01:52:00,0.5231500,0.5257100,0.5229400,0.5256200,266700.8482300
2025-06-17 01:53:00,0.5256200,0.5284400,0.5253200,0.5278600,328192.9719600
2025-06-17 01:54:00,0.5278600,0.5304000,0.5273400,0.5295200,245172.0743600
2025-06-17 01:55:00,0.5294700,0.5304300,0.5277900,0.5279700,224213.2745200
2025-06-17 01:56:00,0.5280900,0.5301900,0.5275300,0.5300000,164436.1557800
2025-06-17 01:57:00,0.5299800,0.5333700,0.5296700,0.5318000,364173.2442600
2025-06-17 01:58:00,0.5319400,0.5328900,0.5311100,0.5311400,173602.5361400
2025-06-17 01:59:00,0.5311000,0.5315500,0.5300800,0.5306000,187456.4718900
2025-06-17 02:00:00,0.5305800,0.5314900,0.5297600,0.5313700,149728.4100600
2025-06-17 02:01:00,0.5311800,0.5312200,0.5291600,0.5291600,190348.4763800
2025-06-17 02:02:00,0.5291500,0.5306200,0.5276600,0.5285400,230702.5368900
2025-06-17 02:03:00,0.5285400,0.5324800,0.5285300,0.5317900,157625.3353400
2025-06-17 02:04:00,0.5317800,0.5331600,0.5314500,0.5318700,236470.6460200
2025-06-17 02:05:00,0.5318100,0.5325900,0.5315600,0.5318600,135113.5722400
2025-06-17 02:06:00,0.5318500,0.5329100,0.5314500,0.5321900,198470.6517500
2025-06-17 02:07:00,0.5322000,0.5331200,0.5320700,0.5328300,99112.2727400
2025-06-17 02:08:00,0.5328200,0.5359600,0.5328000,0.5349700,290513.8226800
2025-06-17 02:09:00,0.5349900,0.5359500,0.5340500,0.5348600,180339.1509000
2025-06-17 02:10:00,0.5348500,0.5363500,0.5346800,0.5355200,156050.4618100
2025-06-17 02:11:00,0.5354600,0.5363400,0.5350200,0.5361100,122013.3479300
2025-06-17 02:12:00,0.5361700,0.5362200,0.5352000,0.5360400,49905.3328400
2025-06-17 02:13:00,0.5361200,0.5372300,0.5354400,0.5354500,113062.1616200
2025-06-17 02:14:00,0.5355300,0.5359200,0.5345200,0.5351300,105860.6083000
2025-06-17 02:15:00,0.5351400,0.5364700,0.5351400,0.5364400,89340.0225600
2025-06-17 02:16:00,0.5364200,0.5378900,0.5359600,0.5364000,85888.9105800
2025-06-17 02:17:00,0.5364000,0.5364800,0.5340100,0.5342600,174281.4839800
2025-06-17 02:18:00,0.5342700,0.5346500,0.5332900,0.5333000,142370.8501900
2025-06-17 02:19:00,0.5333000,0.5333300,0.5304200,0.5307200,167161.6640900
2025-06-17 02:20:00,0.5307500,0.5322500,0.5305200,0.5314500,139823.9067800
2025-06-17 02:21:00,0.5315700,0.5320700,0.5311100,0.5316100,54431.0154600
2025-06-17 02:22:00,0.5315000,0.5315000,0.5293500,0.5293500,82007.3333700
2025-06-17 02:23:00,0.5294000,0.5296400,0.5277900,0.5282600,163076.4143500
2025-06-17 02:24:00,0.5283400,0.5298400,0.5274800,0.5298000,164518.6303400
2025-06-17 02:25:00,0.5296800,0.5299000,0.5277100,0.5280700,98905.8857600
2025-06-17 02:26:00,0.5280200,0.5293900,0.5276500,0.5284400,199053.3075200
2025-06-17 02:27:00,0.5283200,0.5302500,0.5282800,0.5286300,158628.2432100
2025-06-17 02:28:00,0.5287000,0.5293700,0.5277500,0.5280200,96678.0993900
2025-06-17 02:29:00,0.5280100,0.5284100,0.5272800,0.5276600,134020.3526700
2025-06-17 02:30:00,0.5276600,0.5291800,0.5276600,0.5279000,98936.5236100
2025-06-17 02:31:00,0.5279600,0.5279800,0.5258400,0.5259700,164247.4696600
2025-06-17 02:32:00,0.5261200,0.5263400,0.5235700,0.5240900,223215.0781900
2025-06-17 02:33:00,0.5243000,0.5245900,0.5227200,0.5230000,185294.3562300
2025-06-17 02:34:00,0.5230500,0.5236400,0.5225400,0.5234100,113803.4599000
2025-06-17 02:35:00,0.5233100,0.5235400,0.5215900,0.5232900,188115.2035200
2025-06-17 02:36:00,0.5234000,0.5243500,0.5221500,0.5222800,164450.7049700
2025-06-17 02:37:00,0.5223000,0.5246600,0.5223000,0.5242500,119264.1561800
2025-06-17 02:38:00,0.5243200,0.5254500,0.5240900,0.5244900,105581.8753000
2025-06-17 02:39:00,0.5244700,0.5256500,0.5241700,0.5256400,125202.8877000
2025-06-17 02:40:00,0.5254600,0.5258000,0.5244300,0.5250600,116929.9161400
2025-06-17 02:41:00,0.5250100,0.5250100,0.5238600,0.5242900,64652.1217600
2025-06-17 02:42:00,0.5242800,0.5250700,0.5237300,0.5238800,91742.1265400
2025-06-17 02:43:00,0.5238800,0.5254900,0.5238700,0.5250900,91512.5681600
2025-06-17 02:44:00,0.5251800,0.5253500,0.5240000,0.5249600,113086.2736800
2025-06-17 02:45:00,0.5249200,0.5261500,0.5245700,0.5253100,74907.9194000
2025-06-17 02:46:00,0.5251600,0.5261800,0.5247700,0.5257000,84759.1171900
2025-06-17 02:47:00,0.5257200,0.5262300,0.5248500,0.5255400,64704.0846100
2025-06-17 02:48:00,0.5253300,0.5255400,0.5240900,0.5251600,120293.6666300
2025-06-17 02:49:00,0.5251400,0.5252500,0.5229000,0.5235000,100952.1464100
2025-06-17 02:50:00,0.5234800,0.5239300,0.5224000,0.5224000,91128.8729300
2025-06-17 02:51:00,0.5224000,0.5232400,0.5214000,0.5225800,151649.7075100
2025-06-17 02:52:00,0.5225900,0.5248900,0.5225900,0.5245000,135686.3735300
2025-06-17 02:53:00,0.5243800,0.5254800,0.5234100,0.5235000,128196.6762900
2025-06-17 02:54:00,0.5235000,0.5235000,0.5220700,0.5228400,81380.8870200
2025-06-17 02:55:00,0.5229700,0.5247600,0.5223000,0.5229400,200791.3489600
2025-06-17 02:56:00,0.5230100,0.5237600,0.5225000,0.5237400,102178.2445600
2025-06-17 02:57:00,0.5237000,0.5241200,0.5228700,0.5229400,123140.5806500
2025-06-17 02:58:00,0.5229300,0.5242200,0.5223100,0.5234300,180006.8562400
2025-06-17 02:59:00,0.5234300,0.5239700,0.5227000,0.5233200,119740.8119100
2025-06-17 03:00:00,0.5233400,0.5248000,0.5194800,0.5228400,928096.5574700
2025-06-17 03:01:00,0.5228000,0.5228000,0.5199000,0.5206200,354339.3929200
2025-06-17 03:02:00,0.5204600,0.5213900,0.5186400,0.5203000,452542.9076600
2025-06-17 03:03:00,0.5202500,0.5209800,0.5195400,0.5198600,237968.2879700
2025-06-17 03:04:00,0.5199100,0.5227900,0.5191300,0.5217100,266518.2252000
2025-06-17 03:05:00,0.5217000,0.5226100,0.5206600,0.5225100,221875.3431300
2025-06-17 03:06:00,0.5225200,0.5233500,0.5207200,0.5210600,218426.8991200
2025-06-17 03:07:00,0.5210600,0.5220800,0.5186600,0.5198700,345788.6728000
2025-06-17 03:08:00,0.5198300,0.5200800,0.5164700,0.5200800,494417.3164800
2025-06-17 03:09:00,0.5200100,0.5202000,0.5181500,0.5183000,259318.7786100
2025-06-17 03:10:00,0.5182300,0.5230700,0.5180600,0.5216500,363775.7960200
2025-06-17 03:11:00,0.5215900,0.5216200,0.5191500,0.5196600,255412.6813200
2025-06-17 03:12:00,0.5196800,0.5211700,0.5189700,0.5201600,193743.9973700
2025-06-17 03:13:00,0.5201900,0.5210000,0.5183900,0.5183900,164681.5024400
2025-06-17 03:14:00,0.5183700,0.5199100,0.5177200,0.5181700,204326.6365200
2025-06-17 03:15:00,0.5182700,0.5183700,0.5140000,0.5164700,707996.3915400
2025-06-17 03:16:00,0.5167200,0.5212000,0.5163900,0.5198900,381207.3033000
2025-06-17 03:17:00,0.5198800,0.5199400,0.5170900,0.5186300,180984.9534800
2025-06-17 03:18:00,0.5186300,0.5197500,0.5177400,0.5179900,131107.9397000
2025-06-17 03:19:00,0.5179900,0.5203000,0.5177000,0.5202900,117285.8559100
2025-06-17 03:20:00,0.5201900,0.5206500,0.5181100,0.5194500,168484.1268500
2025-06-17 03:21:00,0.5194300,0.5219700,0.5189700,0.5212000,159777.6750800
2025-06-17 03:22:00,0.5211900,0.5220800,0.5195900,0.5213200,85206.9017700
2025-06-17 03:23:00,0.5213000,0.5224200,0.5202900,0.5210800,122561.5403800
2025-06-17 03:24:00,0.5210400,0.5213800,0.5196100,0.5204000,178215.6005700
2025-06-17 03:25:00,0.5203000,0.5242500,0.5201600,0.5238200,288171.2280300
2025-06-17 03:26:00,0.5236800,0.5248000,0.5227400,0.5244200,204384.8106400
2025-06-17 03:27:00,0.5244200,0.5271700,0.5238200,0.5261800,334966.6502600
2025-06-17 03:28:00,0.5261600,0.5272300,0.5251400,0.5253900,218279.5250400
2025-06-17 03:29:00,0.5251400,0.5260500,0.5236900,0.5260500,187515.1738200
2025-06-17 03:30:00,0.5260800,0.5273900,0.5249300,0.5261000,154039.6239300
2025-06-17 03:31:00,0.5261000,0.5264900,0.5238200,0.5244600,109414.1447000
2025-06-17 03:32:00,0.5245200,0.5289200,0.5241300,0.5287600,291507.6939500
2025-06-17 03:33:00,0.5288700,0.5293900,0.5278600,0.5279700,169201.5741200
2025-06-17 03:34:00,0.5280800,0.5293100,0.5270000,0.5270000,156626.3011200
2025-06-17 03:35:00,0.5270000,0.5295200,0.5269100,0.5285700,217459.8050000
2025-06-17 03:36:00,0.5285100,0.5291500,0.5264800,0.5264900,109523.6883500
2025-06-17 03:37:00,0.5264800,0.5284200,0.5262900,0.5277200,248154.6539600
2025-06-17 03:38:00,0.5277400,0.5288000,0.5271700,0.5282000,106606.5833400
2025-06-17 03:39:00,0.5282100,0.5294200,0.5279500,0.5291000,163889.8170700
2025-06-17 03:40:00,0.5290200,0.5309600,0.5286700,0.5308600,258253.0297100
2025-06-17 03:41:00,0.5308600,0.5328000,0.5306500,0.5324000,296807.6411200
2025-06-17 03:42:00,0.5323700,0.5326100,0.5308400,0.5316900,130956.5598600
2025-06-17 03:43:00,0.5316800,0.5327700,0.5314400,0.5314800,247132.7979200
2025-06-17 03:44:00,0.5315100,0.5315100,0.5292000,0.5292800,280886.1445900
2025-06-17 03:45:00,0.5293500,0.5314200,0.5292000,0.5310800,80844.2355700
2025-06-17 03:46:00,0.5309000,0.5313400,0.5302300,0.5310000,118321.9007000
2025-06-17 03:47:00,0.5309800,0.5318800,0.5293000,0.5294400,111862.1244200
2025-06-17 03:48:00,0.5294100,0.5303200,0.5289200,0.5298800,114408.8554600
2025-06-17 03:49:00,0.5298500,0.5320500,0.5285500,0.5315900,172421.8898600
2025-06-17 03:50:00,0.5316200,0.5346500,0.5316200,0.5331800,230021.5642500
2025-06-17 03:51:00,0.5330300,0.5350000,0.5320700,0.5340400,185090.1177900
2025-06-17 03:52:00,0.5339200,0.5339500,0.5321900,0.5337000,109723.3763400
2025-06-17 03:53:00,0.5335200,0.5347000,0.5332300,0.5333200,135919.4630300
2025-06-17 03:54:00,0.5333600,0.5333800,0.5320700,0.5321900,105384.3326200
2025-06-17 03:55:00,0.5322300,0.5337300,0.5322300,0.5331300,87910.1803100
2025-06-17 03:56:00,0.5331200,0.5337600,0.5324900,0.5326400,54319.4438300
2025-06-17 03:57:00,0.5328100,0.5333800,0.5327100,0.5333800,54276.5300700
2025-06-17 03:58:00,0.5333600,0.5342300,0.5330700,0.5335200,99945.4097800
2025-06-17 03:59:00,0.5335400,0.5341100,0.5330900,0.5334600,99694.4641300
2025-06-17 04:00:00,0.5334800,0.5349700,0.5331600,0.5336300,94444.4093700
2025-06-17 04:01:00,0.5335100,0.5340800,0.5325300,0.5331600,105166.0838400
2025-06-17 04:02:00,0.5331700,0.5344200,0.5329400,0.5340800,181983.4500000
2025-06-17 04:03:00,0.5339900,0.5349200,0.5336100,0.5345900,95223.0921200
2025-06-17 04:04:00,0.5346700,0.5370500,0.5342200,0.5358900,259905.8443500
2025-06-17 04:05:00,0.5359800,0.5363600,0.5348400,0.5353400,148580.9605200
2025-06-17 04:06:00,0.5353300,0.5360400,0.5348600,0.5360200,69920.7645200
2025-06-17 04:07:00,0.5360900,0.5374400,0.5356200,0.5358000,165499.0650600
2025-06-17 04:08:00,0.5357900,0.5357900,0.5333400,0.5340200,189280.4691100
2025-06-17 04:09:00,0.5339800,0.5340200,0.5312100,0.5314200,166500.2685600
2025-06-17 04:10:00,0.5313000,0.5313000,0.5297000,0.5297000,125884.1918900
2025-06-17 04:11:00,0.5296800,0.5326500,0.5295500,0.5325200,105366.3140200
2025-06-17 04:12:00,0.5324900,0.5338900,0.5324500,0.5331700,104231.3998600
2025-06-17 04:13:00,0.5331700,0.5336700,0.5326200,0.5330500,46060.3919600
2025-06-17 04:14:00,0.5330200,0.5338100,0.5325100,0.5329800,54125.3450500
2025-06-17 04:15:00,0.5329900,0.5343300,0.5326200,0.5334900,198828.1342400
2025-06-17 04:16:00,0.5334900,0.5340400,0.5331100,0.5336000,38883.6183900
2025-06-17 04:17:00,0.5335900,0.5348200,0.5331200,0.5347700,52051.1426700
2025-06-17 04:18:00,0.5347700,0.5353300,0.5329200,0.5329200,80148.6058100
2025-06-17 04:19:00,0.5328900,0.5337700,0.5321800,0.5321800,102280.3512300
2025-06-17 04:20:00,0.5321900,0.5335700,0.5303400,0.5305600,189395.6879400
2025-06-17 04:21:00,0.5305600,0.5316600,0.5298200,0.5315300,86737.3639400
2025-06-17 04:22:00,0.5315500,0.5324600,0.5311900,0.5319500,76778.0710500
2025-06-17 04:23:00,0.5318300,0.5332100,0.5318300,0.5320200,123659.4169500
2025-06-17 04:24:00,0.5320400,0.5331600,0.5319400,0.5331600,64387.7820000
2025-06-17 04:25:00,0.5330200,0.5330600,0.5308700,0.5311300,129206.3895900
2025-06-17 04:26:00,0.5311900,0.5315100,0.5306800,0.5311300,76571.3861500
2025-06-17 04:27:00,0.5311900,0.5315400,0.5306000,0.5307000,82140.6703900
2025-06-17 04:28:00,0.5306700,0.5327500,0.5306700,0.5323200,125537.3603100
2025-06-17 04:29:00,0.5322800,0.5324200,0.5314600,0.5322100,24367.3360400
2025-06-17 04:30:00,0.5322000,0.5326800,0.5315900,0.5322500,57771.5237300
2025-06-17 04:31:00,0.5323100,0.5335000,0.5319800,0.5327400,79733.5400700
2025-06-17 04:32:00,0.5328200,0.5343700,0.5326900,0.5343700,69018.5478300
2025-06-17 04:33:00,0.5342300,0.5363000,0.5338300,0.5362000,87496.7195700
2025-06-17 04:34:00,0.5362100,0.5380000,0.5357200,0.5360800,244113.9014400
2025-06-17 04:35:00,0.5360900,0.5373300,0.5355700,0.5357500,110886.1924700
2025-06-17 04:36:00,0.5357600,0.5361300,0.5349100,0.5349100,69262.1617200
2025-06-17 04:37:00,0.5349900,0.5368200,0.5346400,0.5368200,127892.7543800
2025-06-17 04:38:00,0.5368400,0.5373300,0.5354700,0.5360900,78544.0698500
2025-06-17 04:39:00,0.5359300,0.5368600,0.5356900,0.5361600,44320.9690200
2025-06-17 04:40:00,0.5361500,0.5361500,0.5350300,0.5359200,58126.8180000
2025-06-17 04:41:00,0.5358500,0.5360100,0.5350600,0.5359500,40901.5527000
2025-06-17 04:42:00,0.5360000,0.5366800,0.5352800,0.5365200,68965.2732400
2025-06-17 04:43:00,0.5364900,0.5366500,0.5355900,0.5357400,63526.4496400
2025-06-17 04:44:00,0.5357700,0.5358700,0.5344000,0.5355400,62273.8851600
2025-06-17 04:45:00,0.5355400,0.5355400,0.5344500,0.5347200,59397.9691500
2025-06-17 04:46:00,0.5348700,0.5352500,0.5344700,0.5350700,34130.4816300
2025-06-17 04:47:00,0.5350500,0.5351000,0.5337000,0.5340900,84287.7157200
2025-06-17 04:48:00,0.5340600,0.5345800,0.5337600,0.5339500,41545.7783400
2025-06-17 04:49:00,0.5340700,0.5347400,0.5337200,0.5342700,45555.3247900
2025-06-17 04:50:00,0.5343000,0.5351100,0.5342100,0.5346600,29521.7532200
2025-06-17 04:51:00,0.5347200,0.5348100,0.5335600,0.5336100,24263.3273000
2025-06-17 04:52:00,0.5335500,0.5342600,0.5332200,0.5342600,50777.9843700
2025-06-17 04:53:00,0.5342700,0.5343900,0.5313600,0.5314400,89820.9554200
2025-06-17 04:54:00,0.5314600,0.5320900,0.5310800,0.5317800,82699.1313100
2025-06-17 04:55:00,0.5318000,0.5318300,0.5303000,0.5312600,72015.3217700
2025-06-17 04:56:00,0.5312600,0.5325000,0.5311700,0.5321200,96481.3372200
2025-06-17 04:57:00,0.5321200,0.5326000,0.5311800,0.5316400,74103.0686800
2025-06-17 04:58:00,0.5316100,0.5316500,0.5305700,0.5306100,46875.5961600
2025-06-17 04:59:00,0.5306100,0.5317300,0.5291600,0.5316500,223692.3914500
2025-06-17 05:00:00,0.5316400,0.5324800,0.5309300,0.5320400,67482.9722700
2025-06-17 05:01:00,0.5320400,0.5330900,0.5320300,0.5322800,58950.9747800
2025-06-17 05:02:00,0.5322900,0.5322900,0.5316000,0.5318900,39495.5295500
2025-06-17 05:03:00,0.5318900,0.5320000,0.5306500,0.5319000,115576.5160400
2025-06-17 05:04:00,0.5319100,0.5319600,0.5307200,0.5312800,91793.5556900
2025-06-17 05:05:00,0.5312800,0.5315500,0.5303500,0.5312000,50938.7500700
2025-06-17 05:06:00,0.5311000,0.5314500,0.5300700,0.5302400,47340.3218300
2025-06-17 05:07:00,0.5301400,0.5306000,0.5293800,0.5301000,59301.3693400
2025-06-17 05:08:00,0.5302400,0.5305200,0.5290900,0.5302300,52124.4678200
2025-06-17 05:09:00,0.5301400,0.5304800,0.5297200,0.5300400,55984.9765000
2025-06-17 05:10:00,0.5301000,0.5304800,0.5297500,0.5299800,63282.9640800
2025-06-17 05:11:00,0.5299800,0.5307400,0.5295000,0.5307300,55639.1651900
2025-06-17 05:12:00,0.5307300,0.5319600,0.5306500,0.5310900,72175.8347700
2025-06-17 05:13:00,0.5311500,0.5318900,0.5309500,0.5318500,61559.0929500
2025-06-17 05:14:00,0.5317900,0.5317900,0.5311700,0.5312200,34999.4728000
2025-06-17 05:15:00,0.5311700,0.5312500,0.5305500,0.5311300,28684.1753900
2025-06-17 05:16:00,0.5311300,0.5322800,0.5311000,0.5322800,46441.1796200
2025-06-17 05:17:00,0.5321600,0.5330500,0.5310300,0.5310900,61351.5597100
2025-06-17 05:18:00,0.5310000,0.5318000,0.5299900,0.5303200,65113.5362400
2025-06-17 05:19:00,0.5303100,0.5308300,0.5294400,0.5298100,56750.6090000
2025-06-17 05:20:00,0.5299200,0.5313800,0.5299200,0.5304800,31509.1479800
2025-06-17 05:21:00,0.5304200,0.5304600,0.5293300,0.5298600,65641.1249600
2025-06-17 05:22:00,0.5297600,0.5308200,0.5297100,0.5303400,24761.7738300
2025-06-17 05:23:00,0.5304400,0.5305800,0.5296000,0.5296000,35648.6337300
2025-06-17 05:24:00,0.5296800,0.5312300,0.5296800,0.5311400,41281.1265400
2025-06-17 05:25:00,0.5310900,0.5320700,0.5308100,0.5313600,45142.8939600
2025-06-17 05:26:00,0.5313400,0.5320000,0.5303700,0.5319200,87091.8781300
2025-06-17 05:27:00,0.5318500,0.5326000,0.5316100,0.5323300,32103.7504900
2025-06-17 05:28:00,0.5322900,0.5327400,0.5318300,0.5325800,21201.4552000
2025-06-17 05:29:00,0.5326700,0.5344800,0.5326600,0.5338300,98664.3864800
2025-06-17 05:30:00,0.5338200,0.5346300,0.5337100,0.5340400,88860.0905000
2025-06-17 05:31:00,0.5339700,0.5345200,0.5334400,0.5337400,88852.9061400
2025-06-17 05:32:00,0.5337400,0.5349800,0.5337400,0.5344600,87101.9692100
2025-06-17 05:33:00,0.5344500,0.5344900,0.5334200,0.5339100,42403.2136400
2025-06-17 05:34:00,0.5339100,0.5342900,0.5333900,0.5338800,77179.2316300
2025-06-17 05:35:00,0.5339800,0.5343900,0.5339100,0.5342700,46503.5014100
2025-06-17 05:36:00,0.5342600,0.5364300,0.5342600,0.5362900,128209.4030900
2025-06-17 05:37:00,0.5363200,0.5376000,0.5363200,0.5370500,131533.2104700
2025-06-17 05:38:00,0.5370500,0.5373400,0.5358900,0.5364500,69772.1234000
2025-06-17 05:39:00,0.5364600,0.5375000,0.5362500,0.5367800,67509.5220100
2025-06-17 05:40:00,0.5366900,0.5387800,0.5363500,0.5385900,463614.1180700
2025-06-17 05:41:00,0.5384900,0.5439800,0.5383800,0.5434200,1360528.2637900
2025-06-17 05:42:00,0.5434100,0.5475000,0.5429500,0.5438900,1060764.9528700
2025-06-17 05:43:00,0.5438900,0.5500000,0.5437600,0.5462200,703190.2363400
2025-06-17 05:44:00,0.5461600,0.5469600,0.5444700,0.5453800,234825.4162800
2025-06-17 05:45:00,0.5454400,0.5455600,0.5418000,0.5418000,299943.9070300
2025-06-17 05:46:00,0.5418400,0.5424400,0.5405400,0.5407700,124216.6777700
2025-06-17 05:47:00,0.5407800,0.5414500,0.5394200,0.5410500,176540.5478300
2025-06-17 05:48:00,0.5410300,0.5423400,0.5397200,0.5411100,132063.7966000
2025-06-17 05:49:00,0.5410100,0.5412000,0.5395000,0.5395400,114249.2380300
2025-06-17 05:50:00,0.5395400,0.5412200,0.5394500,0.5408300,149451.7876200
2025-06-17 05:51:00,0.5408900,0.5432700,0.5408800,0.5428400,147513.0634100
2025-06-17 05:52:00,0.5427600,0.5449100,0.5424500,0.5446700,101200.9818000
2025-06-17 05:53:00,0.5446700,0.5461500,0.5446100,0.5457500,120968.7522400
2025-06-17 05:54:00,0.5457500,0.5467800,0.5441300,0.5443800,215103.5061700
2025-06-17 05:55:00,0.5444700,0.5478700,0.5443900,0.5457000,319800.7283900
2025-06-17 05:56:00,0.5456500,0.5462100,0.5443200,0.5449800,114828.6187100
2025-06-17 05:57:00,0.5449400,0.5452600,0.5436700,0.5439900,187916.7681300
2025-06-17 05:58:00,0.5440100,0.5458200,0.5435400,0.5450400,70568.9443700
2025-06-17 05:59:00,0.5449700,0.5450900,0.5429800,0.5431300,124737.1563900
2025-06-17 06:00:00,0.5431100,0.5448900,0.5420000,0.5444500,140386.5873700
2025-06-17 06:01:00,0.5444500,0.5451500,0.5436000,0.5437500,115851.9514400
2025-06-17 06:02:00,0.5437200,0.5443800,0.5427600,0.5432700,103694.3823300
2025-06-17 06:03:00,0.5431800,0.5435000,0.5422600,0.5424300,69149.7876500
2025-06-17 06:04:00,0.5424500,0.5427700,0.5396000,0.5396900,186191.8340100
2025-06-17 06:05:00,0.5397300,0.5402200,0.5391900,0.5396200,96735.9123800
2025-06-17 06:06:00,0.5396000,0.5426600,0.5393800,0.5421400,82860.8373800
2025-06-17 06:07:00,0.5421500,0.5431100,0.5417300,0.5431100,61983.8184100
2025-06-17 06:08:00,0.5431300,0.5457900,0.5431300,0.5455800,135215.6430900
2025-06-17 06:09:00,0.5454600,0.5455800,0.5435900,0.5453900,109648.0935800
2025-06-17 06:10:00,0.5454300,0.5464900,0.5454200,0.5459600,164598.4982400
2025-06-17 06:11:00,0.5459600,0.5462700,0.5448500,0.5455100,58242.8272800
2025-06-17 06:12:00,0.5454400,0.5469800,0.5454400,0.5460800,119338.5823500
2025-06-17 06:13:00,0.5460600,0.5464300,0.5441100,0.5447500,72493.3975000
2025-06-17 06:14:00,0.5447900,0.5450600,0.5434300,0.5435100,112414.8155800
2025-06-17 06:15:00,0.5434200,0.5447500,0.5432800,0.5434000,42880.7355900
2025-06-17 06:16:00,0.5434300,0.5454300,0.5433000,0.5454000,53916.1839100
2025-06-17 06:17:00,0.5454100,0.5458400,0.5449600,0.5454400,65629.2949700
2025-06-17 06:18:00,0.5454000,0.5455700,0.5437700,0.5437700,80007.6259800
2025-06-17 06:19:00,0.5437800,0.5460500,0.5437600,0.5451100,66049.8552900
2025-06-17 06:20:00,0.5451200,0.5457200,0.5444600,0.5446000,60949.6901300
2025-06-17 06:21:00,0.5447400,0.5473000,0.5446900,0.5471000,123574.1565100
2025-06-17 06:22:00,0.5472200,0.5479600,0.5466800,0.5477900,143766.8745000
2025-06-17 06:23:00,0.5477800,0.5489000,0.5471700,0.5471700,113831.2262100
2025-06-17 06:24:00,0.5471800,0.5472000,0.5458600,0.5459100,90124.4207200
2025-06-17 06:25:00,0.5458800,0.5471600,0.5458800,0.5466800,90563.5719700
2025-06-17 06:26:00,0.5466600,0.5473100,0.5455000,0.5472200,90019.5062800
2025-06-17 06:27:00,0.5472300,0.5472400,0.5459900,0.5460000,33392.8972600
2025-06-17 06:28:00,0.5460200,0.5494400,0.5460200,0.5486100,204687.8799500
2025-06-17 06:29:00,0.5485400,0.5485400,0.5472400,0.5478300,69162.7126600
2025-06-17 06:30:00,0.5477400,0.5484200,0.5476400,0.5479600,74917.0816700
2025-06-17 06:31:00,0.5479600,0.5487000,0.5478600,0.5486300,95397.0763300
2025-06-17 06:32:00,0.5485300,0.5493600,0.5481800,0.5488200,128270.2088300
2025-06-17 06:33:00,0.5487800,0.5489100,0.5477900,0.5487700,73487.4917500
2025-06-17 06:34:00,0.5488000,0.5500000,0.5479400,0.5493600,185327.7685500
2025-06-17 06:35:00,0.5493400,0.5512100,0.5487600,0.5495600,472826.1809700
2025-06-17 06:36:00,0.5495900,0.5503400,0.5489200,0.5501100,324107.6711900
2025-06-17 06:37:00,0.5499600,0.5505600,0.5485200,0.5494300,250277.7568900
2025-06-17 06:38:00,0.5494500,0.5507500,0.5494400,0.5502000,203959.3720800
2025-06-17 06:39:00,0.5500600,0.5503200,0.5488500,0.5488900,193706.9201600
2025-06-17 06:40:00,0.5489700,0.5504200,0.5489200,0.5495600,231246.8132400
2025-06-17 06:41:00,0.5496100,0.5504000,0.5493800,0.5499000,112378.4343200
2025-06-17 06:42:00,0.5499000,0.5509900,0.5491100,0.5503000,394508.4933600
2025-06-17 06:43:00,0.5503600,0.5512800,0.5481800,0.5484900,365932.1185800
2025-06-17 06:44:00,0.5484000,0.5484600,0.5470800,0.5475200,109479.0731900
2025-06-17 06:45:00,0.5474800,0.5488800,0.5474700,0.5482800,53034.3476900
2025-06-17 06:46:00,0.5482900,0.5508300,0.5482900,0.5500900,176053.7180700
2025-06-17 06:47:00,0.5501800,0.5503100,0.5495400,0.5498600,71657.2601700
2025-06-17 06:48:00,0.5498200,0.5506600,0.5491700,0.5492300,229548.4704600
2025-06-17 06:49:00,0.5492000,0.5494500,0.5485300,0.5491300,42494.2088400
2025-06-17 06:50:00,0.5491000,0.5509200,0.5488000,0.5501800,110235.9930500
2025-06-17 06:51:00,0.5500800,0.5503900,0.5498300,0.5499800,70144.1437400
2025-06-17 06:52:00,0.5499700,0.5504400,0.5497400,0.5501400,111854.9772700
2025-06-17 06:53:00,0.5501200,0.5503700,0.5498900,0.5499500,41721.1778500
2025-06-17 06:54:00,0.5499800,0.5499800,0.5481500,0.5489200,205977.8146200
2025-06-17 06:55:00,0.5488100,0.5492800,0.5482000,0.5490600,51053.6082000
2025-06-17 06:56:00,0.5490000,0.5497100,0.5483900,0.5485800,50578.3441400
2025-06-17 06:57:00,0.5487000,0.5494100,0.5484600,0.5485300,30117.5704300
2025-06-17 06:58:00,0.5485700,0.5494700,0.5485700,0.5493400,40779.3175600
2025-06-17 06:59:00,0.5493200,0.5502700,0.5493200,0.5498400,95283.1801900
2025-06-17 07:00:00,0.5498700,0.5501200,0.5492200,0.5492200,45222.7484700
2025-06-17 07:01:00,0.5492700,0.5500900,0.5485800,0.5495200,91654.0203500
2025-06-17 07:02:00,0.5495200,0.5509000,0.5495200,0.5509000,94207.3354800
2025-06-17 07:03:00,0.5509000,0.5517000,0.5498700,0.5500000,209105.8753400
2025-06-17 07:04:00,0.5500800,0.5511900,0.5498800,0.5508400,63685.7322600
2025-06-17 07:05:00,0.5508400,0.5508400,0.5495700,0.5496800,82341.2608400
2025-06-17 07:06:00,0.5496300,0.5505800,0.5496000,0.5505800,63100.2514600
2025-06-17 07:07:00,0.5505800,0.5534100,0.5504000,0.5517700,293554.1755500
2025-06-17 07:08:00,0.5517700,0.5527400,0.5517700,0.5526400,95359.0445400
2025-06-17 07:09:00,0.5526400,0.5531600,0.5510700,0.5515200,205862.0917600
2025-06-17 07:10:00,0.5514900,0.5526900,0.5511600,0.5517500,79552.4595300
2025-06-17 07:11:00,0.5517500,0.5524200,0.5514900,0.5523800,91465.2011200
2025-06-17 07:12:00,0.5523800,0.5526200,0.5501200,0.5507000,128451.2018000
2025-06-17 07:13:00,0.5507200,0.5521800,0.5506500,0.5519500,80566.5209800
2025-06-17 07:14:00,0.5520100,0.5521400,0.5510500,0.5516800,69175.0782200
2025-06-17 07:15:00,0.5516800,0.5527900,0.5512800,0.5522200,98449.4003800
2025-06-17 07:16:00,0.5522700,0.5528800,0.5514200,0.5525600,99553.8129600
2025-06-17 07:17:00,0.5526000,0.5546400,0.5520900,0.5521000,324987.1363000
2025-06-17 07:18:00,0.5521300,0.5539100,0.5520500,0.5533000,172297.3958000
2025-06-17 07:19:00,0.5532800,0.5539300,0.5526500,0.5532000,131547.0149400
2025-06-17 07:20:00,0.5532000,0.5535500,0.5501600,0.5507000,299028.3087800
2025-06-17 07:21:00,0.5507100,0.5507100,0.5476300,0.5485100,471308.2743600
2025-06-17 07:22:00,0.5485200,0.5494500,0.5485200,0.5489400,87456.2483000
2025-06-17 07:23:00,0.5489900,0.5490900,0.5477900,0.5484200,140666.2836400
2025-06-17 07:24:00,0.5484300,0.5492300,0.5482300,0.5492300,97029.0428500
2025-06-17 07:25:00,0.5492500,0.5501000,0.5483200,0.5495000,215138.3959200
2025-06-17 07:26:00,0.5494900,0.5499500,0.5480800,0.5498000,87630.1487200
2025-06-17 07:27:00,0.5497500,0.5498600,0.5484800,0.5484800,44648.1571500
2025-06-17 07:28:00,0.5485000,0.5496700,0.5485000,0.5490100,48584.2213100
2025-06-17 07:29:00,0.5491200,0.5492300,0.5482100,0.5487400,104342.2041600
2025-06-17 07:30:00,0.5487300,0.5487300,0.5472400,0.5483000,135404.1736000
2025-06-17 07:31:00,0.5483500,0.5489300,0.5477700,0.5487400,78472.2637400
2025-06-17 07:32:00,0.5486500,0.5486500,0.5472700,0.5477600,82487.3491600
2025-06-17 07:33:00,0.5477800,0.5479700,0.5463400,0.5466000,166580.7962100
2025-06-17 07:34:00,0.5466400,0.5473100,0.5455500,0.5472100,194405.5191200
2025-06-17 07:35:00,0.5472300,0.5476800,0.5468100,0.5473900,94867.2812500
2025-06-17 07:36:00,0.5474500,0.5481800,0.5470100,0.5481800,80943.6743100
2025-06-17 07:37:00,0.5480800,0.5484600,0.5467700,0.5471600,79224.4363800
2025-06-17 07:38:00,0.5472500,0.5475000,0.5456500,0.5465100,112453.9801100
2025-06-17 07:39:00,0.5465400,0.5473000,0.5460000,0.5472300,47388.3091000
2025-06-17 07:40:00,0.5472300,0.5474900,0.5455000,0.5458700,94149.7307300
2025-06-17 07:41:00,0.5457500,0.5474900,0.5454800,0.5474900,61643.8567600
2025-06-17 07:42:00,0.5474900,0.5486700,0.5473900,0.5481000,115942.7928900
2025-06-17 07:43:00,0.5481200,0.5484300,0.5474400,0.5479900,45196.1109600
2025-06-17 07:44:00,0.5480200,0.5480800,0.5471500,0.5478800,45215.9016200
2025-06-17 07:45:00,0.5478100,0.5483100,0.5470800,0.5471800,44236.7497100
2025-06-17 07:46:00,0.5471100,0.5473600,0.5458500,0.5462100,75424.7567100
2025-06-17 07:47:00,0.5462400,0.5465300,0.5459200,0.5463600,60361.5358100
2025-06-17 07:48:00,0.5463600,0.5464400,0.5443100,0.5444600,170248.6724300
2025-06-17 07:49:00,0.5444600,0.5449100,0.5436300,0.5442600,176935.1466300
2025-06-17 07:50:00,0.5442700,0.5459800,0.5442700,0.5455200,93457.0545600
2025-06-17 07:51:00,0.5455200,0.5455900,0.5444000,0.5446600,74547.2354500
2025-06-17 07:52:00,0.5447200,0.5456800,0.5447200,0.5455600,72248.1603700
2025-06-17 07:53:00,0.5456500,0.5466800,0.5452900,0.5453700,144198.6434700
2025-06-17 07:54:00,0.5455000,0.5458400,0.5451900,0.5453800,53391.4672600
2025-06-17 07:55:00,0.5453700,0.5453900,0.5444200,0.5447700,78755.1538300
2025-06-17 07:56:00,0.5449100,0.5458300,0.5444600,0.5449300,45118.1476500
2025-06-17 07:57:00,0.5449300,0.5453400,0.5440400,0.5453400,60700.3563400
2025-06-17 07:58:00,0.5453400,0.5455000,0.5444900,0.5447900,50638.0887300
2025-06-17 07:59:00,0.5446400,0.5450500,0.5444300,0.5445300,59551.1155500
2025-06-17 08:00:00,0.5446300,0.5448800,0.5440200,0.5442000,61969.3774300
2025-06-17 08:01:00,0.5442100,0.5449000,0.5441800,0.5447900,85811.8221400
2025-06-17 08:02:00,0.5448300,0.5453800,0.5446100,0.5452600,83108.1930400
2025-06-17 08:03:00,0.5452800,0.5466200,0.5452100,0.5459400,69803.6840000
2025-06-17 08:04:00,0.5459100,0.5470000,0.5453800,0.5469900,99122.0980000
2025-06-17 08:05:00,0.5469800,0.5500000,0.5467300,0.5493300,241633.4077600
2025-06-17 08:06:00,0.5492400,0.5496500,0.5485900,0.5489200,98068.2502500
2025-06-17 08:07:00,0.5490000,0.5512000,0.5490000,0.5499000,211396.7822300
2025-06-17 08:08:00,0.5499100,0.5505700,0.5496700,0.5500800,69345.6105200
2025-06-17 08:09:00,0.5500700,0.5502200,0.5475900,0.5475900,99755.4480100
2025-06-17 08:10:00,0.5476300,0.5484700,0.5475100,0.5484700,50049.1305500
2025-06-17 08:11:00,0.5484600,0.5491100,0.5478500,0.5491000,128008.3468600
2025-06-17 08:12:00,0.5490500,0.5490500,0.5476100,0.5482700,92250.5062800
2025-06-17 08:13:00,0.5482600,0.5494400,0.5482600,0.5489200,45968.4600700
2025-06-17 08:14:00,0.5489400,0.5489400,0.5468500,0.5471300,45295.6641300
2025-06-17 08:15:00,0.5471800,0.5478700,0.5466600,0.5472900,44926.6526300
2025-06-17 08:16:00,0.5472600,0.5472700,0.5454000,0.5461700,72578.8445000
2025-06-17 08:17:00,0.5461700,0.5471400,0.5456300,0.5471300,43802.5233400
2025-06-17 08:18:00,0.5471300,0.5471300,0.5458000,0.5467800,45832.8128900
2025-06-17 08:19:00,0.5467000,0.5469700,0.5460100,0.5464300,51678.7862200
2025-06-17 08:20:00,0.5464300,0.5466900,0.5454500,0.5458000,41567.6772700
2025-06-17 08:21:00,0.5458100,0.5466400,0.5454600,0.5457600,70670.5142600
2025-06-17 08:22:00,0.5458400,0.5465400,0.5456700,0.5463200,29402.8759700
2025-06-17 08:23:00,0.5463200,0.5463200,0.5444000,0.5447600,157767.8397700
2025-06-17 08:24:00,0.5449300,0.5457200,0.5448200,0.5456200,71589.1526000
2025-06-17 08:25:00,0.5455100,0.5462900,0.5449400,0.5458800,106355.1572000
2025-06-17 08:26:00,0.5458900,0.5465600,0.5457300,0.5464400,77906.6564400
2025-06-17 08:27:00,0.5464600,0.5466500,0.5457500,0.5460500,51515.4338400
2025-06-17 08:28:00,0.5460600,0.5463400,0.5457500,0.5459700,32878.4958900
2025-06-17 08:29:00,0.5459800,0.5465300,0.5454500,0.5464000,52077.1783200
2025-06-17 08:30:00,0.5463900,0.5475600,0.5462900,0.5475600,43675.5717500
2025-06-17 08:31:00,0.5475700,0.5484500,0.5469700,0.5474200,81376.9147800
2025-06-17 08:32:00,0.5473600,0.5477900,0.5468300,0.5475700,81877.7557500
2025-06-17 08:33:00,0.5475100,0.5478200,0.5461600,0.5461600,68988.7122200
2025-06-17 08:34:00,0.5462200,0.5462500,0.5445000,0.5446200,75635.7355500
2025-06-17 08:35:00,0.5446900,0.5463300,0.5445000,0.5460200,76326.6156100
2025-06-17 08:36:00,0.5460000,0.5467000,0.5449000,0.5456500,51923.0168300
2025-06-17 08:37:00,0.5456700,0.5458800,0.5443900,0.5452400,86590.9922600
2025-06-17 08:38:00,0.5453200,0.5453700,0.5445600,0.5447800,35527.3836100
2025-06-17 08:39:00,0.5446600,0.5456300,0.5446600,0.5451500,59635.8696700
2025-06-17 08:40:00,0.5451500,0.5459300,0.5446000,0.5454100,47535.5119200
2025-06-17 08:41:00,0.5453700,0.5455400,0.5449500,0.5455400,17534.0633100
2025-06-17 08:42:00,0.5455400,0.5455900,0.5446100,0.5446100,52491.6048200
2025-06-17 08:43:00,0.5446100,0.5455400,0.5444600,0.5449500,47198.5732300
2025-06-17 08:44:00,0.5449000,0.5453800,0.5447200,0.5450600,28750.8330100
2025-06-17 08:45:00,0.5450900,0.5454800,0.5448200,0.5449400,20522.8328200
2025-06-17 08:46:00,0.5449300,0.5450600,0.5443800,0.5449700,78108.4456400
2025-06-17 08:47:00,0.5449800,0.5464200,0.5449600,0.5463600,38830.3012900
2025-06-17 08:48:00,0.5463900,0.5463900,0.5457000,0.5461600,32095.3841100
2025-06-17 08:49:00,0.5461700,0.5461700,0.5446800,0.5452300,42301.9977200
2025-06-17 08:50:00,0.5453200,0.5460400,0.5450000,0.5460400,22002.8545200
2025-06-17 08:51:00,0.5460400,0.5469400,0.5457800,0.5457900,43362.2048600
2025-06-17 08:52:00,0.5457700,0.5457700,0.5446900,0.5451800,33364.6607400
2025-06-17 08:53:00,0.5451900,0.5457000,0.5442500,0.5444200,44072.8141600
2025-06-17 08:54:00,0.5444400,0.5458100,0.5444400,0.5450100,54193.8333000
2025-06-17 08:55:00,0.5450500,0.5453700,0.5446100,0.5448500,38422.8979600
2025-06-17 08:56:00,0.5448500,0.5460000,0.5447600,0.5458200,19968.2514000
2025-06-17 08:57:00,0.5457600,0.5459900,0.5454300,0.5454900,28868.4971700
2025-06-17 08:58:00,0.5455300,0.5457200,0.5448200,0.5456400,42383.5418900
2025-06-17 08:59:00,0.5456000,0.5476900,0.5455700,0.5470700,69339.9703900
2025-06-17 09:00:00,0.5470500,0.5476300,0.5461000,0.5465800,69001.6186300
2025-06-17 09:01:00,0.5465800,0.5479500,0.5458500,0.5476400,112142.4512100
2025-06-17 09:02:00,0.5475000,0.5480900,0.5470100,0.5471700,75998.1728100
2025-06-17 09:03:00,0.5471900,0.5471900,0.5461100,0.5467400,58475.4719000
2025-06-17 09:04:00,0.5467400,0.5467800,0.5451100,0.5455800,81303.8501500
2025-06-17 09:05:00,0.5455200,0.5455200,0.5445600,0.5447300,45313.0961900
2025-06-17 09:06:00,0.5447400,0.5449500,0.5441800,0.5448000,59360.5393500
2025-06-17 09:07:00,0.5446500,0.5448500,0.5439200,0.5447100,74911.9779600
2025-06-17 09:08:00,0.5447100,0.5461300,0.5447100,0.5453100,70387.9315200
2025-06-17 09:09:00,0.5453200,0.5469200,0.5453200,0.5465300,44495.7978900
2025-06-17 09:10:00,0.5465600,0.5471900,0.5462000,0.5464000,75342.6958100
2025-06-17 09:11:00,0.5463900,0.5464300,0.5448200,0.5450100,29255.2598900
2025-06-17 09:12:00,0.5450100,0.5467900,0.5450100,0.5462700,59844.1229100
2025-06-17 09:13:00,0.5462500,0.5469900,0.5458400,0.5460200,22134.2092000
2025-06-17 09:14:00,0.5460200,0.5466400,0.5456600,0.5465700,62469.2255100
2025-06-17 09:15:00,0.5464000,0.5464000,0.5445200,0.5451800,97837.1541900
2025-06-17 09:16:00,0.5452300,0.5463200,0.5451600,0.5459600,43593.1336000
2025-06-17 09:17:00,0.5459500,0.5463700,0.5445100,0.5450600,60174.5463800
2025-06-17 09:18:00,0.5449900,0.5451400,0.5443100,0.5444600,41434.9073500
2025-06-17 09:19:00,0.5444600,0.5450500,0.5442700,0.5445000,78875.4564700
2025-06-17 09:20:00,0.5444900,0.5452700,0.5444300,0.5446700,33279.8740300
2025-06-17 09:21:00,0.5447000,0.5447200,0.5440500,0.5440500,36486.7777200
2025-06-17 09:22:00,0.5441400,0.5447600,0.5438700,0.5442800,122362.4801400
2025-06-17 09:23:00,0.5442100,0.5442200,0.5421600,0.5426200,306748.4144200
2025-06-17 09:24:00,0.5424900,0.5434500,0.5420200,0.5434200,211579.0388100
2025-06-17 09:25:00,0.5433900,0.5439900,0.5432800,0.5432800,29932.8829200
2025-06-17 09:26:00,0.5434500,0.5447800,0.5434300,0.5447600,144534.2215300
2025-06-17 09:27:00,0.5447800,0.5452500,0.5447300,0.5447400,48452.8162900
2025-06-17 09:28:00,0.5447600,0.5454500,0.5447500,0.5448600,63756.7155400
2025-06-17 09:29:00,0.5449900,0.5453900,0.5447100,0.5451900,42972.6330000
2025-06-17 09:30:00,0.5452000,0.5457300,0.5450600,0.5454900,48621.2048200
2025-06-17 09:31:00,0.5454500,0.5454500,0.5443000,0.5446400,88061.0401900
2025-06-17 09:32:00,0.5445700,0.5466600,0.5445400,0.5461400,118307.4075400
2025-06-17 09:33:00,0.5462200,0.5462900,0.5451600,0.5453600,107641.7915900
2025-06-17 09:34:00,0.5453500,0.5466900,0.5449000,0.5466600,64992.7843200
2025-06-17 09:35:00,0.5465900,0.5468400,0.5452800,0.5457000,100298.2642300
2025-06-17 09:36:00,0.5456100,0.5457500,0.5445100,0.5449000,72048.1721100
2025-06-17 09:37:00,0.5449000,0.5456600,0.5447700,0.5453900,43436.6990600
2025-06-17 09:38:00,0.5452700,0.5456300,0.5440600,0.5445100,68987.5104800
2025-06-17 09:39:00,0.5443900,0.5449000,0.5431600,0.5431600,111232.7756300
2025-06-17 09:40:00,0.5432400,0.5441500,0.5432400,0.5441200,35297.0200800
2025-06-17 09:41:00,0.5440700,0.5450900,0.5436000,0.5449000,61547.5664600
2025-06-17 09:42:00,0.5449100,0.5450700,0.5442700,0.5447700,53523.3477600
2025-06-17 09:43:00,0.5447700,0.5457300,0.5447700,0.5451800,51263.1993200
2025-06-17 09:44:00,0.5451200,0.5460900,0.5447500,0.5451400,53128.4138900
2025-06-17 09:45:00,0.5451000,0.5452800,0.5443200,0.5452400,54786.8465300
2025-06-17 09:46:00,0.5452400,0.5452400,0.5448300,0.5449100,21560.2649600
2025-06-17 09:47:00,0.5449800,0.5457400,0.5440600,0.5454200,88049.3596700
2025-06-17 09:48:00,0.5454300,0.5469900,0.5454300,0.5464800,105179.3117900
2025-06-17 09:49:00,0.5464800,0.5467600,0.5458500,0.5460800,32087.6897000
2025-06-17 09:50:00,0.5460000,0.5460000,0.5448500,0.5448500,33379.9688000
2025-06-17 09:51:00,0.5449500,0.5459100,0.5447100,0.5458200,38274.1754600
2025-06-17 09:52:00,0.5456600,0.5458900,0.5449800,0.5455100,29892.7257900
2025-06-17 09:53:00,0.5456000,0.5459900,0.5451600,0.5458000,54735.0564200
2025-06-17 09:54:00,0.5458500,0.5461500,0.5449100,0.5451900,30126.3516600
2025-06-17 09:55:00,0.5451100,0.5455900,0.5448600,0.5455900,38324.7194600
2025-06-17 09:56:00,0.5456000,0.5457300,0.5448900,0.5449600,34564.7583500
2025-06-17 09:57:00,0.5449700,0.5455900,0.5443100,0.5446500,92524.8320400
2025-06-17 09:58:00,0.5446600,0.5453600,0.5445500,0.5453100,147444.6365700
2025-06-17 09:59:00,0.5453300,0.5476000,0.5453300,0.5476000,123298.4390700
2025-06-17 10:00:00,0.5474500,0.5481600,0.5460800,0.5476800,182237.1203700
2025-06-17 10:01:00,0.5477400,0.5492900,0.5473400,0.5486400,185623.9028600
2025-06-17 10:02:00,0.5486500,0.5486500,0.5462800,0.5466700,76765.7359300
2025-06-17 10:03:00,0.5467000,0.5472600,0.5467000,0.5471100,42208.4601500
2025-06-17 10:04:00,0.5471200,0.5474400,0.5460800,0.5462400,71764.4784500
2025-06-17 10:05:00,0.5462200,0.5462200,0.5444500,0.5454100,62183.4702000
2025-06-17 10:06:00,0.5453000,0.5471000,0.5452200,0.5466200,59291.8655100
2025-06-17 10:07:00,0.5467900,0.5469400,0.5460900,0.5460900,40378.0825200
2025-06-17 10:08:00,0.5461700,0.5464900,0.5449600,0.5456600,71956.3729600
2025-06-17 10:09:00,0.5455800,0.5465400,0.5452800,0.5463300,36888.1610700
2025-06-17 10:10:00,0.5463200,0.5467200,0.5460000,0.5463800,48147.6417000
2025-06-17 10:11:00,0.5463700,0.5466900,0.5458800,0.5462700,23440.0474700
2025-06-17 10:12:00,0.5462700,0.5462700,0.5456900,0.5459900,21122.0500900
2025-06-17 10:13:00,0.5460100,0.5466600,0.5454000,0.5455400,52605.6582400
2025-06-17 10:14:00,0.5455500,0.5462400,0.5455100,0.5457700,27709.9842700
2025-06-17 10:15:00,0.5456500,0.5461700,0.5450200,0.5452900,25525.6599300
2025-06-17 10:16:00,0.5452300,0.5463700,0.5445600,0.5447700,99741.3954200
2025-06-17 10:17:00,0.5447500,0.5448800,0.5443600,0.5447100,38191.7564200
2025-06-17 10:18:00,0.5447800,0.5453700,0.5446000,0.5448400,59984.1548000
2025-06-17 10:19:00,0.5448900,0.5459800,0.5448900,0.5459000,44121.1501700
2025-06-17 10:20:00,0.5460000,0.5464300,0.5447900,0.5449800,32963.3216100
2025-06-17 10:21:00,0.5448600,0.5457100,0.5446200,0.5456500,32585.1437100
2025-06-17 10:22:00,0.5456000,0.5457400,0.5448100,0.5448400,40374.5617900
2025-06-17 10:23:00,0.5448000,0.5451700,0.5441100,0.5451000,52821.0276700
2025-06-17 10:24:00,0.5450900,0.5454400,0.5447400,0.5448800,49445.9378400
2025-06-17 10:25:00,0.5448700,0.5455500,0.5448700,0.5450500,22508.3496900
2025-06-17 10:26:00,0.5450500,0.5450500,0.5445000,0.5447200,32828.1539600
2025-06-17 10:27:00,0.5447500,0.5459800,0.5447500,0.5453000,56334.6595400
2025-06-17 10:28:00,0.5453200,0.5460000,0.5451400,0.5458400,54090.2883700
2025-06-17 10:29:00,0.5458300,0.5458900,0.5450600,0.5451100,13968.1228300
2025-06-17 10:30:00,0.5451000,0.5451700,0.5447800,0.5451400,26266.1205700
2025-06-17 10:31:00,0.5451400,0.5462000,0.5448100,0.5462000,77006.6987600
2025-06-17 10:32:00,0.5462100,0.5471600,0.5459800,0.5465600,67861.3192100
2025-06-17 10:33:00,0.5465700,0.5467200,0.5457700,0.5460400,47967.7530200
2025-06-17 10:34:00,0.5461300,0.5461300,0.5452400,0.5453800,33713.8564200
2025-06-17 10:35:00,0.5453500,0.5475000,0.5452100,0.5475000,110203.7512000
2025-06-17 10:36:00,0.5475200,0.5477900,0.5465600,0.5467100,29727.1541100
2025-06-17 10:37:00,0.5467100,0.5476200,0.5467100,0.5470000,40234.5167100
2025-06-17 10:38:00,0.5469100,0.5469100,0.5460900,0.5464000,38745.2563500
2025-06-17 10:39:00,0.5465500,0.5472700,0.5461200,0.5466800,68109.8137700
2025-06-17 10:40:00,0.5466700,0.5467700,0.5449500,0.5450300,70175.9320100
2025-06-17 10:41:00,0.5449600,0.5451000,0.5445400,0.5447600,55866.6941100
2025-06-17 10:42:00,0.5447600,0.5455200,0.5446600,0.5452100,22926.4921200
2025-06-17 10:43:00,0.5451600,0.5458200,0.5450700,0.5453300,28413.0926200
2025-06-17 10:44:00,0.5453300,0.5460200,0.5451400,0.5451400,34853.4786000
2025-06-17 10:45:00,0.5451400,0.5456000,0.5446200,0.5446200,70122.8662500
2025-06-17 10:46:00,0.5446400,0.5455300,0.5444200,0.5447600,54436.8890700
2025-06-17 10:47:00,0.5446800,0.5450000,0.5442500,0.5445500,68339.6716500
2025-06-17 10:48:00,0.5445500,0.5452800,0.5443200,0.5443300,61920.8308000
2025-06-17 10:49:00,0.5443200,0.5452500,0.5443100,0.5452500,30900.7268100
2025-06-17 10:50:00,0.5452500,0.5454300,0.5443500,0.5445400,35831.2608800
2025-06-17 10:51:00,0.5446400,0.5451000,0.5442800,0.5445500,26258.8234400
2025-06-17 10:52:00,0.5445200,0.5451300,0.5444500,0.5446100,15609.4392000
2025-06-17 10:53:00,0.5446900,0.5448200,0.5443300,0.5445000,33023.0216100
2025-06-17 10:54:00,0.5445200,0.5449000,0.5442300,0.5446100,42301.2491100
2025-06-17 10:55:00,0.5446100,0.5451000,0.5444500,0.5449300,30617.6040200
2025-06-17 10:56:00,0.5449600,0.5449600,0.5444100,0.5447900,31224.4724400
2025-06-17 10:57:00,0.5447300,0.5449100,0.5442400,0.5449100,61338.2617600
2025-06-17 10:58:00,0.5449100,0.5450400,0.5445300,0.5448000,52293.5440000
2025-06-17 10:59:00,0.5446800,0.5452400,0.5446200,0.5446900,55654.9915600
2025-06-17 11:00:00,0.5446800,0.5451300,0.5446300,0.5451300,29973.9961900
2025-06-17 11:01:00,0.5451200,0.5451200,0.5446200,0.5447400,50056.4558200
2025-06-17 11:02:00,0.5447900,0.5447900,0.5444500,0.5445800,41442.2240700
2025-06-17 11:03:00,0.5445700,0.5446800,0.5437800,0.5439300,78222.8428500
2025-06-17 11:04:00,0.5439300,0.5439300,0.5433800,0.5434300,45857.2792000
2025-06-17 11:05:00,0.5434200,0.5434400,0.5430400,0.5432600,66104.3214700
2025-06-17 11:06:00,0.5432600,0.5432900,0.5428500,0.5429300,163146.6774600
2025-06-17 11:07:00,0.5429800,0.5430500,0.5417400,0.5430000,215399.9690000
2025-06-17 11:08:00,0.5430000,0.5431800,0.5426200,0.5429700,95439.9774500
2025-06-17 11:09:00,0.5429800,0.5429900,0.5414300,0.5421000,163191.4013000
2025-06-17 11:10:00,0.5420800,0.5424200,0.5415500,0.5418900,199122.2995200
2025-06-17 11:11:00,0.5417700,0.5421600,0.5414900,0.5420900,140562.8228800
2025-06-17 11:12:00,0.5421200,0.5428800,0.5413400,0.5416000,123396.3238300
2025-06-17 11:13:00,0.5416100,0.5421900,0.5391100,0.5396300,260087.1685400
2025-06-17 11:14:00,0.5396400,0.5403600,0.5393100,0.5402400,117427.5178100
2025-06-17 11:15:00,0.5401900,0.5409000,0.5395800,0.5399300,188451.5415600
2025-06-17 11:16:00,0.5398900,0.5407100,0.5397000,0.5405200,32632.6529600
2025-06-17 11:17:00,0.5404600,0.5405700,0.5397200,0.5399800,75838.0513600
2025-06-17 11:18:00,0.5399800,0.5402900,0.5394200,0.5399300,80357.9316200
2025-06-17 11:19:00,0.5400000,0.5404600,0.5396400,0.5396400,65481.0571900
2025-06-17 11:20:00,0.5396200,0.5403000,0.5394000,0.5396900,80971.0991200
2025-06-17 11:21:00,0.5397000,0.5403800,0.5397000,0.5399500,37609.1877300
2025-06-17 11:22:00,0.5399400,0.5405000,0.5394900,0.5399900,43851.1874200
2025-06-17 11:23:00,0.5400500,0.5403500,0.5393500,0.5402300,44801.5228700
2025-06-17 11:24:00,0.5401600,0.5402900,0.5391600,0.5398200,130351.1393900
2025-06-17 11:25:00,0.5398100,0.5413900,0.5395400,0.5413900,63483.9931800
2025-06-17 11:26:00,0.5412900,0.5426400,0.5406400,0.5422800,84620.5197000
2025-06-17 11:27:00,0.5423200,0.5432800,0.5423200,0.5428000,104648.0307900
2025-06-17 11:28:00,0.5428100,0.5440300,0.5428100,0.5439000,70681.9994900
2025-06-17 11:29:00,0.5439200,0.5439400,0.5433400,0.5436400,77021.2825000
2025-06-17 11:30:00,0.5436100,0.5436300,0.5424600,0.5429900,132744.8943900
2025-06-17 11:31:00,0.5427700,0.5429300,0.5425400,0.5427200,44102.3392800
2025-06-17 11:32:00,0.5427900,0.5443800,0.5425300,0.5443800,143490.0430300
2025-06-17 11:33:00,0.5443200,0.5443800,0.5438700,0.5441500,82711.7544300
2025-06-17 11:34:00,0.5442500,0.5442500,0.5429000,0.5430000,85392.1832900
2025-06-17 11:35:00,0.5430300,0.5434100,0.5427200,0.5433300,71485.1866100
2025-06-17 11:36:00,0.5432800,0.5439700,0.5418400,0.5418400,151312.6826000
2025-06-17 11:37:00,0.5418500,0.5428000,0.5413100,0.5417600,96025.7854000
2025-06-17 11:38:00,0.5417900,0.5419700,0.5410800,0.5413500,79427.2606600
2025-06-17 11:39:00,0.5413700,0.5414600,0.5408900,0.5412900,51693.0574500
2025-06-17 11:40:00,0.5412700,0.5422200,0.5408000,0.5413800,113693.6981600
2025-06-17 11:41:00,0.5413800,0.5420300,0.5411400,0.5415400,51036.1114900
2025-06-17 11:42:00,0.5414300,0.5424300,0.5414000,0.5417800,115994.7267500
2025-06-17 11:43:00,0.5417400,0.5417400,0.5402000,0.5402000,52772.9854300
2025-06-17 11:44:00,0.5402100,0.5416000,0.5396900,0.5415700,152588.6322600
2025-06-17 11:45:00,0.5415700,0.5416200,0.5411500,0.5416200,57721.2284900
2025-06-17 11:46:00,0.5416300,0.5429000,0.5414500,0.5417100,92736.2672800
2025-06-17 11:47:00,0.5417300,0.5417300,0.5392800,0.5396500,153513.0630800
2025-06-17 11:48:00,0.5396500,0.5397600,0.5390100,0.5391900,103351.0963400
2025-06-17 11:49:00,0.5391900,0.5394600,0.5371400,0.5376600,320492.4307700
2025-06-17 11:50:00,0.5376400,0.5386000,0.5364100,0.5368800,262878.0830200
2025-06-17 11:51:00,0.5368800,0.5371500,0.5360000,0.5364700,179140.8107400
2025-06-17 11:52:00,0.5365000,0.5368600,0.5353400,0.5357300,171427.9271300
2025-06-17 11:53:00,0.5355800,0.5362200,0.5346600,0.5355900,162510.2165100
2025-06-17 11:54:00,0.5355800,0.5376700,0.5352000,0.5361200,232723.3932800
2025-06-17 11:55:00,0.5361700,0.5366600,0.5356300,0.5357300,90065.3469200
2025-06-17 11:56:00,0.5357100,0.5362500,0.5353000,0.5359000,95216.3225700
2025-06-17 11:57:00,0.5359400,0.5362900,0.5357400,0.5359700,72418.9307300
2025-06-17 11:58:00,0.5359500,0.5370900,0.5357800,0.5360000,128216.5163600
2025-06-17 11:59:00,0.5359700,0.5364600,0.5356800,0.5361700,95254.3852700
2025-06-17 12:00:00,0.5361700,0.5375800,0.5360100,0.5367400,99247.2204000
2025-06-17 12:01:00,0.5367100,0.5372900,0.5357800,0.5364900,78593.6635100
2025-06-17 12:02:00,0.5364400,0.5366800,0.5357200,0.5359800,71528.5695000
2025-06-17 12:03:00,0.5360000,0.5368900,0.5357200,0.5364800,154929.4574400
2025-06-17 12:04:00,0.5364400,0.5393700,0.5361800,0.5392800,234925.3097300
2025-06-17 12:05:00,0.5392800,0.5400500,0.5384300,0.5388700,225949.4780400
2025-06-17 12:06:00,0.5388400,0.5399900,0.5382400,0.5392700,123138.3148900
2025-06-17 12:07:00,0.5393900,0.5408200,0.5393800,0.5405500,108551.2559000
2025-06-17 12:08:00,0.5404900,0.5404900,0.5389900,0.5389900,85918.7474300
2025-06-17 12:09:00,0.5389900,0.5395700,0.5388100,0.5388100,60858.5677200
2025-06-17 12:10:00,0.5388300,0.5394300,0.5386100,0.5389000,50743.0728200
2025-06-17 12:11:00,0.5389200,0.5396800,0.5383800,0.5383800,80767.6251300
2025-06-17 12:12:00,0.5384300,0.5394900,0.5381700,0.5387000,157667.9859600
2025-06-17 12:13:00,0.5386500,0.5402700,0.5377800,0.5388400,104713.2021800
2025-06-17 12:14:00,0.5388500,0.5389000,0.5384000,0.5387900,59774.8410000
2025-06-17 12:15:00,0.5387500,0.5396600,0.5385000,0.5385200,65751.4912200
2025-06-17 12:16:00,0.5385200,0.5385300,0.5376000,0.5380000,52711.9171900
2025-06-17 12:17:00,0.5380500,0.5387100,0.5379700,0.5387100,26350.0077800
2025-06-17 12:18:00,0.5386800,0.5393700,0.5385200,0.5387300,35865.3569800
2025-06-17 12:19:00,0.5386700,0.5393200,0.5385600,0.5391700,32749.7938600
2025-06-17 12:20:00,0.5391300,0.5391300,0.5384700,0.5387500,43338.0536300
2025-06-17 12:21:00,0.5386800,0.5400000,0.5384000,0.5398500,66881.1754000
2025-06-17 12:22:00,0.5398200,0.5413100,0.5397600,0.5410800,144070.7533400
2025-06-17 12:23:00,0.5410600,0.5423500,0.5408900,0.5417900,114808.2545200
2025-06-17 12:24:00,0.5418000,0.5427000,0.5412400,0.5412700,98804.0575300
2025-06-17 12:25:00,0.5412600,0.5412600,0.5396300,0.5396400,81234.3825800
2025-06-17 12:26:00,0.5397100,0.5410800,0.5393400,0.5409500,58171.8153100
2025-06-17 12:27:00,0.5408900,0.5408900,0.5403900,0.5405500,40726.4599800
2025-06-17 12:28:00,0.5405400,0.5406500,0.5400500,0.5401300,52560.4944500
2025-06-17 12:29:00,0.5400900,0.5402400,0.5395800,0.5397400,34249.4826800
2025-06-17 12:30:00,0.5397500,0.5399500,0.5391200,0.5393400,21248.8930800
2025-06-17 12:31:00,0.5393700,0.5395000,0.5386300,0.5387900,74698.2842100
2025-06-17 12:32:00,0.5387800,0.5393100,0.5383900,0.5393100,57522.7598400
2025-06-17 12:33:00,0.5393400,0.5400000,0.5393000,0.5397100,35210.3008800
2025-06-17 12:34:00,0.5396400,0.5398600,0.5384700,0.5385500,43074.9797200
2025-06-17 12:35:00,0.5385000,0.5388200,0.5371200,0.5371800,70641.8370100
2025-06-17 12:36:00,0.5372400,0.5379500,0.5366900,0.5375900,83103.1468400
2025-06-17 12:37:00,0.5375600,0.5385800,0.5375100,0.5379900,46661.1907300
2025-06-17 12:38:00,0.5379300,0.5382700,0.5377600,0.5379800,28304.1057300
2025-06-17 12:39:00,0.5379400,0.5385000,0.5374100,0.5380900,75854.1380900
2025-06-17 12:40:00,0.5380800,0.5398800,0.5379800,0.5392400,45127.9849900
2025-06-17 12:41:00,0.5392300,0.5395200,0.5381700,0.5387500,91025.5712100
2025-06-17 12:42:00,0.5388700,0.5394400,0.5383700,0.5383700,48274.2696800
2025-06-17 12:43:00,0.5383200,0.5397200,0.5382600,0.5394500,45658.4992200
2025-06-17 12:44:00,0.5395400,0.5399000,0.5390900,0.5394400,31253.0328100
2025-06-17 12:45:00,0.5395000,0.5404600,0.5392900,0.5402200,73302.0742700
2025-06-17 12:46:00,0.5400900,0.5404500,0.5395000,0.5403300,48300.8640000
2025-06-17 12:47:00,0.5404700,0.5413200,0.5389000,0.5389000,121776.2317200
2025-06-17 12:48:00,0.5389000,0.5399400,0.5386000,0.5398800,47251.5546300
2025-06-17 12:49:00,0.5398600,0.5407500,0.5392700,0.5405400,40079.9050400
2025-06-17 12:50:00,0.5405400,0.5417000,0.5403700,0.5408700,70856.4655700
2025-06-17 12:51:00,0.5407500,0.5417200,0.5402800,0.5409900,65722.8701600
2025-06-17 12:52:00,0.5409900,0.5413500,0.5407000,0.5408600,41559.7043900
2025-06-17 12:53:00,0.5407800,0.5418900,0.5407500,0.5418600,101220.5137200
2025-06-17 12:54:00,0.5417600,0.5417700,0.5408700,0.5413200,49326.9673800
2025-06-17 12:55:00,0.5412700,0.5412700,0.5400600,0.5401000,38096.0291100
2025-06-17 12:56:00,0.5401700,0.5402100,0.5387100,0.5389800,96152.4028200
2025-06-17 12:57:00,0.5390000,0.5396700,0.5389200,0.5392700,51999.4611000
2025-06-17 12:58:00,0.5393100,0.5398100,0.5380500,0.5383100,102886.5237000
2025-06-17 12:59:00,0.5382900,0.5390300,0.5382900,0.5385900,39614.0005300
2025-06-17 13:00:00,0.5386100,0.5387400,0.5382300,0.5384000,37197.6677800
2025-06-17 13:01:00,0.5383600,0.5384000,0.5373100,0.5375900,66460.5490100
2025-06-17 13:02:00,0.5376700,0.5382900,0.5375200,0.5381300,74072.3423900
2025-06-17 13:03:00,0.5381300,0.5392300,0.5376000,0.5376000,41924.1490600
2025-06-17 13:04:00,0.5376000,0.5387700,0.5374500,0.5381600,47595.4745100
2025-06-17 13:05:00,0.5381800,0.5385300,0.5372400,0.5382700,136261.9040500
2025-06-17 13:06:00,0.5381700,0.5393200,0.5381300,0.5392000,45345.9464300
2025-06-17 13:07:00,0.5391300,0.5391500,0.5382600,0.5385300,49360.5557000
2025-06-17 13:08:00,0.5385400,0.5385400,0.5378600,0.5380200,27870.3573600
2025-06-17 13:09:00,0.5378900,0.5385200,0.5378900,0.5382800,47787.3508700
2025-06-17 13:10:00,0.5382200,0.5394000,0.5381600,0.5391200,34517.8144300
2025-06-17 13:11:00,0.5392000,0.5395500,0.5387100,0.5387700,33799.7816300
2025-06-17 13:12:00,0.5387600,0.5394600,0.5387600,0.5389800,50310.4990000
2025-06-17 13:13:00,0.5389400,0.5394600,0.5387000,0.5387000,27470.1100100
2025-06-17 13:14:00,0.5386800,0.5400000,0.5386300,0.5392400,76488.8521900
2025-06-17 13:15:00,0.5392500,0.5395000,0.5389100,0.5394700,29907.6601700
2025-06-17 13:16:00,0.5394100,0.5399200,0.5380800,0.5381200,93914.0560000
2025-06-17 13:17:00,0.5382700,0.5388800,0.5380800,0.5381800,43995.1401400
2025-06-17 13:18:00,0.5381400,0.5388500,0.5379400,0.5380500,14582.2320600
2025-06-17 13:19:00,0.5381100,0.5385500,0.5375300,0.5375300,36299.4323500
2025-06-17 13:20:00,0.5374200,0.5381700,0.5369700,0.5379400,60980.7226700
2025-06-17 13:21:00,0.5379500,0.5385000,0.5377300,0.5379800,67559.0793500
2025-06-17 13:22:00,0.5379800,0.5397000,0.5379800,0.5397000,33416.5172500
2025-06-17 13:23:00,0.5396400,0.5402400,0.5390200,0.5391200,47811.4080800
2025-06-17 13:24:00,0.5391600,0.5406800,0.5391600,0.5406000,51614.2254500
2025-06-17 13:25:00,0.5405700,0.5407100,0.5396000,0.5397200,61820.4209400
2025-06-17 13:26:00,0.5396500,0.5396500,0.5386400,0.5386400,52018.9003400
2025-06-17 13:27:00,0.5387000,0.5392100,0.5386300,0.5390000,68884.4167800
2025-06-17 13:28:00,0.5390400,0.5393400,0.5385000,0.5385500,40334.9230900
2025-06-17 13:29:00,0.5385600,0.5388500,0.5382600,0.5382600,13695.8351700
2025-06-17 13:30:00,0.5382400,0.5383600,0.5377200,0.5379800,21646.0138800
2025-06-17 13:31:00,0.5379400,0.5379400,0.5370100,0.5370100,25281.6198300
2025-06-17 13:32:00,0.5370100,0.5370400,0.5353000,0.5356500,110660.4265800
2025-06-17 13:33:00,0.5356600,0.5363300,0.5340100,0.5345900,198426.8167300
2025-06-17 13:34:00,0.5345500,0.5353100,0.5341100,0.5348500,133753.4932200
2025-06-17 13:35:00,0.5348700,0.5348700,0.5333500,0.5336300,210582.2089300
2025-06-17 13:36:00,0.5336700,0.5338200,0.5333300,0.5336500,133957.0615900
2025-06-17 13:37:00,0.5335700,0.5336300,0.5321800,0.5326400,139168.5034900
2025-06-17 13:38:00,0.5325900,0.5331800,0.5279900,0.5300200,862078.9449300
2025-06-17 13:39:00,0.5300200,0.5308400,0.5296000,0.5298500,216759.3653300
2025-06-17 13:40:00,0.5298400,0.5303000,0.5283100,0.5287100,236784.0742800
2025-06-17 13:41:00,0.5287200,0.5305600,0.5286100,0.5303300,231459.8422500
2025-06-17 13:42:00,0.5305600,0.5321700,0.5305600,0.5319300,137922.8605200
2025-06-17 13:43:00,0.5319000,0.5322400,0.5309200,0.5314100,140753.8666500
2025-06-17 13:44:00,0.5314200,0.5324800,0.5314200,0.5315200,101232.9682600
2025-06-17 13:45:00,0.5314900,0.5319800,0.5302900,0.5304600,173620.7427000
2025-06-17 13:46:00,0.5305200,0.5316700,0.5298400,0.5316700,171866.4789600
2025-06-17 13:47:00,0.5316700,0.5325100,0.5313900,0.5319900,153049.6017300
2025-06-17 13:48:00,0.5319500,0.5322300,0.5306500,0.5306700,50657.6375900
2025-06-17 13:49:00,0.5306700,0.5317000,0.5306100,0.5315300,50510.4773200
2025-06-17 13:50:00,0.5314900,0.5315200,0.5300900,0.5301400,58227.2928100
2025-06-17 13:51:00,0.5301400,0.5322300,0.5301400,0.5319100,65137.4824400
2025-06-17 13:52:00,0.5318900,0.5324800,0.5315600,0.5323000,63707.9385700
2025-06-17 13:53:00,0.5323300,0.5332600,0.5321400,0.5332600,133819.1653600
2025-06-17 13:54:00,0.5331600,0.5331600,0.5314700,0.5318100,171902.3684200
2025-06-17 13:55:00,0.5318400,0.5326100,0.5318000,0.5324700,33735.6770200
2025-06-17 13:56:00,0.5325100,0.5328100,0.5314900,0.5317200,119829.5499800
2025-06-17 13:57:00,0.5317700,0.5318700,0.5308000,0.5308100,51544.9813500
2025-06-17 13:58:00,0.5308000,0.5316800,0.5307900,0.5316000,43276.3327600
2025-06-17 13:59:00,0.5315600,0.5320200,0.5314900,0.5319400,44969.3218500
2025-06-17 14:00:00,0.5319200,0.5327100,0.5314500,0.5317000,44720.2652300
2025-06-17 14:01:00,0.5316700,0.5316700,0.5298300,0.5300600,136799.6540200
2025-06-17 14:02:00,0.5300400,0.5300400,0.5288600,0.5293500,173879.1679600
2025-06-17 14:03:00,0.5293600,0.5303600,0.5293400,0.5302900,46071.6345600
2025-06-17 14:04:00,0.5302900,0.5307700,0.5295800,0.5298000,46102.9681400
2025-06-17 14:05:00,0.5298000,0.5316000,0.5297800,0.5309600,73859.8109900
2025-06-17 14:06:00,0.5309200,0.5309200,0.5301500,0.5301700,18641.2447000
2025-06-17 14:07:00,0.5301700,0.5307400,0.5296500,0.5300500,38748.4356400
2025-06-17 14:08:00,0.5300700,0.5305400,0.5297700,0.5298900,28059.9726600
2025-06-17 14:09:00,0.5298800,0.5303200,0.5296000,0.5303200,26275.0543100
2025-06-17 14:10:00,0.5303200,0.5303300,0.5298000,0.5299500,33265.9096000
2025-06-17 14:11:00,0.5299500,0.5308100,0.5298900,0.5302100,36508.4003100
2025-06-17 14:12:00,0.5302000,0.5310000,0.5302000,0.5309800,20344.4409900
2025-06-17 14:13:00,0.5309800,0.5313300,0.5298900,0.5300500,56627.5678200
2025-06-17 14:14:00,0.5301000,0.5303500,0.5296000,0.5297400,23012.3590900
2025-06-17 14:15:00,0.5297300,0.5303200,0.5296300,0.5302000,48383.3638500
2025-06-17 14:16:00,0.5301200,0.5315000,0.5301200,0.5309000,50776.9968400
2025-06-17 14:17:00,0.5309700,0.5312800,0.5306000,0.5309500,45964.5554300
2025-06-17 14:18:00,0.5309400,0.5311100,0.5299200,0.5303000,17640.7978400
2025-06-17 14:19:00,0.5303200,0.5304500,0.5293300,0.5300000,54582.4168900
2025-06-17 14:20:00,0.5298700,0.5301700,0.5293400,0.5297500,32344.1618300
2025-06-17 14:21:00,0.5297700,0.5305600,0.5293500,0.5293500,64940.7277100
2025-06-17 14:22:00,0.5293400,0.5293400,0.5271300,0.5285800,251354.2767100
2025-06-17 14:23:00,0.5286700,0.5287500,0.5272000,0.5279400,139673.8103600
2025-06-17 14:24:00,0.5279400,0.5282400,0.5274600,0.5279200,75272.9604300
2025-06-17 14:25:00,0.5280000,0.5285000,0.5274500,0.5284000,62891.4728000
2025-06-17 14:26:00,0.5284400,0.5286900,0.5268900,0.5275900,145973.8351200
2025-06-17 14:27:00,0.5276800,0.5292300,0.5276800,0.5287000,83519.3885400
2025-06-17 14:28:00,0.5289700,0.5293800,0.5282400,0.5290500,52717.8060700
2025-06-17 14:29:00,0.5291000,0.5297000,0.5286100,0.5288500,42864.2095800
2025-06-17 14:30:00,0.5289100,0.5299200,0.5287300,0.5298800,32506.1812500
2025-06-17 14:31:00,0.5298700,0.5303800,0.5295300,0.5300500,62526.3633700
2025-06-17 14:32:00,0.5300700,0.5305800,0.5295200,0.5297800,87635.3593600
2025-06-17 14:33:00,0.5297500,0.5304100,0.5295800,0.5303300,48046.6970200
2025-06-17 14:34:00,0.5303200,0.5304700,0.5290500,0.5292200,80086.0733800
2025-06-17 14:35:00,0.5291800,0.5292400,0.5280700,0.5282000,37837.7534400
2025-06-17 14:36:00,0.5282000,0.5293500,0.5281000,0.5284300,63333.6221000
2025-06-17 14:37:00,0.5284100,0.5290300,0.5283300,0.5287000,31598.3685800
2025-06-17 14:38:00,0.5286500,0.5291700,0.5285600,0.5287100,32252.9307600
2025-06-17 14:39:00,0.5287100,0.5296400,0.5287100,0.5290900,31994.1773300
2025-06-17 14:40:00,0.5290900,0.5290900,0.5255300,0.5261000,485427.7236700
2025-06-17 14:41:00,0.5259900,0.5260800,0.5233100,0.5237600,375285.8661600
2025-06-17 14:42:00,0.5237500,0.5237600,0.5190100,0.5197600,848159.5636300
2025-06-17 14:43:00,0.5196600,0.5210200,0.5171100,0.5199600,634265.0542900
2025-06-17 14:44:00,0.5199800,0.5222700,0.5199600,0.5219100,199251.4979500
2025-06-17 14:45:00,0.5218200,0.5219700,0.5212600,0.5213900,108109.0109100
2025-06-17 14:46:00,0.5213900,0.5239000,0.5213300,0.5237000,227551.7436500
2025-06-17 14:47:00,0.5235900,0.5260200,0.5234100,0.5256200,261399.2753400
2025-06-17 14:48:00,0.5257100,0.5281500,0.5254600,0.5269900,253600.7951300
2025-06-17 14:49:00,0.5270000,0.5274200,0.5263100,0.5263100,128992.7834800
2025-06-17 14:50:00,0.5263300,0.5272700,0.5261500,0.5269500,73632.9680800
2025-06-17 14:51:00,0.5269000,0.5274500,0.5266500,0.5268500,50697.5363100
2025-06-17 14:52:00,0.5269000,0.5278900,0.5263400,0.5263400,227199.1545700
2025-06-17 14:53:00,0.5263400,0.5265000,0.5259600,0.5263100,60337.3495300
2025-06-17 14:54:00,0.5263100,0.5264300,0.5255100,0.5260300,79241.1836000
2025-06-17 14:55:00,0.5261100,0.5265100,0.5259100,0.5263800,47203.8265400
2025-06-17 14:56:00,0.5263800,0.5271300,0.5260700,0.5261800,56992.8320700
2025-06-17 14:57:00,0.5261900,0.5273200,0.5261900,0.5271000,67653.8018000
2025-06-17 14:58:00,0.5271100,0.5275000,0.5269100,0.5269300,62864.4855900
2025-06-17 14:59:00,0.5269300,0.5270400,0.5265000,0.5265900,48920.9607100
2025-06-17 15:00:00,0.5266500,0.5273000,0.5264800,0.5266400,129061.7247400
2025-06-17 15:01:00,0.5266400,0.5268600,0.5251900,0.5252100,85993.8114900
2025-06-17 15:02:00,0.5252100,0.5253700,0.5245400,0.5247300,68457.5203900
2025-06-17 15:03:00,0.5247500,0.5247900,0.5241200,0.5241900,67040.9132200
2025-06-17 15:04:00,0.5242100,0.5259500,0.5240500,0.5259500,151635.4164800
2025-06-17 15:05:00,0.5258300,0.5260800,0.5246100,0.5253900,87190.3348500
2025-06-17 15:06:00,0.5254000,0.5259700,0.5252400,0.5258600,53413.1052100
2025-06-17 15:07:00,0.5259000,0.5274200,0.5259000,0.5271400,126052.6015800
2025-06-17 15:08:00,0.5271000,0.5274500,0.5252300,0.5252300,101821.5101100
2025-06-17 15:09:00,0.5252500,0.5253600,0.5246500,0.5252100,142945.4503200
2025-06-17 15:10:00,0.5252200,0.5257900,0.5247500,0.5251500,76984.6983700
2025-06-17 15:11:00,0.5252300,0.5255300,0.5241900,0.5242500,99155.0519500
2025-06-17 15:12:00,0.5242100,0.5251300,0.5240400,0.5240400,107473.9036400
2025-06-17 15:13:00,0.5240400,0.5242500,0.5230200,0.5236500,86580.3103700
2025-06-17 15:14:00,0.5237200,0.5238100,0.5230100,0.5236800,86446.7833200
2025-06-17 15:15:00,0.5236900,0.5237400,0.5222000,0.5226300,115527.5051600
2025-06-17 15:16:00,0.5226600,0.5229700,0.5216000,0.5224700,158418.8584400
2025-06-17 15:17:00,0.5224400,0.5224400,0.5209300,0.5211900,131865.1614300
2025-06-17 15:18:00,0.5212500,0.5217900,0.5205800,0.5206800,106986.7193900
2025-06-17 15:19:00,0.5207300,0.5212900,0.5202000,0.5203400,96737.6892200
2025-06-17 15:20:00,0.5203800,0.5208000,0.5197900,0.5206900,200065.3595700
2025-06-17 15:21:00,0.5206800,0.5208700,0.5201500,0.5206900,95556.0993900
2025-06-17 15:22:00,0.5207800,0.5214600,0.5201800,0.5210500,147052.5908100
2025-06-17 15:23:00,0.5210500,0.5221200,0.5207100,0.5217600,124738.8035900
2025-06-17 15:24:00,0.5217900,0.5229800,0.5216800,0.5218800,115844.4908400
2025-06-17 15:25:00,0.5218900,0.5224000,0.5216900,0.5217700,42584.4876000
2025-06-17 15:26:00,0.5217900,0.5218900,0.5199000,0.5199200,83162.7123100
2025-06-17 15:27:00,0.5199700,0.5204800,0.5197300,0.5200800,83176.7091000
2025-06-17 15:28:00,0.5200400,0.5200400,0.5186400,0.5190500,88115.0924900
2025-06-17 15:29:00,0.5190500,0.5191700,0.5185400,0.5187600,112981.9067200
2025-06-17 15:30:00,0.5188400,0.5197300,0.5185000,0.5190000,178919.8594900
2025-06-17 15:31:00,0.5189800,0.5201900,0.5189200,0.5201100,127106.7552700
2025-06-17 15:32:00,0.5202000,0.5203500,0.5187600,0.5187900,53997.4130800
2025-06-17 15:33:00,0.5188000,0.5189500,0.5180500,0.5184200,85700.1045000
2025-06-17 15:34:00,0.5185500,0.5202900,0.5185500,0.5194200,74291.3245600
2025-06-17 15:35:00,0.5193300,0.5206400,0.5191300,0.5195600,62604.4835900
2025-06-17 15:36:00,0.5196300,0.5209800,0.5192200,0.5208800,83592.5457900
2025-06-17 15:37:00,0.5209300,0.5215700,0.5206400,0.5211200,71174.2033900
2025-06-17 15:38:00,0.5211200,0.5218500,0.5207300,0.5217300,56519.3254100
2025-06-17 15:39:00,0.5217300,0.5228600,0.5213100,0.5225400,92698.5110100
2025-06-17 15:40:00,0.5225500,0.5240900,0.5222100,0.5223300,161980.0760500
2025-06-17 15:41:00,0.5223400,0.5232300,0.5214900,0.5215100,120787.6321200
2025-06-17 15:42:00,0.5215700,0.5230500,0.5215700,0.5226600,28506.9797200
2025-06-17 15:43:00,0.5227100,0.5233800,0.5223300,0.5226300,46210.2493500
2025-06-17 15:44:00,0.5226400,0.5229000,0.5222500,0.5227800,33844.4872000
2025-06-17 15:45:00,0.5228000,0.5229100,0.5212600,0.5212600,108862.8092400
2025-06-17 15:46:00,0.5212600,0.5239200,0.5211100,0.5236500,189953.8128500
2025-06-17 15:47:00,0.5236500,0.5261800,0.5236500,0.5251600,168386.8077400
2025-06-17 15:48:00,0.5251000,0.5253000,0.5242200,0.5243700,56270.9902900
2025-06-17 15:49:00,0.5244000,0.5244200,0.5235500,0.5236500,33569.7831800
2025-06-17 15:50:00,0.5236000,0.5236000,0.5214600,0.5217600,38274.9061400
2025-06-17 15:51:00,0.5217500,0.5217500,0.5203200,0.5212500,64903.6990700
2025-06-17 15:52:00,0.5213000,0.5213400,0.5203100,0.5203100,18719.4497400
2025-06-17 15:53:00,0.5203400,0.5205400,0.5194800,0.5194800,46201.6578100
2025-06-17 15:54:00,0.5194800,0.5199800,0.5192600,0.5198700,41744.6550700
2025-06-17 15:55:00,0.5198800,0.5208400,0.5195500,0.5195500,61959.6236500
2025-06-17 15:56:00,0.5195300,0.5203500,0.5191500,0.5199100,84033.0220100
2025-06-17 15:57:00,0.5199200,0.5203100,0.5194800,0.5195200,69720.5350000
2025-06-17 15:58:00,0.5195800,0.5202300,0.5192200,0.5201400,28222.4933300
2025-06-17 15:59:00,0.5200600,0.5209200,0.5200500,0.5204900,70749.6667100
2025-06-17 16:00:00,0.5205300,0.5205300,0.5194300,0.5198700,73212.0291700
2025-06-17 16:01:00,0.5198200,0.5201200,0.5190500,0.5197800,66442.9402100
2025-06-17 16:02:00,0.5198400,0.5203000,0.5183200,0.5183200,112234.4981100
2025-06-17 16:03:00,0.5183600,0.5184000,0.5176000,0.5176600,67626.7476600
2025-06-17 16:04:00,0.5177500,0.5191700,0.5176300,0.5189500,63639.5285000
2025-06-17 16:05:00,0.5188400,0.5191500,0.5185100,0.5187100,37669.7922800
2025-06-17 16:06:00,0.5187000,0.5187000,0.5174500,0.5179500,47784.9969100
2025-06-17 16:07:00,0.5179200,0.5179900,0.5163600,0.5173200,194253.2525600
2025-06-17 16:08:00,0.5172700,0.5173000,0.5160400,0.5165100,80159.3533900
2025-06-17 16:09:00,0.5165200,0.5166000,0.5156600,0.5160900,74216.4825400
2025-06-17 16:10:00,0.5160900,0.5164200,0.5160200,0.5162000,32601.2767700
2025-06-17 16:11:00,0.5161800,0.5170700,0.5158500,0.5169400,128055.3215500
2025-06-17 16:12:00,0.5168700,0.5169200,0.5159900,0.5161000,73947.9797000
2025-06-17 16:13:00,0.5160800,0.5165000,0.5156500,0.5158000,67573.4034300
2025-06-17 16:14:00,0.5157700,0.5162200,0.5135400,0.5146800,248698.5284200
2025-06-17 16:15:00,0.5147100,0.5162800,0.5144600,0.5157800,174215.9981000
2025-06-17 16:16:00,0.5157200,0.5159600,0.5145500,0.5145500,64888.0416800
2025-06-17 16:17:00,0.5147400,0.5153400,0.5145300,0.5146000,87129.8409700
2025-06-17 16:18:00,0.5145300,0.5150400,0.5140500,0.5144800,107635.7097900
2025-06-17 16:19:00,0.5144900,0.5156400,0.5144300,0.5150400,74209.8878200
2025-06-17 16:20:00,0.5151100,0.5153500,0.5145500,0.5150300,91583.6821400
2025-06-17 16:21:00,0.5149600,0.5153000,0.5139000,0.5139800,82272.1163300
2025-06-17 16:22:00,0.5140000,0.5141700,0.5121800,0.5124200,244101.2293900
2025-06-17 16:23:00,0.5125400,0.5135000,0.5120600,0.5128900,277424.6141300
2025-06-17 16:24:00,0.5128500,0.5145000,0.5123700,0.5141600,123886.5283800
2025-06-17 16:25:00,0.5141200,0.5141200,0.5133900,0.5136700,63933.7609900
2025-06-17 16:26:00,0.5135400,0.5144100,0.5135000,0.5141100,119454.8126100
2025-06-17 16:27:00,0.5141500,0.5161900,0.5141500,0.5151500,138017.5653500
2025-06-17 16:28:00,0.5151500,0.5155300,0.5148900,0.5153100,75553.6095500
2025-06-17 16:29:00,0.5152700,0.5155700,0.5147500,0.5149200,77140.8390900
2025-06-17 16:30:00,0.5148300,0.5157900,0.5143300,0.5156500,83158.9318800
2025-06-17 16:31:00,0.5155900,0.5156700,0.5144400,0.5144400,59477.6470600
2025-06-17 16:32:00,0.5145600,0.5153000,0.5139700,0.5143300,68462.6829200
2025-06-17 16:33:00,0.5143300,0.5146300,0.5131800,0.5137800,79779.6658300
2025-06-17 16:34:00,0.5136800,0.5164200,0.5133800,0.5160500,128870.9100200
2025-06-17 16:35:00,0.5161900,0.5185300,0.5161800,0.5180400,188760.3687700
2025-06-17 16:36:00,0.5179000,0.5180700,0.5171200,0.5177200,89498.3115100
2025-06-17 16:37:00,0.5177200,0.5183900,0.5167300,0.5170800,94317.8624300
2025-06-17 16:38:00,0.5171200,0.5196800,0.5170200,0.5189900,178146.4100300
2025-06-17 16:39:00,0.5189800,0.5194600,0.5184300,0.5192300,115491.4343200
2025-06-17 16:40:00,0.5191800,0.5208400,0.5190000,0.5193800,211186.8523500
2025-06-17 16:41:00,0.5193300,0.5202000,0.5187600,0.5187600,106550.0160300
2025-06-17 16:42:00,0.5187600,0.5192700,0.5179500,0.5181400,81318.4737400
2025-06-17 16:43:00,0.5182400,0.5182400,0.5164200,0.5169400,96662.9036000
2025-06-17 16:44:00,0.5169400,0.5169400,0.5155200,0.5155900,78459.9056700
2025-06-17 16:45:00,0.5156700,0.5170600,0.5143900,0.5170600,121650.9195900
2025-06-17 16:46:00,0.5169500,0.5184000,0.5169400,0.5176400,145230.4589100
2025-06-17 16:47:00,0.5176500,0.5190500,0.5176500,0.5190500,71556.9794000
2025-06-17 16:48:00,0.5190800,0.5199000,0.5183200,0.5183200,76416.9625900
2025-06-17 16:49:00,0.5183200,0.5190300,0.5177500,0.5178000,41370.9653900
2025-06-17 16:50:00,0.5177400,0.5184100,0.5173700,0.5179000,56919.6823100
2025-06-17 16:51:00,0.5178800,0.5180100,0.5169300,0.5171800,60660.5802000
2025-06-17 16:52:00,0.5171900,0.5174400,0.5164300,0.5171900,94318.3334900
2025-06-17 16:53:00,0.5170000,0.5172000,0.5158900,0.5162300,121441.7508700
2025-06-17 16:54:00,0.5161400,0.5163600,0.5152900,0.5163000,105090.5332800
2025-06-17 16:55:00,0.5162000,0.5164400,0.5153700,0.5154000,70767.7245200
2025-06-17 16:56:00,0.5154200,0.5170000,0.5153000,0.5169600,79244.0970000
2025-06-17 16:57:00,0.5169700,0.5174300,0.5151400,0.5152800,96913.2203700
2025-06-17 16:58:00,0.5153300,0.5158200,0.5153000,0.5155100,59893.6181000
2025-06-17 16:59:00,0.5155600,0.5168100,0.5153700,0.5167400,64380.1680700
2025-06-17 17:00:00,0.5167700,0.5178900,0.5166700,0.5172900,79967.9392400
2025-06-17 17:01:00,0.5172900,0.5182600,0.5160000,0.5163900,86777.2136100
2025-06-17 17:02:00,0.5162500,0.5162500,0.5150800,0.5153000,44775.3357600
2025-06-17 17:03:00,0.5153100,0.5156300,0.5142600,0.5148000,79512.0367100
2025-06-17 17:04:00,0.5147900,0.5156600,0.5145800,0.5155700,86035.0455600
2025-06-17 17:05:00,0.5155900,0.5155900,0.5138400,0.5148900,114892.7556800
2025-06-17 17:06:00,0.5148000,0.5148000,0.5141700,0.5148000,60201.4712200
2025-06-17 17:07:00,0.5148400,0.5161500,0.5148400,0.5160400,108984.2010300
2025-06-17 17:08:00,0.5160300,0.5194300,0.5160000,0.5191200,187669.2906800
2025-06-17 17:09:00,0.5191300,0.5221400,0.5189500,0.5213200,395610.3057800
2025-06-17 17:10:00,0.5213200,0.5242600,0.5206400,0.5233900,463453.7625900
2025-06-17 17:11:00,0.5233200,0.5245500,0.5227600,0.5233500,191251.3050900
2025-06-17 17:12:00,0.5234300,0.5247000,0.5231900,0.5243300,163832.8248900
2025-06-17 17:13:00,0.5243300,0.5264800,0.5231200,0.5257500,290176.9808400
2025-06-17 17:14:00,0.5257700,0.5261800,0.5239400,0.5241000,265579.5940700
2025-06-17 17:15:00,0.5240100,0.5241000,0.5223300,0.5232600,70506.2435500
2025-06-17 17:16:00,0.5231700,0.5238400,0.5220900,0.5221300,97229.7603900
2025-06-17 17:17:00,0.5222500,0.5227600,0.5216300,0.5221500,50677.4191100
2025-06-17 17:18:00,0.5221900,0.5234900,0.5221100,0.5229300,35919.2184300
2025-06-17 17:19:00,0.5229300,0.5229700,0.5222400,0.5224700,49172.9560700
2025-06-17 17:20:00,0.5225200,0.5232200,0.5222400,0.5224300,56151.3162900
2025-06-17 17:21:00,0.5225300,0.5229300,0.5217500,0.5229100,52892.0832000
2025-06-17 17:22:00,0.5228700,0.5228700,0.5206600,0.5207100,51135.0145900
2025-06-17 17:23:00,0.5206900,0.5212500,0.5197700,0.5205100,189533.8956800
2025-06-17 17:24:00,0.5204800,0.5208400,0.5193400,0.5201100,141412.2144000
2025-06-17 17:25:00,0.5202500,0.5208600,0.5191000,0.5201800,215680.9691100
2025-06-17 17:26:00,0.5201900,0.5211300,0.5197800,0.5211300,56406.6128700
2025-06-17 17:27:00,0.5210500,0.5235000,0.5210300,0.5235000,71274.1588900
2025-06-17 17:28:00,0.5235100,0.5236600,0.5226900,0.5228000,41833.2999800
2025-06-17 17:29:00,0.5228200,0.5238100,0.5224200,0.5224700,36574.4210200
2025-06-17 17:30:00,0.5224100,0.5226300,0.5214200,0.5216100,31783.1269300
2025-06-17 17:31:00,0.5215700,0.5218500,0.5204000,0.5204000,53509.8776000
2025-06-17 17:32:00,0.5204100,0.5208000,0.5197700,0.5198800,61222.2061800
2025-06-17 17:33:00,0.5198800,0.5200900,0.5195700,0.5197600,50405.2809700
2025-06-17 17:34:00,0.5198100,0.5198800,0.5183400,0.5183400,81333.9468700
2025-06-17 17:35:00,0.5183900,0.5184600,0.5165100,0.5165300,63576.4008300
2025-06-17 17:36:00,0.5165400,0.5172400,0.5161800,0.5166400,80864.4588800
2025-06-17 17:37:00,0.5166300,0.5167200,0.5155800,0.5157700,80316.7864000
2025-06-17 17:38:00,0.5157600,0.5158000,0.5151000,0.5152800,52516.7238100
2025-06-17 17:39:00,0.5152800,0.5173000,0.5152400,0.5173000,157997.6514400
2025-06-17 17:40:00,0.5171300,0.5171300,0.5155600,0.5162000,52470.7177500
2025-06-17 17:41:00,0.5162100,0.5176700,0.5154100,0.5164000,112109.1090800
2025-06-17 17:42:00,0.5163300,0.5167000,0.5159100,0.5165600,101011.7084600
2025-06-17 17:43:00,0.5165800,0.5170400,0.5134600,0.5142200,285996.3580000
2025-06-17 17:44:00,0.5141600,0.5145500,0.5132600,0.5138800,214678.8169000
2025-06-17 17:45:00,0.5139100,0.5140200,0.5111600,0.5120700,294024.8780800
2025-06-17 17:46:00,0.5120600,0.5127400,0.5111300,0.5115600,197086.1121500
2025-06-17 17:47:00,0.5115600,0.5128700,0.5108600,0.5119800,121359.0508000
2025-06-17 17:48:00,0.5119700,0.5128600,0.5118800,0.5126700,88903.3737400
2025-06-17 17:49:00,0.5128200,0.5135900,0.5122700,0.5135800,127597.6939900
2025-06-17 17:50:00,0.5135800,0.5151800,0.5134200,0.5143300,150908.8065400
2025-06-17 17:51:00,0.5142100,0.5149300,0.5133500,0.5133500,102128.1729200
2025-06-17 17:52:00,0.5133500,0.5137200,0.5128800,0.5131800,41219.5388600
2025-06-17 17:53:00,0.5132000,0.5132000,0.5116500,0.5118100,43838.5503200
2025-06-17 17:54:00,0.5118200,0.5120000,0.5110100,0.5112600,96364.9658900
2025-06-17 17:55:00,0.5113200,0.5118500,0.5105800,0.5109300,66638.5848000
2025-06-17 17:56:00,0.5109900,0.5117700,0.5102400,0.5109400,125634.0224000
2025-06-17 17:57:00,0.5110300,0.5113400,0.5107300,0.5107400,48753.3638600
2025-06-17 17:58:00,0.5107200,0.5113700,0.5106600,0.5108800,54730.5136900
2025-06-17 17:59:00,0.5108500,0.5111900,0.5089400,0.5096500,281955.7534300
2025-06-17 18:00:00,0.5096500,0.5098000,0.5075000,0.5082000,238644.7656500
2025-06-17 18:01:00,0.5081100,0.5089400,0.5073900,0.5086300,273901.1668100
2025-06-17 18:02:00,0.5086300,0.5096000,0.5075000,0.5089300,293433.9739700
2025-06-17 18:03:00,0.5089000,0.5089000,0.5069500,0.5070800,172822.1970100
2025-06-17 18:04:00,0.5071100,0.5076700,0.5066600,0.5072800,115668.9029100
2025-06-17 18:05:00,0.5073400,0.5094700,0.5073400,0.5080700,210881.1155900
2025-06-17 18:06:00,0.5081100,0.5105700,0.5080900,0.5100200,255534.5374100
2025-06-17 18:07:00,0.5100800,0.5100800,0.5085500,0.5088500,148283.9370700
2025-06-17 18:08:00,0.5088500,0.5107600,0.5088500,0.5096200,216044.0907300
2025-06-17 18:09:00,0.5094100,0.5094400,0.5080300,0.5082600,81296.1903000
2025-06-17 18:10:00,0.5081700,0.5085300,0.5076600,0.5083300,92737.4149100
2025-06-17 18:11:00,0.5083400,0.5098400,0.5072900,0.5098400,172043.9439000
2025-06-17 18:12:00,0.5098000,0.5108400,0.5093800,0.5101800,207234.6281100
2025-06-17 18:13:00,0.5101000,0.5106500,0.5092800,0.5096700,66682.4593400
2025-06-17 18:14:00,0.5096800,0.5119100,0.5095100,0.5113400,146210.4106700
2025-06-17 18:15:00,0.5113400,0.5118500,0.5104200,0.5113800,99781.9441600
2025-06-17 18:16:00,0.5113000,0.5119500,0.5103400,0.5117900,84510.3363500
2025-06-17 18:17:00,0.5118400,0.5124900,0.5110500,0.5123700,137286.6024300
2025-06-17 18:18:00,0.5124500,0.5139200,0.5111800,0.5112900,164839.3162400
2025-06-17 18:19:00,0.5113300,0.5118800,0.5102900,0.5117400,74342.2991900
2025-06-17 18:20:00,0.5118000,0.5122100,0.5101300,0.5108200,50394.1316600
2025-06-17 18:21:00,0.5109200,0.5109400,0.5091900,0.5097300,125461.9683200
2025-06-17 18:22:00,0.5096700,0.5100800,0.5085500,0.5085500,118564.0719400
2025-06-17 18:23:00,0.5085500,0.5091600,0.5082100,0.5083000,48406.2644000
2025-06-17 18:24:00,0.5083100,0.5097100,0.5078400,0.5094800,71717.6703400
2025-06-17 18:25:00,0.5095200,0.5105500,0.5084200,0.5087900,164462.5973200
2025-06-17 18:26:00,0.5088900,0.5089700,0.5051800,0.5072500,283529.0942800
2025-06-17 18:27:00,0.5073100,0.5085000,0.5064700,0.5076400,122604.6897600
2025-06-17 18:28:00,0.5076400,0.5082600,0.5069400,0.5074300,46307.7310400
2025-06-17 18:29:00,0.5074300,0.5075200,0.5063000,0.5071600,180034.4705100
2025-06-17 18:30:00,0.5071700,0.5073100,0.5050200,0.5059000,158300.2513800
2025-06-17 18:31:00,0.5058200,0.5065700,0.5043400,0.5047500,229746.3467600
2025-06-17 18:32:00,0.5046200,0.5077400,0.5044200,0.5072700,185012.1556600
2025-06-17 18:33:00,0.5072600,0.5089100,0.5065700,0.5084200,197300.2706700
2025-06-17 18:34:00,0.5083800,0.5085200,0.5055900,0.5070600,381809.1144000
2025-06-17 18:35:00,0.5068500,0.5068700,0.5042500,0.5062300,201983.3218600
2025-06-17 18:36:00,0.5062400,0.5094800,0.5062300,0.5093500,137723.7215300
2025-06-17 18:37:00,0.5093200,0.5109000,0.5085200,0.5102300,248742.9388500
2025-06-17 18:38:00,0.5102800,0.5120400,0.5093700,0.5105700,177116.4002300
2025-06-17 18:39:00,0.5105900,0.5105900,0.5082000,0.5085300,84848.5098200
2025-06-17 18:40:00,0.5084200,0.5107300,0.5083100,0.5104200,44594.9592100
2025-06-17 18:41:00,0.5103600,0.5114500,0.5100500,0.5107100,134404.9530400
2025-06-17 18:42:00,0.5107200,0.5120300,0.5107200,0.5109300,142275.4689800
2025-06-17 18:43:00,0.5110600,0.5119500,0.5105000,0.5107800,58338.8949200
2025-06-17 18:44:00,0.5108300,0.5119800,0.5100400,0.5107900,187735.2649200
2025-06-17 18:45:00,0.5107700,0.5109800,0.5094200,0.5096600,75871.6986300
2025-06-17 18:46:00,0.5096700,0.5107300,0.5093200,0.5097600,71309.2214900
2025-06-17 18:47:00,0.5097500,0.5097500,0.5088500,0.5093600,76963.2293600
2025-06-17 18:48:00,0.5093800,0.5101600,0.5084800,0.5086200,39016.5408800
2025-06-17 18:49:00,0.5086300,0.5086300,0.5077900,0.5080800,79037.7784300
2025-06-17 18:50:00,0.5081600,0.5097600,0.5081300,0.5089400,60273.4876000
2025-06-17 18:51:00,0.5088500,0.5106400,0.5088500,0.5103200,101101.7201000
2025-06-17 18:52:00,0.5103600,0.5114900,0.5100000,0.5110000,62031.3550000
2025-06-17 18:53:00,0.5109600,0.5109600,0.5094100,0.5094100,40823.6842800
2025-06-17 18:54:00,0.5095200,0.5097500,0.5083900,0.5087300,38525.5831700
2025-06-17 18:55:00,0.5087900,0.5101000,0.5087800,0.5097000,24790.5448500
2025-06-17 18:56:00,0.5099300,0.5104000,0.5097500,0.5099200,19679.4022800
2025-06-17 18:57:00,0.5098800,0.5107400,0.5095700,0.5098900,40092.5952700
2025-06-17 18:58:00,0.5099000,0.5105400,0.5091400,0.5096200,57698.7531600
2025-06-17 18:59:00,0.5096100,0.5097000,0.5090400,0.5093100,25381.3220600
2025-06-17 19:00:00,0.5093000,0.5096800,0.5083500,0.5091900,54892.5647800
2025-06-17 19:01:00,0.5091500,0.5099700,0.5081700,0.5085200,111163.1206800
2025-06-17 19:02:00,0.5084500,0.5095900,0.5079700,0.5079700,59361.7716800
2025-06-17 19:03:00,0.5079700,0.5107600,0.5079700,0.5105800,67236.0205600
2025-06-17 19:04:00,0.5106000,0.5111000,0.5088300,0.5088400,67840.1606900
2025-06-17 19:05:00,0.5089500,0.5095600,0.5084400,0.5092200,50219.7909700
2025-06-17 19:06:00,0.5092900,0.5099600,0.5083600,0.5088500,66965.2884300
2025-06-17 19:07:00,0.5088900,0.5102200,0.5088900,0.5090900,110844.8240000
2025-06-17 19:08:00,0.5089500,0.5105300,0.5087800,0.5104100,77874.3727200
2025-06-17 19:09:00,0.5103500,0.5103900,0.5087600,0.5089700,80961.7453900
2025-06-17 19:10:00,0.5089500,0.5094900,0.5082300,0.5089000,48453.3643100
2025-06-17 19:11:00,0.5089000,0.5104200,0.5086100,0.5104200,41867.0600100
2025-06-17 19:12:00,0.5102200,0.5102200,0.5089200,0.5095700,32364.3630700
2025-06-17 19:13:00,0.5095600,0.5095600,0.5086000,0.5089000,52771.7285200
2025-06-17 19:14:00,0.5088500,0.5103300,0.5087200,0.5103300,58887.9779500
2025-06-17 19:15:00,0.5103300,0.5103700,0.5087200,0.5088900,65595.0525500
2025-06-17 19:16:00,0.5088700,0.5097500,0.5085000,0.5090700,78146.8543600
2025-06-17 19:17:00,0.5091200,0.5115700,0.5090700,0.5103900,92135.2357900
2025-06-17 19:18:00,0.5103600,0.5104000,0.5090400,0.5093800,38515.5139700
2025-06-17 19:19:00,0.5093700,0.5098800,0.5087600,0.5096900,55324.0799700
2025-06-17 19:20:00,0.5096100,0.5099200,0.5080500,0.5083500,59583.8803100
2025-06-17 19:21:00,0.5083700,0.5089700,0.5080800,0.5084600,117476.1307000
2025-06-17 19:22:00,0.5083200,0.5091200,0.5081200,0.5085100,24669.2246600
2025-06-17 19:23:00,0.5085300,0.5090000,0.5080700,0.5082000,40862.1734800
2025-06-17 19:24:00,0.5082200,0.5094300,0.5079600,0.5088900,22086.8927100
2025-06-17 19:25:00,0.5088800,0.5092100,0.5084800,0.5086300,33544.8879400
2025-06-17 19:26:00,0.5086200,0.5089500,0.5082500,0.5087800,49616.8427100
2025-06-17 19:27:00,0.5087800,0.5089500,0.5077400,0.5086400,106908.6986900
2025-06-17 19:28:00,0.5086200,0.5089400,0.5080600,0.5084000,59855.0178700
2025-06-17 19:29:00,0.5084800,0.5087200,0.5081700,0.5082000,16026.7734700
2025-06-17 19:30:00,0.5082100,0.5084700,0.5077800,0.5083400,49722.1883700
2025-06-17 19:31:00,0.5083700,0.5085000,0.5063000,0.5071200,100769.7617100
2025-06-17 19:32:00,0.5071100,0.5080900,0.5067400,0.5072600,59558.7961600
2025-06-17 19:33:00,0.5073000,0.5073000,0.5056200,0.5056200,94237.7071000
2025-06-17 19:34:00,0.5056500,0.5071900,0.5056400,0.5070200,45207.8392600
2025-06-17 19:35:00,0.5070000,0.5088900,0.5063600,0.5086400,53375.1958600
2025-06-17 19:36:00,0.5087300,0.5153400,0.5085800,0.5107400,657223.6466400
2025-06-17 19:37:00,0.5107300,0.5125700,0.5106900,0.5117600,167337.8106800
2025-06-17 19:38:00,0.5115800,0.5136100,0.5113400,0.5130500,154225.7883100
2025-06-17 19:39:00,0.5130500,0.5146900,0.5126700,0.5129300,134077.9611600
2025-06-17 19:40:00,0.5129000,0.5129000,0.5113500,0.5114500,77205.3910400
2025-06-17 19:41:00,0.5113100,0.5115000,0.5097500,0.5098500,44131.5610300
2025-06-17 19:42:00,0.5098500,0.5118700,0.5093900,0.5118100,72983.0448700
2025-06-17 19:43:00,0.5118000,0.5118000,0.5111800,0.5112000,42325.2936800
2025-06-17 19:44:00,0.5111500,0.5112600,0.5106400,0.5110600,46472.5184200
2025-06-17 19:45:00,0.5109100,0.5110500,0.5102600,0.5102600,36606.0901900
2025-06-17 19:46:00,0.5103000,0.5103500,0.5085800,0.5086000,62416.2229100
2025-06-17 19:47:00,0.5085800,0.5087100,0.5063000,0.5067200,163384.1385700
2025-06-17 19:48:00,0.5069200,0.5078900,0.5066400,0.5067500,61139.4955800
2025-06-17 19:49:00,0.5068200,0.5079400,0.5060300,0.5075600,104306.9209500
2025-06-17 19:50:00,0.5076600,0.5079400,0.5064100,0.5074000,123400.5286200
2025-06-17 19:51:00,0.5074000,0.5074700,0.5059300,0.5065400,102663.4593000
2025-06-17 19:52:00,0.5064500,0.5067600,0.5041800,0.5060600,179283.2422700
2025-06-17 19:53:00,0.5060100,0.5066300,0.5054900,0.5066300,58139.9616300
2025-06-17 19:54:00,0.5065100,0.5067400,0.5050600,0.5054300,100950.8084700
2025-06-17 19:55:00,0.5054300,0.5078000,0.5054300,0.5078000,115822.3481400
2025-06-17 19:56:00,0.5077900,0.5078000,0.5062900,0.5066600,76890.0316200
2025-06-17 19:57:00,0.5067300,0.5073000,0.5060000,0.5068800,57548.6290400
2025-06-17 19:58:00,0.5067000,0.5067000,0.5054400,0.5058500,46204.2007600
2025-06-17 19:59:00,0.5058400,0.5059900,0.5050800,0.5051500,67417.3953500
2025-06-17 20:00:00,0.5052800,0.5055200,0.5041000,0.5044200,116225.4844100
2025-06-17 20:01:00,0.5044100,0.5054600,0.5032200,0.5035200,159007.1587700
2025-06-17 20:02:00,0.5035700,0.5048500,0.5028500,0.5047200,145473.2157300
2025-06-17 20:03:00,0.5048400,0.5053300,0.5034500,0.5048000,158007.4571600
2025-06-17 20:04:00,0.5047100,0.5055600,0.5035600,0.5035600,98110.3070700
2025-06-17 20:05:00,0.5035600,0.5047200,0.5032100,0.5042200,128436.9989500
2025-06-17 20:06:00,0.5042100,0.5049000,0.5039200,0.5046900,40575.4409500
2025-06-17 20:07:00,0.5046900,0.5049300,0.5038000,0.5049300,48319.0818500
2025-06-17 20:08:00,0.5048900,0.5065700,0.5043900,0.5048400,65327.6951600
2025-06-17 20:09:00,0.5047100,0.5047100,0.5029500,0.5038600,103132.3419600
2025-06-17 20:10:00,0.5039800,0.5049600,0.5037600,0.5041900,195480.4820900
2025-06-17 20:11:00,0.5041500,0.5043800,0.5014100,0.5017800,226935.0982800
2025-06-17 20:12:00,0.5018900,0.5034200,0.5016200,0.5026000,167238.8750900
2025-06-17 20:13:00,0.5025600,0.5028700,0.5012700,0.5017400,57258.5409800
2025-06-17 20:14:00,0.5017200,0.5020900,0.5006300,0.5009600,128289.6359200
2025-06-17 20:15:00,0.5010000,0.5029600,0.5006300,0.5027800,125493.1085600
2025-06-17 20:16:00,0.5027000,0.5029800,0.5017200,0.5027100,151129.0982200
2025-06-17 20:17:00,0.5026200,0.5029300,0.5012200,0.5020400,77532.8860600
2025-06-17 20:18:00,0.5020600,0.5027800,0.5015900,0.5016300,62047.6303500
2025-06-17 20:19:00,0.5017400,0.5017600,0.5002200,0.5004900,144468.4860400
2025-06-17 20:20:00,0.5005400,0.5007800,0.5000900,0.5003600,86349.3391300
2025-06-17 20:21:00,0.5005000,0.5005000,0.4991300,0.4991500,167642.7910100
2025-06-17 20:22:00,0.4991400,0.5003800,0.4988000,0.4996700,94684.7241200
2025-06-17 20:23:00,0.4995600,0.5000900,0.4992500,0.4999500,44226.5094100
2025-06-17 20:24:00,0.4999400,0.5009600,0.4990600,0.4990600,161220.7174600
2025-06-17 20:25:00,0.4991500,0.4992400,0.4975500,0.4980500,178324.5138000
2025-06-17 20:26:00,0.4980500,0.4998900,0.4978500,0.4997000,139406.5380900
2025-06-17 20:27:00,0.4996900,0.4999000,0.4987900,0.4998900,122822.1333800
2025-06-17 20:28:00,0.4998300,0.5012100,0.4992700,0.5006400,145297.8194000
2025-06-17 20:29:00,0.5006000,0.5014500,0.5002000,0.5010100,53369.5324300
2025-06-17 20:30:00,0.5011500,0.5013800,0.4998800,0.5008800,89916.9596600
2025-06-17 20:31:00,0.5009400,0.5022900,0.5008800,0.5018200,112359.9887700
2025-06-17 20:32:00,0.5018400,0.5037500,0.5017700,0.5021700,209226.0364800
2025-06-17 20:33:00,0.5021600,0.5042800,0.5018200,0.5037200,189455.8553000
2025-06-17 20:34:00,0.5035700,0.5069400,0.5035200,0.5053600,209554.6178300
2025-06-17 20:35:00,0.5054200,0.5062700,0.5049800,0.5056800,98300.5668600
2025-06-17 20:36:00,0.5056700,0.5056700,0.5037000,0.5041200,79745.8197200
2025-06-17 20:37:00,0.5040900,0.5049000,0.5039100,0.5040600,35971.8940700
2025-06-17 20:38:00,0.5040700,0.5040800,0.5023200,0.5023200,128457.2748300
2025-06-17 20:39:00,0.5023200,0.5024300,0.5012500,0.5015800,41725.7502800
2025-06-17 20:40:00,0.5015600,0.5028600,0.5014200,0.5028600,90687.8551400
2025-06-17 20:41:00,0.5028400,0.5041800,0.5028400,0.5032400,84462.4524200
2025-06-17 20:42:00,0.5032500,0.5047100,0.5032400,0.5044000,82785.0164000
2025-06-17 20:43:00,0.5044000,0.5045300,0.5024000,0.5029800,37461.7326300
2025-06-17 20:44:00,0.5029900,0.5038000,0.5027300,0.5036700,39274.5068000
2025-06-17 20:45:00,0.5036700,0.5039800,0.5029600,0.5034700,37942.6680200
2025-06-17 20:46:00,0.5034700,0.5038500,0.5023600,0.5038500,49766.2237000
2025-06-17 20:47:00,0.5038400,0.5038500,0.5026900,0.5029000,44970.8734400
2025-06-17 20:48:00,0.5028300,0.5028300,0.5010500,0.5017800,52134.2319500
2025-06-17 20:49:00,0.5017200,0.5022300,0.5012100,0.5018300,42031.2466100
2025-06-17 20:50:00,0.5018200,0.5021300,0.5013200,0.5014300,24920.5033000
2025-06-17 20:51:00,0.5014600,0.5021100,0.5010400,0.5017000,31962.2656800
2025-06-17 20:52:00,0.5017000,0.5028500,0.5015300,0.5017000,34318.7982400
2025-06-17 20:53:00,0.5017300,0.5030000,0.5017300,0.5028300,16251.6487800
2025-06-17 20:54:00,0.5027900,0.5027900,0.5008000,0.5009900,46586.3990000
2025-06-17 20:55:00,0.5010500,0.5019900,0.5008000,0.5008600,21603.8918900
2025-06-17 20:56:00,0.5009300,0.5013600,0.5004800,0.5008500,75492.6362500
2025-06-17 20:57:00,0.5008700,0.5020500,0.5008700,0.5019400,25325.7892900
2025-06-17 20:58:00,0.5019600,0.5026400,0.5013600,0.5014500,27022.0564700
2025-06-17 20:59:00,0.5014100,0.5022500,0.5009700,0.5010400,28109.4576300
2025-06-17 21:00:00,0.5010100,0.5017200,0.5007300,0.5016500,38901.3526000
2025-06-17 21:01:00,0.5017000,0.5019900,0.5005800,0.5018300,46033.8439400
2025-06-17 21:02:00,0.5018200,0.5029000,0.5013500,0.5019600,69541.8336700
2025-06-17 21:03:00,0.5020800,0.5028000,0.5011600,0.5015100,48210.6773700
2025-06-17 21:04:00,0.5014700,0.5016700,0.5004400,0.5010200,64652.0614600
2025-06-17 21:05:00,0.5011200,0.5016700,0.5008200,0.5013200,37938.3422400
2025-06-17 21:06:00,0.5013800,0.5020400,0.5003900,0.5004300,49843.9452800
2025-06-17 21:07:00,0.5004600,0.5008800,0.4998100,0.5005700,38678.4167100
2025-06-17 21:08:00,0.5005700,0.5006800,0.4993800,0.5004000,43670.6757200
2025-06-17 21:09:00,0.5003100,0.5025300,0.5001000,0.5025100,50689.3552400
2025-06-17 21:10:00,0.5025600,0.5035300,0.5022600,0.5022900,57744.3597500
2025-06-17 21:11:00,0.5023600,0.5027300,0.5016900,0.5027300,36249.1700100
2025-06-17 21:12:00,0.5026800,0.5030600,0.5011800,0.5014700,35693.7522800
2025-06-17 21:13:00,0.5014700,0.5036200,0.5013100,0.5031900,43634.2106900
2025-06-17 21:14:00,0.5032000,0.5032900,0.5019500,0.5019900,36332.8924400
2025-06-17 21:15:00,0.5019200,0.5019300,0.5005100,0.5006400,42185.0434400
2025-06-17 21:16:00,0.5006100,0.5013400,0.5001100,0.5011900,31136.5186300
2025-06-17 21:17:00,0.5011900,0.5021500,0.5010300,0.5019200,40817.3918700
2025-06-17 21:18:00,0.5018600,0.5024900,0.5017400,0.5020600,32714.3913900
2025-06-17 21:19:00,0.5021000,0.5021000,0.5009500,0.5010800,26877.5889200
2025-06-17 21:20:00,0.5010600,0.5017300,0.5007800,0.5017300,33960.1662800
2025-06-17 21:21:00,0.5017200,0.5017200,0.5007600,0.5013800,52385.2575200
2025-06-17 21:22:00,0.5013900,0.5023400,0.5012900,0.5022300,47609.4227300
2025-06-17 21:23:00,0.5021600,0.5027200,0.5014000,0.5016000,31483.4799000
2025-06-17 21:24:00,0.5015900,0.5023500,0.5013100,0.5014200,48842.1906600
2025-06-17 21:25:00,0.5013700,0.5016600,0.5005900,0.5007000,43434.3095900
2025-06-17 21:26:00,0.5007000,0.5015400,0.5005900,0.5015000,53516.4231900
2025-06-17 21:27:00,0.5014600,0.5015000,0.5006600,0.5008100,37797.2447000
2025-06-17 21:28:00,0.5008700,0.5015200,0.5008200,0.5014200,28816.5179500
2025-06-17 21:29:00,0.5014300,0.5024600,0.5011600,0.5012600,48528.4044000
2025-06-17 21:30:00,0.5012700,0.5023100,0.5009500,0.5017200,21884.1163800
2025-06-17 21:31:00,0.5017100,0.5033800,0.5017100,0.5032900,28604.2646000
2025-06-17 21:32:00,0.5033800,0.5041800,0.5028300,0.5032600,51869.6971200
2025-06-17 21:33:00,0.5032600,0.5041400,0.5032600,0.5033400,31407.3746800
2025-06-17 21:34:00,0.5033300,0.5034700,0.5014300,0.5014900,48531.9520900
2025-06-17 21:35:00,0.5015300,0.5028400,0.5015300,0.5023100,31475.9765000
2025-06-17 21:36:00,0.5022900,0.5025800,0.5019400,0.5020800,25026.4276400
2025-06-17 21:37:00,0.5020500,0.5024400,0.5014200,0.5016200,58884.0922700
2025-06-17 21:38:00,0.5016300,0.5021700,0.5012400,0.5016100,21073.2963300
2025-06-17 21:39:00,0.5016000,0.5021000,0.5011800,0.5016500,34017.2314700
2025-06-17 21:40:00,0.5015500,0.5021700,0.5012600,0.5021000,18908.7601000
2025-06-17 21:41:00,0.5021000,0.5022500,0.5016200,0.5017700,28694.4152300
2025-06-17 21:42:00,0.5017600,0.5023900,0.5016300,0.5021500,98985.0036500
2025-06-17 21:43:00,0.5021500,0.5030600,0.5020500,0.5024800,52635.6517200
2025-06-17 21:44:00,0.5024600,0.5025000,0.5014100,0.5023400,41282.7575300
2025-06-17 21:45:00,0.5021900,0.5036500,0.5021400,0.5033600,60175.9005900
2025-06-17 21:46:00,0.5033400,0.5038900,0.5029900,0.5038400,80653.2884900
2025-06-17 21:47:00,0.5038400,0.5043900,0.5037700,0.5041200,74420.4546300
2025-06-17 21:48:00,0.5040800,0.5043700,0.5036700,0.5037600,43028.0940600
2025-06-17 21:49:00,0.5038200,0.5042100,0.5038200,0.5040600,42459.5963200
2025-06-17 21:50:00,0.5041300,0.5064200,0.5040000,0.5063200,120132.0084100
2025-06-17 21:51:00,0.5062300,0.5068600,0.5060200,0.5064700,94230.3295700
2025-06-17 21:52:00,0.5065400,0.5076900,0.5065100,0.5072800,76707.6846700
2025-06-17 21:53:00,0.5073000,0.5078000,0.5069400,0.5076200,32260.6408100
2025-06-17 21:54:00,0.5076300,0.5086000,0.5074700,0.5082000,93811.1051600
2025-06-17 21:55:00,0.5081200,0.5107500,0.5080600,0.5102500,231138.8421300
2025-06-17 21:56:00,0.5102100,0.5116000,0.5101600,0.5113300,134322.6601900
2025-06-17 21:57:00,0.5113500,0.5127200,0.5109800,0.5123200,129711.7321900
2025-06-17 21:58:00,0.5124500,0.5132500,0.5119600,0.5125500,172177.9662700
2025-06-17 21:59:00,0.5125400,0.5135100,0.5120900,0.5130100,99259.5178800
2025-06-17 22:00:00,0.5130800,0.5164600,0.5129200,0.5143400,389483.3936800
2025-06-17 22:01:00,0.5143700,0.5154300,0.5133600,0.5154300,188039.7729400
2025-06-17 22:02:00,0.5154000,0.5188000,0.5154000,0.5187500,262985.0100400
2025-06-17 22:03:00,0.5187700,0.5211500,0.5186500,0.5197500,331278.6714100
2025-06-17 22:04:00,0.5197600,0.5210600,0.5192000,0.5200100,182377.2860900
2025-06-17 22:05:00,0.5200500,0.5207500,0.5190700,0.5198800,299998.1259200
2025-06-17 22:06:00,0.5198800,0.5216800,0.5188400,0.5195900,315067.0151100
2025-06-17 22:07:00,0.5197500,0.5209500,0.5197400,0.5206800,175285.4741900
2025-06-17 22:08:00,0.5206200,0.5206200,0.5176200,0.5182600,169430.3482300
2025-06-17 22:09:00,0.5183100,0.5195700,0.5173700,0.5191900,147558.9745300
2025-06-17 22:10:00,0.5192800,0.5204700,0.5187700,0.5189000,100228.3834300
2025-06-17 22:11:00,0.5189300,0.5207200,0.5187800,0.5196800,116049.5141500
2025-06-17 22:12:00,0.5197800,0.5207900,0.5187600,0.5203800,185130.1681100
2025-06-17 22:13:00,0.5203400,0.5218100,0.5194600,0.5214700,165715.6220100
2025-06-17 22:14:00,0.5215500,0.5240600,0.5215000,0.5235700,305258.1012200
2025-06-17 22:15:00,0.5236000,0.5240000,0.5224500,0.5237100,137722.9426400
2025-06-17 22:16:00,0.5237100,0.5242400,0.5227900,0.5241500,118491.2148600
2025-06-17 22:17:00,0.5240500,0.5257500,0.5235800,0.5253100,217152.0949600
2025-06-17 22:18:00,0.5253900,0.5260000,0.5242300,0.5253300,192324.4607000
2025-06-17 22:19:00,0.5254000,0.5273400,0.5251900,0.5268500,208066.0601200
2025-06-17 22:20:00,0.5268000,0.5277200,0.5255700,0.5276600,200322.1613300
2025-06-17 22:21:00,0.5276700,0.5282000,0.5255800,0.5274300,129920.6933000
2025-06-17 22:22:00,0.5274300,0.5278400,0.5262100,0.5263400,132763.3707600
2025-06-17 22:23:00,0.5263000,0.5266500,0.5255400,0.5257200,105248.2643100
2025-06-17 22:24:00,0.5256600,0.5270000,0.5255100,0.5262200,54753.2193200
2025-06-17 22:25:00,0.5262400,0.5268900,0.5238800,0.5242500,162165.2546300
2025-06-17 22:26:00,0.5241500,0.5242100,0.5205300,0.5208200,302440.5608100
2025-06-17 22:27:00,0.5208300,0.5219000,0.5205400,0.5206000,129302.0600200
2025-06-17 22:28:00,0.5205600,0.5206200,0.5184000,0.5194100,146895.2254300
2025-06-17 22:29:00,0.5194100,0.5208100,0.5193900,0.5199200,84126.4828900
2025-06-17 22:30:00,0.5199100,0.5212200,0.5195600,0.5196100,144061.5011200
2025-06-17 22:31:00,0.5196100,0.5197600,0.5184400,0.5185900,116090.5041500
2025-06-17 22:32:00,0.5186800,0.5196100,0.5186800,0.5194600,62759.7291800
2025-06-17 22:33:00,0.5194600,0.5204600,0.5194500,0.5194900,61928.2600100
2025-06-17 22:34:00,0.5194600,0.5195900,0.5192000,0.5193500,56317.5387400
2025-06-17 22:35:00,0.5193400,0.5193800,0.5177100,0.5185000,198607.3269000
2025-06-17 22:36:00,0.5187500,0.5193300,0.5186800,0.5192600,80664.9389900
2025-06-17 22:37:00,0.5192700,0.5203800,0.5190400,0.5199700,69068.9615100
2025-06-17 22:38:00,0.5198800,0.5205300,0.5198800,0.5205300,45166.0716100
2025-06-17 22:39:00,0.5205200,0.5218000,0.5191600,0.5194400,109942.5369000
2025-06-17 22:40:00,0.5193500,0.5200400,0.5180700,0.5196300,149593.1817500
2025-06-17 22:41:00,0.5196500,0.5202900,0.5192600,0.5202900,43493.3249800
2025-06-17 22:42:00,0.5203000,0.5203400,0.5186600,0.5190100,44023.8033000
2025-06-17 22:43:00,0.5189900,0.5191900,0.5184600,0.5191000,33187.9981300
2025-06-17 22:44:00,0.5191300,0.5195200,0.5185100,0.5193500,34796.3252700
2025-06-17 22:45:00,0.5193700,0.5218900,0.5192000,0.5214600,77699.3064100
2025-06-17 22:46:00,0.5214600,0.5218100,0.5200300,0.5209800,84497.4452400
2025-06-17 22:47:00,0.5210000,0.5237600,0.5208600,0.5233800,121756.4093000
2025-06-17 22:48:00,0.5233400,0.5246200,0.5224600,0.5243000,146232.9167100
2025-06-17 22:49:00,0.5243100,0.5256000,0.5243000,0.5250600,95476.5118900
2025-06-17 22:50:00,0.5250200,0.5250200,0.5229500,0.5233500,99740.7511100
2025-06-17 22:51:00,0.5233900,0.5233900,0.5224200,0.5226400,48695.9504600
2025-06-17 22:52:00,0.5226000,0.5231300,0.5223800,0.5223800,54480.8732100
2025-06-17 22:53:00,0.5223500,0.5223500,0.5207300,0.5207800,80670.6801500
2025-06-17 22:54:00,0.5207600,0.5217300,0.5201600,0.5213400,55774.4883300
2025-06-17 22:55:00,0.5213000,0.5213100,0.5198300,0.5211800,64924.7839500
2025-06-17 22:56:00,0.5210800,0.5210800,0.5192700,0.5192700,101193.7205000
2025-06-17 22:57:00,0.5194000,0.5210600,0.5194000,0.5196000,136952.1603700
2025-06-17 22:58:00,0.5196200,0.5201800,0.5189700,0.5199300,63178.6275900
2025-06-17 22:59:00,0.5200700,0.5203900,0.5194600,0.5197600,50408.7700800
2025-06-17 23:00:00,0.5197500,0.5197600,0.5188900,0.5190500,59159.4273900
2025-06-17 23:01:00,0.5190500,0.5200200,0.5181500,0.5189200,63308.9892400
2025-06-17 23:02:00,0.5188900,0.5200100,0.5185700,0.5185700,97693.6458600
2025-06-17 23:03:00,0.5187200,0.5198500,0.5184600,0.5194200,57845.6328100
2025-06-17 23:04:00,0.5194500,0.5201200,0.5186100,0.5190100,51075.2106500
2025-06-17 23:05:00,0.5190600,0.5195500,0.5182000,0.5188200,60080.1295100
2025-06-17 23:06:00,0.5188700,0.5191900,0.5187200,0.5189600,27892.7764600
2025-06-17 23:07:00,0.5189200,0.5194000,0.5185900,0.5186700,35476.5912800
2025-06-17 23:08:00,0.5187500,0.5191600,0.5180700,0.5191100,28644.6444700
2025-06-17 23:09:00,0.5191100,0.5195400,0.5147200,0.5157600,471935.9357900
2025-06-17 23:10:00,0.5157200,0.5165000,0.5147500,0.5162800,149060.8675200
2025-06-17 23:11:00,0.5162600,0.5164200,0.5151800,0.5155200,117635.9477100
2025-06-17 23:12:00,0.5157400,0.5160400,0.5152600,0.5155400,59563.4220000
2025-06-17 23:13:00,0.5154100,0.5157900,0.5146300,0.5146800,51918.7380000
2025-06-17 23:14:00,0.5146200,0.5161600,0.5145400,0.5160400,78066.7471500
2025-06-17 23:15:00,0.5160500,0.5162400,0.5152300,0.5153100,35245.2799200
2025-06-17 23:16:00,0.5152500,0.5152500,0.5132900,0.5138400,100813.5831000
2025-06-17 23:17:00,0.5138400,0.5145400,0.5136600,0.5142100,65673.9989400
2025-06-17 23:18:00,0.5142600,0.5142600,0.5129100,0.5132000,53292.0628000
2025-06-17 23:19:00,0.5132200,0.5141100,0.5126800,0.5134500,94531.7658500
2025-06-17 23:20:00,0.5135500,0.5153900,0.5134600,0.5152500,61097.8324400
2025-06-17 23:21:00,0.5152800,0.5157700,0.5150300,0.5157700,46235.3521300
2025-06-17 23:22:00,0.5157800,0.5168900,0.5157800,0.5168000,72728.4259500
2025-06-17 23:23:00,0.5167800,0.5179800,0.5167600,0.5171000,60005.3625300
2025-06-17 23:24:00,0.5171100,0.5171200,0.5163600,0.5167000,18251.0665500
2025-06-17 23:25:00,0.5166600,0.5178000,0.5166600,0.5176900,52601.8415600
2025-06-17 23:26:00,0.5177000,0.5178700,0.5172300,0.5176900,43548.6277200
2025-06-17 23:27:00,0.5176800,0.5178000,0.5169300,0.5172000,77363.3178700
2025-06-17 23:28:00,0.5172100,0.5176500,0.5170900,0.5172800,17322.8695400
2025-06-17 23:29:00,0.5172800,0.5172800,0.5163000,0.5165500,15741.2139800
2025-06-17 23:30:00,0.5165400,0.5168900,0.5159000,0.5159000,43908.8422400
2025-06-17 23:31:00,0.5159000,0.5164000,0.5149700,0.5153400,38656.0884500
2025-06-17 23:32:00,0.5153500,0.5153500,0.5147200,0.5148900,47093.3024900
2025-06-17 23:33:00,0.5148100,0.5155200,0.5145500,0.5146600,32729.8036600
2025-06-17 23:34:00,0.5147500,0.5148900,0.5139300,0.5139300,35648.1759100
2025-06-17 23:35:00,0.5139200,0.5145900,0.5138800,0.5141600,38470.1402100
2025-06-17 23:36:00,0.5141500,0.5142300,0.5128300,0.5128300,36083.9573700
2025-06-17 23:37:00,0.5128500,0.5134600,0.5126400,0.5126400,58251.5840200
2025-06-17 23:38:00,0.5126400,0.5127800,0.5120400,0.5120400,40470.7363900
2025-06-17 23:39:00,0.5120400,0.5120500,0.5113600,0.5115900,36248.0188800
2025-06-17 23:40:00,0.5116100,0.5119800,0.5112400,0.5117200,52260.2119400
2025-06-17 23:41:00,0.5117300,0.5129200,0.5117100,0.5117100,31256.8355700
2025-06-17 23:42:00,0.5117200,0.5118000,0.5113300,0.5116600,40309.6905100
2025-06-17 23:43:00,0.5116000,0.5117900,0.5113500,0.5117100,21105.2645500
2025-06-17 23:44:00,0.5117100,0.5120100,0.5114500,0.5119200,19328.5816100
2025-06-17 23:45:00,0.5119600,0.5122500,0.5104900,0.5106700,47145.8387400
2025-06-17 23:46:00,0.5106500,0.5110100,0.5103100,0.5104600,95299.2920500
2025-06-17 23:47:00,0.5104600,0.5111100,0.5101900,0.5109200,42569.7334900
2025-06-17 23:48:00,0.5109100,0.5111000,0.5088200,0.5092300,129345.9825100
2025-06-17 23:49:00,0.5092100,0.5103500,0.5091000,0.5102100,52603.6017200
2025-06-17 23:50:00,0.5102200,0.5103300,0.5088300,0.5093100,63437.0653800
2025-06-17 23:51:00,0.5094000,0.5106300,0.5092800,0.5102100,56060.0200700
2025-06-17 23:52:00,0.5102100,0.5106900,0.5096900,0.5097400,70827.6649600
2025-06-17 23:53:00,0.5098000,0.5101100,0.5093600,0.5100600,24386.2404100
2025-06-17 23:54:00,0.5100500,0.5100500,0.5090000,0.5090500,28726.4187500
2025-06-17 23:55:00,0.5091600,0.5093200,0.5086600,0.5088600,42100.1351500
2025-06-17 23:56:00,0.5089000,0.5093900,0.5086500,0.5092900,27853.5386000
2025-06-17 23:57:00,0.5093600,0.5102600,0.5090800,0.5090800,38598.7677200
2025-06-17 23:58:00,0.5092400,0.5097200,0.5089300,0.5092800,24557.4212800
2025-06-17 23:59:00,0.5094500,0.5099300,0.5092600,0.5097400,30278.2153900
2025-06-18 00:00:00,0.5096900,0.5096900,0.5090100,0.5094200,37373.1227700
2025-06-18 00:01:00,0.5094100,0.5103900,0.5092400,0.5103000,23110.1158800
2025-06-18 00:02:00,0.5103400,0.5109600,0.5099900,0.5104400,46264.0624200
2025-06-18 00:03:00,0.5104400,0.5107900,0.5102100,0.5105600,36764.7101300
2025-06-18 00:04:00,0.5105800,0.5119900,0.5105800,0.5119800,61292.3372900
2025-06-18 00:05:00,0.5119800,0.5126300,0.5116400,0.5125100,41578.5784600
2025-06-18 00:06:00,0.5125300,0.5128200,0.5121300,0.5121300,36503.7941200
2025-06-18 00:07:00,0.5121300,0.5124700,0.5115800,0.5120900,55239.5507800
2025-06-18 00:08:00,0.5120100,0.5123100,0.5112800,0.5113400,28420.8449000
2025-06-18 00:09:00,0.5112800,0.5112900,0.5084900,0.5088400,121238.7943300
2025-06-18 00:10:00,0.5088700,0.5092900,0.5081100,0.5092000,47930.3040300
2025-06-18 00:11:00,0.5092000,0.5093000,0.5085400,0.5088600,36417.0743300
2025-06-18 00:12:00,0.5088600,0.5096300,0.5087300,0.5091700,66030.7508700
2025-06-18 00:13:00,0.5091700,0.5095000,0.5091200,0.5093200,36097.9457300
2025-06-18 00:14:00,0.5094000,0.5094000,0.5081100,0.5085600,50769.0682500
2025-06-18 00:15:00,0.5085000,0.5102000,0.5077400,0.5096900,77557.1006100
2025-06-18 00:16:00,0.5096900,0.5104400,0.5093600,0.5093700,37429.0874300
2025-06-18 00:17:00,0.5094200,0.5100400,0.5094200,0.5099600,26716.6990900
2025-06-18 00:18:00,0.5099500,0.5099500,0.5091600,0.5091900,12672.3045700
2025-06-18 00:19:00,0.5092000,0.5105300,0.5091100,0.5102700,48945.8061000
2025-06-18 00:20:00,0.5102500,0.5102600,0.5088000,0.5093600,59942.0136800
2025-06-18 00:21:00,0.5093700,0.5095700,0.5088600,0.5091600,16320.7781800
2025-06-18 00:22:00,0.5091200,0.5094800,0.5074100,0.5078100,59811.5254800
2025-06-18 00:23:00,0.5078000,0.5086700,0.5078000,0.5086200,29098.9289400
2025-06-18 00:24:00,0.5086400,0.5086400,0.5079500,0.5084400,41385.0265600
2025-06-18 00:25:00,0.5084100,0.5084100,0.5073600,0.5075100,31709.0346100
2025-06-18 00:26:00,0.5076000,0.5091700,0.5075200,0.5091300,52333.5157500
2025-06-18 00:27:00,0.5091300,0.5097500,0.5084100,0.5084100,37061.1529300
2025-06-18 00:28:00,0.5085000,0.5088900,0.5079200,0.5082200,26264.5668800
2025-06-18 00:29:00,0.5080600,0.5095200,0.5080600,0.5094900,21998.5157700
2025-06-18 00:30:00,0.5094800,0.5128700,0.5094800,0.5128700,119984.5062100
2025-06-18 00:31:00,0.5128400,0.5133400,0.5118000,0.5120800,55889.3016300
2025-06-18 00:32:00,0.5120600,0.5123800,0.5117400,0.5120800,46385.1341100
2025-06-18 00:33:00,0.5121000,0.5123400,0.5112100,0.5116000,43778.5390500
2025-06-18 00:34:00,0.5115600,0.5117600,0.5109100,0.5114700,59478.0749500
2025-06-18 00:35:00,0.5114700,0.5118700,0.5111400,0.5113300,47756.1862500
2025-06-18 00:36:00,0.5113700,0.5115700,0.5108400,0.5108400,19121.4744800
2025-06-18 00:37:00,0.5108500,0.5108600,0.5092200,0.5093000,33623.1385800
2025-06-18 00:38:00,0.5093700,0.5095900,0.5089700,0.5091600,26508.6863100
2025-06-18 00:39:00,0.5091600,0.5092400,0.5084400,0.5086300,17916.6307800
2025-06-18 00:40:00,0.5086300,0.5093900,0.5086300,0.5093800,53595.2056400
2025-06-18 00:41:00,0.5093800,0.5094800,0.5090800,0.5094300,30346.1597300
2025-06-18 00:42:00,0.5094200,0.5095400,0.5093000,0.5094800,24330.0380900
2025-06-18 00:43:00,0.5094700,0.5099100,0.5094700,0.5099100,13024.1609900
2025-06-18 00:44:00,0.5099100,0.5109900,0.5099000,0.5109500,31163.7317500
2025-06-18 00:45:00,0.5109500,0.5109500,0.5102900,0.5103900,20555.2020000
2025-06-18 00:46:00,0.5103400,0.5103400,0.5083500,0.5083500,40074.0518400
2025-06-18 00:47:00,0.5083400,0.5083400,0.5061000,0.5064100,72000.0511200
2025-06-18 00:48:00,0.5063700,0.5068300,0.5060300,0.5068300,39521.1792300
2025-06-18 00:49:00,0.5068300,0.5068300,0.5057200,0.5062400,96186.7446500
2025-06-18 00:50:00,0.5062300,0.5069100,0.5062300,0.5069100,17066.4917900
2025-06-18 00:51:00,0.5069100,0.5069200,0.5069100,0.5069200,2328.2712600
2025-06-18 00:52:00,0.5069200,0.5079900,0.5069200,0.5079900,47094.4745100
2025-06-18 00:53:00,0.5080000,0.5080300,0.5065900,0.5067200,23267.5857700
2025-06-18 00:54:00,0.5066900,0.5077700,0.5066900,0.5069000,24666.6696400
2025-06-18 00:55:00,0.5068900,0.5069600,0.5058600,0.5060100,39840.3050600
2025-06-18 00:56:00,0.5059600,0.5065300,0.5059600,0.5061600,17209.6544600
2025-06-18 00:57:00,0.5061600,0.5082400,0.5061500,0.5082400,26838.5646400
2025-06-18 00:58:00,0.5082400,0.5082600,0.5073600,0.5078800,12039.8726400
2025-06-18 00:59:00,0.5078800,0.5083600,0.5075300,0.5081200,9204.8583700
2025-06-18 01:00:00,0.5081300,0.5092500,0.5077100,0.5079600,43611.9536300
2025-06-18 01:01:00,0.5080200,0.5080900,0.5065200,0.5066000,61524.3409300
2025-06-18 01:02:00,0.5066000,0.5069600,0.5056900,0.5067800,67340.5468400
2025-06-18 01:03:00,0.5066900,0.5067200,0.5055600,0.5056900,25690.2330500
2025-06-18 01:04:00,0.5056400,0.5079500,0.5050000,0.5069700,193013.9808600
2025-06-18 01:05:00,0.5069900,0.5082300,0.5069900,0.5081100,52769.5247200
2025-06-18 01:06:00,0.5081200,0.5089700,0.5078500,0.5088800,30597.5672800
2025-06-18 01:07:00,0.5088800,0.5095500,0.5079900,0.5080100,58078.5138500
2025-06-18 01:08:00,0.5080200,0.5104700,0.5080200,0.5097800,133667.6268500
2025-06-18 01:09:00,0.5098000,0.5098400,0.5093200,0.5097400,17920.5581900
2025-06-18 01:10:00,0.5097500,0.5097500,0.5075900,0.5084800,46904.4994700
2025-06-18 01:11:00,0.5083800,0.5087900,0.5079600,0.5085400,26939.2198700
2025-06-18 01:12:00,0.5085500,0.5092100,0.5085500,0.5091900,12408.4698600
2025-06-18 01:13:00,0.5091000,0.5092000,0.5085700,0.5091200,31604.0882800
2025-06-18 01:14:00,0.5091600,0.5117400,0.5091600,0.5110800,214227.7210600
2025-06-18 01:15:00,0.5110400,0.5123500,0.5107400,0.5109200,75754.3852100
2025-06-18 01:16:00,0.5109300,0.5110600,0.5096900,0.5100000,69143.0948800
2025-06-18 01:17:00,0.5099600,0.5104700,0.5097300,0.5104700,22541.4555600
2025-06-18 01:18:00,0.5104400,0.5106500,0.5094200,0.5097600,17164.2548900
2025-06-18 01:19:00,0.5098000,0.5099400,0.5092300,0.5099400,26427.2122700
2025-06-18 01:20:00,0.5099100,0.5103400,0.5092700,0.5103400,33468.0760300
2025-06-18 01:21:00,0.5103300,0.5106600,0.5096500,0.5097100,21984.3769100
2025-06-18 01:22:00,0.5097100,0.5101400,0.5093400,0.5094800,16911.5134100
2025-06-18 01:23:00,0.5094500,0.5102900,0.5093900,0.5097400,31057.7819800
2025-06-18 01:24:00,0.5097300,0.5098400,0.5087100,0.5094600,28793.3777900
2025-06-18 01:25:00,0.5094900,0.5100800,0.5094400,0.5100200,18648.6773200
2025-06-18 01:26:00,0.5100200,0.5101900,0.5091900,0.5094200,17421.2106500
2025-06-18 01:27:00,0.5094000,0.5098700,0.5088100,0.5090100,17496.0358100
2025-06-18 01:28:00,0.5090100,0.5091800,0.5087800,0.5089700,21433.2856400
2025-06-18 01:29:00,0.5089700,0.5093000,0.5088200,0.5089700,15652.7146500
2025-06-18 01:30:00,0.5088800,0.5088800,0.5079000,0.5083100,75593.7937900
2025-06-18 01:31:00,0.5084500,0.5097100,0.5083200,0.5092600,24737.3679400
2025-06-18 01:32:00,0.5092700,0.5094800,0.5089400,0.5090600,18305.3995100
2025-06-18 01:33:00,0.5091100,0.5091500,0.5082000,0.5083400,22389.6278300
2025-06-18 01:34:00,0.5083400,0.5085300,0.5081600,0.5085200,31135.6779100
2025-06-18 01:35:00,0.5084500,0.5085200,0.5078100,0.5078800,28219.7980700
2025-06-18 01:36:00,0.5078200,0.5078400,0.5069600,0.5069800,17906.1904800
2025-06-18 01:37:00,0.5069700,0.5069700,0.5063200,0.5066000,30056.6602300
2025-06-18 01:38:00,0.5065500,0.5073400,0.5064200,0.5068400,14894.8646100
2025-06-18 01:39:00,0.5068200,0.5070800,0.5065600,0.5068900,28575.4803700
2025-06-18 01:40:00,0.5070000,0.5084300,0.5070000,0.5082900,49064.9831600
2025-06-18 01:41:00,0.5082900,0.5093100,0.5082900,0.5085200,50762.2950600
2025-06-18 01:42:00,0.5085500,0.5086300,0.5080000,0.5085600,21531.6616200
2025-06-18 01:43:00,0.5086000,0.5098900,0.5085900,0.5098800,27241.8494400
2025-06-18 01:44:00,0.5099000,0.5101800,0.5089900,0.5098200,53547.3618200
2025-06-18 01:45:00,0.5097100,0.5112700,0.5096400,0.5107000,67490.1836300
2025-06-18 01:46:00,0.5108200,0.5110600,0.5104000,0.5106000,23691.1646300
2025-06-18 01:47:00,0.5105400,0.5105900,0.5094500,0.5097100,24968.6357500
2025-06-18 01:48:00,0.5097200,0.5110800,0.5096800,0.5110800,40697.4303200
2025-06-18 01:49:00,0.5111200,0.5117700,0.5107600,0.5114100,82896.8242200
2025-06-18 01:50:00,0.5114100,0.5123000,0.5111700,0.5111900,68275.3218100
2025-06-18 01:51:00,0.5111600,0.5112700,0.5096300,0.5098300,23396.6581300
2025-06-18 01:52:00,0.5097900,0.5100000,0.5082900,0.5087300,63778.5060200
2025-06-18 01:53:00,0.5087500,0.5087500,0.5082300,0.5086700,26548.0555000
2025-06-18 01:54:00,0.5086700,0.5086700,0.5070900,0.5071800,89109.3993400
2025-06-18 01:55:00,0.5071600,0.5076000,0.5068600,0.5076000,32309.3677200
2025-06-18 01:56:00,0.5073900,0.5074300,0.5063500,0.5063500,26319.0574800
2025-06-18 01:57:00,0.5064100,0.5064100,0.5031200,0.5044000,202099.0303800
2025-06-18 01:58:00,0.5044000,0.5049300,0.5030900,0.5043200,223069.0163200
2025-06-18 01:59:00,0.5043200,0.5045500,0.5032500,0.5038000,93656.5613000
2025-06-18 02:00:00,0.5038100,0.5049600,0.5030300,0.5044400,157740.3606100
2025-06-18 02:01:00,0.5043200,0.5043200,0.5029000,0.5040000,98094.6887100
2025-06-18 02:02:00,0.5039500,0.5041000,0.5030200,0.5031300,76951.3060600
2025-06-18 02:03:00,0.5031700,0.5044000,0.5030500,0.5042300,68668.4114500
2025-06-18 02:04:00,0.5042200,0.5056900,0.5040000,0.5049900,145581.4332200
2025-06-18 02:05:00,0.5050000,0.5069500,0.5049100,0.5067100,84042.1207900
2025-06-18 02:06:00,0.5066600,0.5075400,0.5062400,0.5073500,122492.3121100
2025-06-18 02:07:00,0.5073200,0.5079000,0.5073100,0.5078100,29598.0043300
2025-06-18 02:08:00,0.5078200,0.5081700,0.5073200,0.5077400,117813.9760100
2025-06-18 02:09:00,0.5076900,0.5084200,0.5076900,0.5080900,24451.0549400
2025-06-18 02:10:00,0.5080900,0.5081000,0.5070500,0.5081000,71688.3291600
2025-06-18 02:11:00,0.5080900,0.5081000,0.5070100,0.5077100,64852.4841100
2025-06-18 02:12:00,0.5076500,0.5085600,0.5069600,0.5083800,139989.3075600
2025-06-18 02:13:00,0.5083600,0.5083600,0.5069400,0.5078900,70378.2499800
2025-06-18 02:14:00,0.5078600,0.5080400,0.5072100,0.5072100,50408.8570800
2025-06-18 02:15:00,0.5072100,0.5076300,0.5069200,0.5075000,20884.3880600
2025-06-18 02:16:00,0.5074100,0.5076500,0.5063400,0.5068100,37121.4936500
2025-06-18 02:17:00,0.5068000,0.5082600,0.5068000,0.5082400,29162.5202300
2025-06-18 02:18:00,0.5082400,0.5083800,0.5073700,0.5073800,25527.4204400
2025-06-18 02:19:00,0.5074800,0.5076400,0.5070200,0.5074800,22413.6505900
2025-06-18 02:20:00,0.5074900,0.5083500,0.5074900,0.5080000,35995.2727600
2025-06-18 02:21:00,0.5080000,0.5090600,0.5076000,0.5090000,58567.3593700
2025-06-18 02:22:00,0.5090000,0.5093800,0.5087800,0.5092100,18928.8087500
2025-06-18 02:23:00,0.5092100,0.5093900,0.5088400,0.5089800,19001.9514500
2025-06-18 02:24:00,0.5089700,0.5089700,0.5082500,0.5082700,25310.9967400
2025-06-18 02:25:00,0.5082600,0.5084700,0.5080900,0.5084700,12662.9521600
2025-06-18 02:26:00,0.5084100,0.5084100,0.5078200,0.5079000,14165.6287800
2025-06-18 02:27:00,0.5079000,0.5096500,0.5078500,0.5094500,43006.6978600
2025-06-18 02:28:00,0.5094600,0.5096700,0.5091000,0.5093100,23153.0544600
2025-06-18 02:29:00,0.5093100,0.5096900,0.5091900,0.5092800,7538.5335700
2025-06-18 02:30:00,0.5092500,0.5101800,0.5092200,0.5099100,28962.6663900
2025-06-18 02:31:00,0.5098800,0.5103400,0.5098700,0.5100400,23121.6737900
2025-06-18 02:32:00,0.5100400,0.5100400,0.5093200,0.5096300,38794.9982100
2025-06-18 02:33:00,0.5096400,0.5105200,0.5096400,0.5100800,31204.0429800
2025-06-18 02:34:00,0.5101000,0.5104700,0.5090900,0.5094100,74900.9571000
2025-06-18 02:35:00,0.5094100,0.5099000,0.5085400,0.5094000,65949.9845800
2025-06-18 02:36:00,0.5094000,0.5100300,0.5092100,0.5098600,42491.0834600
2025-06-18 02:37:00,0.5098800,0.5101600,0.5095100,0.5100800,48540.1544400
2025-06-18 02:38:00,0.5099400,0.5100800,0.5097400,0.5098400,20623.9527800
2025-06-18 02:39:00,0.5098400,0.5102600,0.5095600,0.5101400,19179.2958800
2025-06-18 02:40:00,0.5100900,0.5104800,0.5100200,0.5104000,24977.2720000
2025-06-18 02:41:00,0.5104200,0.5113000,0.5102600,0.5103800,79317.3744100
2025-06-18 02:42:00,0.5103900,0.5106700,0.5098700,0.5101800,48889.2847600
2025-06-18 02:43:00,0.5102000,0.5109500,0.5102000,0.5109500,24663.1105100
2025-06-18 02:44:00,0.5108700,0.5117100,0.5104000,0.5108400,83443.7336000
2025-06-18 02:45:00,0.5108500,0.5111800,0.5103300,0.5103500,46110.7743700
2025-06-18 02:46:00,0.5103400,0.5108500,0.5096000,0.5108500,73119.2995700
2025-06-18 02:47:00,0.5108500,0.5108500,0.5091400,0.5091400,24797.6556600
2025-06-18 02:48:00,0.5091300,0.5092400,0.5076400,0.5078300,59152.8208300
2025-06-18 02:49:00,0.5078200,0.5078300,0.5071400,0.5073400,69123.8246000
2025-06-18 02:50:00,0.5073100,0.5085000,0.5073100,0.5079900,44519.0159600
2025-06-18 02:51:00,0.5079800,0.5082100,0.5077300,0.5077300,10825.9709300
2025-06-18 02:52:00,0.5077400,0.5078800,0.5070200,0.5078800,42988.9423400
2025-06-18 02:53:00,0.5078400,0.5081100,0.5077300,0.5079300,10573.2960900
2025-06-18 02:54:00,0.5079000,0.5086600,0.5072900,0.5078300,43286.2496500
2025-06-18 02:55:00,0.5077000,0.5087900,0.5077000,0.5086400,12025.2889300
2025-06-18 02:56:00,0.5085400,0.5093400,0.5085400,0.5086200,24132.2364100
2025-06-18 02:57:00,0.5086100,0.5087400,0.5080500,0.5080600,26762.4784900
2025-06-18 02:58:00,0.5081000,0.5094000,0.5077100,0.5091200,56822.5127300
2025-06-18 02:59:00,0.5090200,0.5090200,0.5080600,0.5086200,14978.6348500
2025-06-18 03:00:00,0.5086100,0.5100000,0.5086100,0.5099200,68819.7568400
2025-06-18 03:01:00,0.5099200,0.5117100,0.5099200,0.5111300,93723.8725400
2025-06-18 03:02:00,0.5111100,0.5115000,0.5109600,0.5111700,43115.5475400
2025-06-18 03:03:00,0.5110600,0.5131000,0.5110600,0.5129400,87185.8918000
2025-06-18 03:04:00,0.5129500,0.5138300,0.5122400,0.5130800,91311.9614200
2025-06-18 03:05:00,0.5130800,0.5142000,0.5123800,0.5128000,73849.3869200
2025-06-18 03:06:00,0.5128900,0.5134100,0.5122800,0.5128800,67367.5038000
2025-06-18 03:07:00,0.5127600,0.5133600,0.5125600,0.5128700,57315.4490600
2025-06-18 03:08:00,0.5128100,0.5131500,0.5117400,0.5123500,49647.9395100
2025-06-18 03:09:00,0.5122300,0.5126200,0.5119300,0.5119600,18096.6976500
2025-06-18 03:10:00,0.5119900,0.5125300,0.5117600,0.5122600,43740.0695700
2025-06-18 03:11:00,0.5122900,0.5123500,0.5104200,0.5110500,49146.1802400
2025-06-18 03:12:00,0.5110700,0.5126800,0.5110400,0.5122700,49871.9498900
2025-06-18 03:13:00,0.5122400,0.5124200,0.5080700,0.5080900,96705.4186000
2025-06-18 03:14:00,0.5081200,0.5086200,0.5079000,0.5080700,45898.3548900
2025-06-18 03:15:00,0.5081000,0.5090300,0.5080600,0.5088700,38987.4212200
2025-06-18 03:16:00,0.5088400,0.5101900,0.5083000,0.5098000,57262.3866200
2025-06-18 03:17:00,0.5097800,0.5099300,0.5087000,0.5097700,35094.9180500
2025-06-18 03:18:00,0.5097800,0.5103300,0.5091600,0.5091600,26238.5986100
2025-06-18 03:19:00,0.5091900,0.5095700,0.5088600,0.5091400,29212.1497900
2025-06-18 03:20:00,0.5090900,0.5095200,0.5080300,0.5087800,42251.7912800
2025-06-18 03:21:00,0.5087300,0.5099000,0.5083500,0.5093200,39333.9011300
2025-06-18 03:22:00,0.5092900,0.5092900,0.5078100,0.5079300,29688.2136800
2025-06-18 03:23:00,0.5079200,0.5084100,0.5078200,0.5078500,28600.0025700
2025-06-18 03:24:00,0.5078400,0.5079200,0.5073300,0.5075600,35561.9654900
2025-06-18 03:25:00,0.5075100,0.5078000,0.5067300,0.5072600,40037.4070100
2025-06-18 03:26:00,0.5072400,0.5076300,0.5056600,0.5059100,98442.6646300
2025-06-18 03:27:00,0.5059300,0.5069000,0.5058800,0.5064900,28326.2066600
2025-06-18 03:28:00,0.5065400,0.5070300,0.5062900,0.5066500,36946.5585300
2025-06-18 03:29:00,0.5066400,0.5068700,0.5058700,0.5063200,24209.5890200
2025-06-18 03:30:00,0.5061900,0.5063900,0.5050000,0.5057200,70956.1156800
2025-06-18 03:31:00,0.5056900,0.5056900,0.5041300,0.5049000,86397.3587500
2025-06-18 03:32:00,0.5049300,0.5051500,0.5044000,0.5047300,34042.6548700
2025-06-18 03:33:00,0.5047500,0.5048500,0.5043000,0.5046600,28822.4992400
2025-06-18 03:34:00,0.5046700,0.5065700,0.5043900,0.5065000,58720.0702500
2025-06-18 03:35:00,0.5064700,0.5070300,0.5059900,0.5062800,21970.5237000
2025-06-18 03:36:00,0.5062600,0.5073300,0.5060200,0.5073300,111961.0091000
2025-06-18 03:37:00,0.5073400,0.5084600,0.5071200,0.5084600,40735.6404500
2025-06-18 03:38:00,0.5083900,0.5097200,0.5082100,0.5094000,44748.9642900
2025-06-18 03:39:00,0.5093300,0.5096800,0.5084200,0.5088700,66013.6106400
2025-06-18 03:40:00,0.5088700,0.5097400,0.5084300,0.5097000,63419.3362600
2025-06-18 03:41:00,0.5097300,0.5098900,0.5092000,0.5093700,29581.3500000
2025-06-18 03:42:00,0.5093700,0.5098800,0.5093700,0.5093700,25779.3072400
2025-06-18 03:43:00,0.5093900,0.5096400,0.5083500,0.5095700,49572.8857500
2025-06-18 03:44:00,0.5095100,0.5101400,0.5093400,0.5096300,47955.3781400
2025-06-18 03:45:00,0.5097100,0.5106300,0.5091700,0.5091700,41312.9619700
2025-06-18 03:46:00,0.5092200,0.5093600,0.5087100,0.5089700,17502.7499000
2025-06-18 03:47:00,0.5089200,0.5094400,0.5080400,0.5084000,41204.8067300
2025-06-18 03:48:00,0.5084600,0.5086500,0.5080100,0.5083400,13932.4712300
2025-06-18 03:49:00,0.5083500,0.5104700,0.5080000,0.5102100,55747.0332100
2025-06-18 03:50:00,0.5101300,0.5112200,0.5101300,0.5102900,44101.7186600
2025-06-18 03:51:00,0.5103700,0.5106900,0.5099100,0.5105900,38899.7690900
2025-06-18 03:52:00,0.5105600,0.5120700,0.5102900,0.5120100,31942.4874800
2025-06-18 03:53:00,0.5120100,0.5121300,0.5096200,0.5099700,91039.1914700
2025-06-18 03:54:00,0.5100900,0.5114000,0.5100200,0.5104600,135058.8798900
2025-06-18 03:55:00,0.5105100,0.5109400,0.5101900,0.5107600,18131.9152600
2025-06-18 03:56:00,0.5107500,0.5112200,0.5100300,0.5108900,32785.8839600
2025-06-18 03:57:00,0.5109500,0.5112200,0.5101400,0.5102300,22748.6584000
2025-06-18 03:58:00,0.5102000,0.5105600,0.5095100,0.5102600,25111.8395600
2025-06-18 03:59:00,0.5102700,0.5110500,0.5102700,0.5105600,22971.9699100
2025-06-18 04:00:00,0.5107600,0.5124100,0.5105600,0.5120800,83196.4517100
2025-06-18 04:01:00,0.5121000,0.5126200,0.5120300,0.5122300,54621.8663000
2025-06-18 04:02:00,0.5122300,0.5128100,0.5121300,0.5126200,74069.9156700
2025-06-18 04:03:00,0.5126400,0.5130000,0.5122000,0.5124400,41094.4624100
2025-06-18 04:04:00,0.5123900,0.5127900,0.5121600,0.5125900,38575.9587800
2025-06-18 04:05:00,0.5125700,0.5127100,0.5121300,0.5123800,52709.5744000
2025-06-18 04:06:00,0.5123500,0.5130200,0.5123100,0.5127300,47873.6365100
2025-06-18 04:07:00,0.5127300,0.5157100,0.5127300,0.5153900,155659.3748000
2025-06-18 04:08:00,0.5153400,0.5160300,0.5146900,0.5147900,61981.6132500
2025-06-18 04:09:00,0.5147600,0.5149000,0.5136200,0.5138600,60389.8467300
2025-06-18 04:10:00,0.5138700,0.5141100,0.5124000,0.5126500,64244.9155200
2025-06-18 04:11:00,0.5126100,0.5129100,0.5124200,0.5126500,57495.7350300
2025-06-18 04:12:00,0.5126900,0.5128300,0.5120600,0.5120600,24760.0235100
2025-06-18 04:13:00,0.5121300,0.5125500,0.5110700,0.5112500,32654.9529200
2025-06-18 04:14:00,0.5112500,0.5116600,0.5106900,0.5116200,36433.8887900
2025-06-18 04:15:00,0.5116200,0.5126600,0.5114800,0.5125000,21444.9135400
2025-06-18 04:16:00,0.5124900,0.5153900,0.5124900,0.5148000,75275.1610600
2025-06-18 04:17:00,0.5150000,0.5173600,0.5149200,0.5158700,156107.0841300
2025-06-18 04:18:00,0.5159400,0.5174900,0.5158500,0.5174900,48682.8015000
2025-06-18 04:19:00,0.5175000,0.5197100,0.5175000,0.5192900,190118.0658900
2025-06-18 04:20:00,0.5192700,0.5199900,0.5190100,0.5196000,94464.3284700
2025-06-18 04:21:00,0.5196700,0.5230600,0.5196700,0.5226000,243328.1856400
2025-06-18 04:22:00,0.5225500,0.5236500,0.5217200,0.5222600,172965.4225900
2025-06-18 04:23:00,0.5222900,0.5231300,0.5215900,0.5219900,97345.7910700
2025-06-18 04:24:00,0.5219300,0.5255600,0.5205700,0.5223400,596924.0554900
2025-06-18 04:25:00,0.5224800,0.5239400,0.5221400,0.5238300,124405.0234900
2025-06-18 04:26:00,0.5238200,0.5241600,0.5224500,0.5238800,159679.6833100
2025-06-18 04:27:00,0.5239000,0.5245500,0.5218800,0.5220200,213321.8896400
2025-06-18 04:28:00,0.5218800,0.5221700,0.5196700,0.5198500,93480.5515400
2025-06-18 04:29:00,0.5198200,0.5206400,0.5193400,0.5200500,110272.4022200
2025-06-18 04:30:00,0.5200500,0.5207500,0.5195100,0.5199700,64762.4367400
2025-06-18 04:31:00,0.5199000,0.5201200,0.5171700,0.5173500,108721.3506800
2025-06-18 04:32:00,0.5173500,0.5180900,0.5163000,0.5171900,109048.7062200
2025-06-18 04:33:00,0.5172100,0.5174100,0.5157800,0.5168700,89926.9076200
2025-06-18 04:34:00,0.5168600,0.5191300,0.5160000,0.5191300,73165.9446400
2025-06-18 04:35:00,0.5191300,0.5191500,0.5169000,0.5169800,85413.6354200
2025-06-18 04:36:00,0.5170900,0.5175300,0.5163600,0.5164600,88682.2543400
2025-06-18 04:37:00,0.5165100,0.5166600,0.5157100,0.5164000,54380.8042900
2025-06-18 04:38:00,0.5163600,0.5169800,0.5159600,0.5162500,44471.2907200
2025-06-18 04:39:00,0.5162500,0.5168800,0.5158700,0.5166400,16577.2993400
2025-06-18 04:40:00,0.5166200,0.5179200,0.5163100,0.5171200,50113.5397600
2025-06-18 04:41:00,0.5171300,0.5176600,0.5159700,0.5160600,28666.7313800
2025-06-18 04:42:00,0.5160900,0.5168600,0.5148400,0.5159400,187820.0972400
2025-06-18 04:43:00,0.5159800,0.5159800,0.5145600,0.5149700,112787.6132500
2025-06-18 04:44:00,0.5149700,0.5149800,0.5138100,0.5141200,47722.1837200
2025-06-18 04:45:00,0.5141100,0.5141100,0.5116500,0.5118100,79627.8816600
2025-06-18 04:46:00,0.5118000,0.5118000,0.5103300,0.5108500,109731.5857900
2025-06-18 04:47:00,0.5108700,0.5117400,0.5097400,0.5114900,109751.5106800
2025-06-18 04:48:00,0.5115200,0.5120800,0.5110200,0.5120800,46766.3768600
2025-06-18 04:49:00,0.5120700,0.5120900,0.5107700,0.5115300,57897.5867100
2025-06-18 04:50:00,0.5113500,0.5113500,0.5097200,0.5098900,58774.1261400
2025-06-18 04:51:00,0.5097200,0.5111200,0.5097000,0.5104500,66129.0562200
2025-06-18 04:52:00,0.5103400,0.5103400,0.5075600,0.5078800,197499.1218400
2025-06-18 04:53:00,0.5078800,0.5089500,0.5077100,0.5088300,69879.4213100
2025-06-18 04:54:00,0.5088400,0.5091500,0.5086000,0.5091100,50590.5696100
2025-06-18 04:55:00,0.5091200,0.5137500,0.5089700,0.5124100,293652.6614600
2025-06-18 04:56:00,0.5124100,0.5132400,0.5122300,0.5129900,73043.0862500
2025-06-18 04:57:00,0.5129800,0.5129800,0.5088600,0.5096700,130848.2156900
2025-06-18 04:58:00,0.5097200,0.5106300,0.5095800,0.5097300,51420.3274900
2025-06-18 04:59:00,0.5098300,0.5098300,0.5086500,0.5096200,38718.8318300
2025-06-18 05:00:00,0.5096300,0.5108200,0.5094500,0.5094500,72312.9348800
2025-06-18 05:01:00,0.5094500,0.5105200,0.5094500,0.5103700,67099.4138400
2025-06-18 05:02:00,0.5103900,0.5104400,0.5090100,0.5094800,50135.7296600
2025-06-18 05:03:00,0.5095600,0.5115100,0.5094900,0.5112000,39900.8213400
2025-06-18 05:04:00,0.5111600,0.5118200,0.5106000,0.5115800,178676.5312900
2025-06-18 05:05:00,0.5115800,0.5127300,0.5113600,0.5127300,50389.4216600
2025-06-18 05:06:00,0.5127900,0.5128000,0.5099500,0.5103200,77952.1390300
2025-06-18 05:07:00,0.5104000,0.5110400,0.5102500,0.5107100,31850.0131600
2025-06-18 05:08:00,0.5107200,0.5111900,0.5093500,0.5093500,53897.3848400
2025-06-18 05:09:00,0.5093300,0.5102300,0.5093300,0.5096300,30845.2885600
2025-06-18 05:10:00,0.5096200,0.5116300,0.5094200,0.5114800,38034.6269700
2025-06-18 05:11:00,0.5114000,0.5117000,0.5100000,0.5102800,53494.5378500
2025-06-18 05:12:00,0.5102700,0.5107100,0.5099000,0.5102900,26053.4056000
2025-06-18 05:13:00,0.5101100,0.5114900,0.5100400,0.5107400,38282.1813500
2025-06-18 05:14:00,0.5107800,0.5113900,0.5105600,0.5107100,47184.2565400
2025-06-18 05:15:00,0.5107000,0.5120100,0.5102400,0.5103400,44003.4305300
2025-06-18 05:16:00,0.5103400,0.5110400,0.5101200,0.5104700,28039.2159200
2025-06-18 05:17:00,0.5104400,0.5109300,0.5096100,0.5106000,46148.7204600
2025-06-18 05:18:00,0.5106000,0.5111000,0.5092000,0.5092600,33792.8322400
2025-06-18 05:19:00,0.5092300,0.5094300,0.5080400,0.5087600,65688.6930700
2025-06-18 05:20:00,0.5086200,0.5087100,0.5075000,0.5082200,70185.7219700
2025-06-18 05:21:00,0.5082900,0.5091400,0.5080600,0.5082600,28017.8592900
2025-06-18 05:22:00,0.5082700,0.5093400,0.5082700,0.5091000,21155.8835200
2025-06-18 05:23:00,0.5091200,0.5102200,0.5089900,0.5102200,30546.1550600
2025-06-18 05:24:00,0.5102300,0.5126500,0.5102300,0.5116100,29609.8407300
2025-06-18 05:25:00,0.5116300,0.5140000,0.5116300,0.5139200,70959.8850500
2025-06-18 05:26:00,0.5139000,0.5153400,0.5133700,0.5133700,45332.5959400
2025-06-18 05:27:00,0.5133600,0.5133700,0.5123100,0.5127100,29078.2540500
2025-06-18 05:28:00,0.5127400,0.5128600,0.5121200,0.5122700,17604.1640300
2025-06-18 05:29:00,0.5122700,0.5122700,0.5106300,0.5106900,28753.6226900
2025-06-18 05:30:00,0.5107500,0.5114500,0.5096800,0.5114500,54817.1584500
2025-06-18 05:31:00,0.5113800,0.5125100,0.5109600,0.5114500,59927.6275300
2025-06-18 05:32:00,0.5114800,0.5115100,0.5087100,0.5087500,163018.1017700
2025-06-18 05:33:00,0.5088400,0.5101700,0.5082000,0.5086500,85181.5715900
2025-06-18 05:34:00,0.5086700,0.5106800,0.5086700,0.5106300,35926.9359700
2025-06-18 05:35:00,0.5106100,0.5106200,0.5087400,0.5097000,28399.2817300
2025-06-18 05:36:00,0.5097100,0.5105200,0.5097100,0.5101500,14423.3430600
2025-06-18 05:37:00,0.5100800,0.5108100,0.5094300,0.5107900,38259.7131000
2025-06-18 05:38:00,0.5107700,0.5107700,0.5093500,0.5101700,34184.3437100
2025-06-18 05:39:00,0.5101600,0.5105800,0.5090000,0.5090000,20234.2922400
2025-06-18 05:40:00,0.5090000,0.5098400,0.5086800,0.5094100,28445.4995300
2025-06-18 05:41:00,0.5093800,0.5095000,0.5080100,0.5084300,107299.4972000
2025-06-18 05:42:00,0.5084500,0.5087800,0.5066000,0.5068700,87380.8038600
2025-06-18 05:43:00,0.5068700,0.5072600,0.5065500,0.5068100,72674.2153100
2025-06-18 05:44:00,0.5068900,0.5069300,0.5061700,0.5066000,59125.8906000
2025-06-18 05:45:00,0.5065800,0.5071300,0.5054300,0.5062400,187592.1881800
2025-06-18 05:46:00,0.5062700,0.5064900,0.5050000,0.5050700,73981.4440400
2025-06-18 05:47:00,0.5050700,0.5061000,0.5050100,0.5052800,48328.4557400
2025-06-18 05:48:00,0.5053100,0.5059800,0.5045600,0.5054000,74766.3189600
2025-06-18 05:49:00,0.5054500,0.5073700,0.5054500,0.5064700,57729.7219800
2025-06-18 05:50:00,0.5064600,0.5070600,0.5063000,0.5067700,33299.8920800
2025-06-18 05:51:00,0.5067900,0.5070900,0.5062300,0.5070200,36868.2882200
2025-06-18 05:52:00,0.5070100,0.5070500,0.5062400,0.5062800,11950.3508800
2025-06-18 05:53:00,0.5062600,0.5076100,0.5058400,0.5074700,21856.0060100
2025-06-18 05:54:00,0.5074800,0.5074800,0.5064900,0.5068400,23571.8376400
2025-06-18 05:55:00,0.5068100,0.5091400,0.5063100,0.5091400,68105.3064200
2025-06-18 05:56:00,0.5091600,0.5093700,0.5083500,0.5086400,37746.9599400
2025-06-18 05:57:00,0.5086700,0.5096700,0.5086300,0.5095300,57785.1246800
2025-06-18 05:58:00,0.5096000,0.5106500,0.5095100,0.5100600,45573.6326500
2025-06-18 05:59:00,0.5100500,0.5100500,0.5088000,0.5089500,32574.9686800
2025-06-18 06:00:00,0.5090000,0.5099400,0.5088800,0.5090600,32668.8031700
2025-06-18 06:01:00,0.5090500,0.5099900,0.5087800,0.5091700,63471.1790000
2025-06-18 06:02:00,0.5091700,0.5094700,0.5074000,0.5082700,67787.1792000
2025-06-18 06:03:00,0.5082400,0.5083600,0.5070600,0.5071100,54762.5750300
2025-06-18 06:04:00,0.5071400,0.5076100,0.5062400,0.5070200,84959.4036700
2025-06-18 06:05:00,0.5069900,0.5090000,0.5068700,0.5088700,92554.5032900
2025-06-18 06:06:00,0.5089900,0.5090000,0.5076700,0.5087300,49352.6457000
2025-06-18 06:07:00,0.5087300,0.5093500,0.5070000,0.5070100,43492.0445400
2025-06-18 06:08:00,0.5071200,0.5076600,0.5069300,0.5075600,31675.0569300
2025-06-18 06:09:00,0.5076100,0.5082300,0.5075900,0.5081600,23182.3445100
2025-06-18 06:10:00,0.5081500,0.5092500,0.5076100,0.5079000,42086.6403000
2025-06-18 06:11:00,0.5079400,0.5083800,0.5070600,0.5082600,35774.8151300
2025-06-18 06:12:00,0.5082300,0.5092200,0.5081500,0.5091200,28018.0045900
2025-06-18 06:13:00,0.5090400,0.5099800,0.5088800,0.5095300,42871.1048100
2025-06-18 06:14:00,0.5095300,0.5103400,0.5090800,0.5097600,45630.3153600
2025-06-18 06:15:00,0.5097500,0.5105100,0.5093400,0.5095200,39305.0957600
2025-06-18 06:16:00,0.5095600,0.5097000,0.5087000,0.5091600,23658.1517000
2025-06-18 06:17:00,0.5091200,0.5093000,0.5081800,0.5087400,32757.7438200
2025-06-18 06:18:00,0.5086400,0.5104300,0.5078700,0.5104300,126576.2363100
2025-06-18 06:19:00,0.5104400,0.5120900,0.5100000,0.5116500,138661.3922200
2025-06-18 06:20:00,0.5116500,0.5122700,0.5105600,0.5122100,63581.1343400
2025-06-18 06:21:00,0.5121600,0.5123000,0.5096400,0.5101500,62207.0049100
2025-06-18 06:22:00,0.5100900,0.5102600,0.5091000,0.5091600,29804.7961600
2025-06-18 06:23:00,0.5091600,0.5094600,0.5082700,0.5089300,33094.9827600
2025-06-18 06:24:00,0.5089200,0.5090500,0.5079000,0.5082000,47584.7999800
2025-06-18 06:25:00,0.5081800,0.5091200,0.5074800,0.5091000,29031.1973200
2025-06-18 06:26:00,0.5090300,0.5106400,0.5090300,0.5106000,37444.4261700
2025-06-18 06:27:00,0.5106300,0.5118200,0.5106200,0.5113500,44916.2618800
2025-06-18 06:28:00,0.5114000,0.5114900,0.5094100,0.5101600,47280.8322200
2025-06-18 06:29:00,0.5102000,0.5104200,0.5095300,0.5097200,24517.2722000
2025-06-18 06:30:00,0.5097200,0.5101300,0.5090700,0.5094300,28417.6013600
2025-06-18 06:31:00,0.5094300,0.5102300,0.5092800,0.5098100,34552.6671700
2025-06-18 06:32:00,0.5096900,0.5105000,0.5096900,0.5104600,22885.0481600
2025-06-18 06:33:00,0.5104400,0.5116300,0.5104400,0.5111700,29595.4293800
2025-06-18 06:34:00,0.5111300,0.5112400,0.5092300,0.5094800,40614.6537400
2025-06-18 06:35:00,0.5094800,0.5115600,0.5094600,0.5112200,46288.7959000
2025-06-18 06:36:00,0.5112400,0.5112800,0.5101800,0.5103300,43990.2985200
2025-06-18 06:37:00,0.5103900,0.5109800,0.5100900,0.5107600,26306.8531600
2025-06-18 06:38:00,0.5107600,0.5107600,0.5082600,0.5088200,116368.7022300
2025-06-18 06:39:00,0.5086700,0.5089400,0.5084900,0.5086400,34453.9071500
2025-06-18 06:40:00,0.5086700,0.5096500,0.5081700,0.5090600,43610.2038500
2025-06-18 06:41:00,0.5090500,0.5098900,0.5086500,0.5096000,47949.3855600
2025-06-18 06:42:00,0.5095600,0.5104300,0.5095600,0.5100200,38820.4296200
2025-06-18 06:43:00,0.5099800,0.5112400,0.5099800,0.5103000,48934.7418300
2025-06-18 06:44:00,0.5102800,0.5102800,0.5086000,0.5093500,70810.8788900
2025-06-18 06:45:00,0.5093500,0.5100300,0.5092000,0.5099800,43756.1022100
2025-06-18 06:46:00,0.5099100,0.5107400,0.5090100,0.5090300,98553.9657800
2025-06-18 06:47:00,0.5090300,0.5098300,0.5082100,0.5083600,42801.2561100
2025-06-18 06:48:00,0.5083800,0.5109700,0.5083800,0.5108100,74227.1040300
2025-06-18 06:49:00,0.5107900,0.5113300,0.5097100,0.5098200,28762.8521900
2025-06-18 06:50:00,0.5098200,0.5101000,0.5093000,0.5093400,12902.3272200
2025-06-18 06:51:00,0.5093300,0.5098600,0.5084300,0.5096300,17160.4907500
2025-06-18 06:52:00,0.5097000,0.5103600,0.5097000,0.5101700,11820.0544100
2025-06-18 06:53:00,0.5101700,0.5101700,0.5091000,0.5092500,11274.6865300
2025-06-18 06:54:00,0.5092800,0.5102900,0.5091400,0.5098600,18684.2332500
2025-06-18 06:55:00,0.5098400,0.5101700,0.5092000,0.5092000,16795.4385800
2025-06-18 06:56:00,0.5092100,0.5096900,0.5083300,0.5095900,31422.2455100
2025-06-18 06:57:00,0.5094700,0.5095500,0.5086500,0.5088100,30103.8465000
2025-06-18 06:58:00,0.5087000,0.5125100,0.5085000,0.5115600,292309.3196000
2025-06-18 06:59:00,0.5115300,0.5120900,0.5115300,0.5118800,30899.7605000
2025-06-18 07:00:00,0.5117100,0.5118300,0.5101300,0.5102900,58458.4129200
2025-06-18 07:01:00,0.5102900,0.5111900,0.5094800,0.5099100,44776.6425100
2025-06-18 07:02:00,0.5098100,0.5098100,0.5083800,0.5087200,46664.3194000
2025-06-18 07:03:00,0.5086800,0.5086900,0.5077800,0.5085600,53086.0758500
2025-06-18 07:04:00,0.5084200,0.5098100,0.5083200,0.5097200,99270.3816400
2025-06-18 07:05:00,0.5097200,0.5106900,0.5095900,0.5105300,35966.1481100
2025-06-18 07:06:00,0.5105200,0.5128400,0.5104400,0.5128000,41956.6519100
2025-06-18 07:07:00,0.5128000,0.5129500,0.5121200,0.5124800,47851.1485800
2025-06-18 07:08:00,0.5124800,0.5135800,0.5122500,0.5125100,44060.4441400
2025-06-18 07:09:00,0.5125800,0.5131500,0.5124200,0.5124700,31685.9719900
2025-06-18 07:10:00,0.5124700,0.5131300,0.5116900,0.5130700,58121.0007400
2025-06-18 07:11:00,0.5131300,0.5150400,0.5125400,0.5149500,108629.3763700
2025-06-18 07:12:00,0.5150000,0.5155800,0.5147000,0.5150200,61484.8572500
2025-06-18 07:13:00,0.5150100,0.5158800,0.5150000,0.5154500,71208.0298300
2025-06-18 07:14:00,0.5154900,0.5165000,0.5153700,0.5162700,64597.7036600
2025-06-18 07:15:00,0.5163100,0.5172800,0.5155500,0.5159900,71948.8463400
2025-06-18 07:16:00,0.5159900,0.5167900,0.5154600,0.5155300,54905.8289100
2025-06-18 07:17:00,0.5155300,0.5164100,0.5151900,0.5156600,56375.7807200
2025-06-18 07:18:00,0.5156900,0.5160700,0.5150400,0.5151700,31672.9459000
2025-06-18 07:19:00,0.5150700,0.5156500,0.5134400,0.5153800,178252.4225200
2025-06-18 07:20:00,0.5153300,0.5153400,0.5139900,0.5151400,29592.5914900
2025-06-18 07:21:00,0.5150200,0.5151800,0.5138500,0.5139300,28321.1037400
2025-06-18 07:22:00,0.5139600,0.5150600,0.5138700,0.5139100,46523.9775600
2025-06-18 07:23:00,0.5139500,0.5139600,0.5124700,0.5125700,46570.3502500
2025-06-18 07:24:00,0.5125800,0.5129300,0.5118900,0.5122900,60352.3694200
2025-06-18 07:25:00,0.5122900,0.5134000,0.5109900,0.5128700,95803.6597400
2025-06-18 07:26:00,0.5128500,0.5132600,0.5122400,0.5127100,44352.1769400
2025-06-18 07:27:00,0.5126800,0.5129800,0.5120700,0.5128000,21003.1649800
2025-06-18 07:28:00,0.5128100,0.5131700,0.5121100,0.5127400,39215.9204200
2025-06-18 07:29:00,0.5126700,0.5134800,0.5125200,0.5133200,65172.5336300
2025-06-18 07:30:00,0.5133800,0.5149800,0.5133000,0.5139500,31615.1521800
2025-06-18 07:31:00,0.5139500,0.5154600,0.5139500,0.5149800,48362.8578500
2025-06-18 07:32:00,0.5150300,0.5150600,0.5138500,0.5141600,66268.6708100
2025-06-18 07:33:00,0.5141600,0.5155000,0.5141600,0.5155000,45043.2821400
2025-06-18 07:34:00,0.5154500,0.5204600,0.5152400,0.5197200,474109.0411700
2025-06-18 07:35:00,0.5197100,0.5221200,0.5195900,0.5208700,282085.6867800
2025-06-18 07:36:00,0.5209400,0.5213800,0.5201400,0.5202100,106031.6823600
2025-06-18 07:37:00,0.5202500,0.5207700,0.5198200,0.5198800,46295.8238600
2025-06-18 07:38:00,0.5198500,0.5206100,0.5196500,0.5201000,53425.6778200
2025-06-18 07:39:00,0.5199600,0.5199600,0.5187800,0.5189000,123499.9875900
2025-06-18 07:40:00,0.5188700,0.5194800,0.5183700,0.5191000,88798.9145500
2025-06-18 07:41:00,0.5191200,0.5197400,0.5187800,0.5192100,66677.5624300
2025-06-18 07:42:00,0.5192300,0.5197500,0.5190900,0.5196000,19519.7757100
2025-06-18 07:43:00,0.5196200,0.5211400,0.5196200,0.5205100,76581.2734300
2025-06-18 07:44:00,0.5204800,0.5209600,0.5195600,0.5196600,64753.7591000
2025-06-18 07:45:00,0.5196600,0.5214000,0.5195600,0.5213600,54950.7258500
2025-06-18 07:46:00,0.5213600,0.5216500,0.5207600,0.5209600,25828.5294200
2025-06-18 07:47:00,0.5209800,0.5209900,0.5196200,0.5199500,47089.3833700
2025-06-18 07:48:00,0.5199500,0.5204900,0.5188400,0.5198800,111126.0570700
2025-06-18 07:49:00,0.5198800,0.5202500,0.5187200,0.5187600,72276.9201100
2025-06-18 07:50:00,0.5188100,0.5188100,0.5161900,0.5165800,78092.8509900
2025-06-18 07:51:00,0.5165800,0.5186400,0.5158800,0.5186400,65669.6301000
2025-06-18 07:52:00,0.5186800,0.5191700,0.5181400,0.5187300,38362.8903200
2025-06-18 07:53:00,0.5187000,0.5190800,0.5185200,0.5189200,51428.5117800
2025-06-18 07:54:00,0.5189500,0.5203900,0.5189500,0.5199500,57475.2996900
2025-06-18 07:55:00,0.5200000,0.5204800,0.5196700,0.5201700,58899.8373300
2025-06-18 07:56:00,0.5200700,0.5219200,0.5199700,0.5214200,61864.2702000
2025-06-18 07:57:00,0.5213800,0.5215400,0.5206800,0.5208800,34307.2371700
2025-06-18 07:58:00,0.5208700,0.5230600,0.5208200,0.5226700,122624.1069400
2025-06-18 07:59:00,0.5224900,0.5228400,0.5215600,0.5218800,38722.6701800
2025-06-18 08:00:00,0.5220000,0.5222000,0.5202900,0.5211600,57733.8905100
2025-06-18 08:01:00,0.5211700,0.5219900,0.5209400,0.5218100,42270.2665400
2025-06-18 08:02:00,0.5217700,0.5242000,0.5217600,0.5239900,124574.0140900
2025-06-18 08:03:00,0.5239900,0.5240500,0.5225000,0.5225900,66979.2665700
2025-06-18 08:04:00,0.5226000,0.5238000,0.5219000,0.5238000,50815.8633600
2025-06-18 08:05:00,0.5237400,0.5237600,0.5220100,0.5224900,36526.5346900
2025-06-18 08:06:00,0.5225400,0.5225800,0.5215100,0.5222100,70976.6236400
2025-06-18 08:07:00,0.5222200,0.5222300,0.5208900,0.5218600,34519.9416500
2025-06-18 08:08:00,0.5218400,0.5222700,0.5209700,0.5210400,61880.0071100
2025-06-18 08:09:00,0.5211900,0.5215500,0.5198400,0.5199600,123678.7385400
2025-06-18 08:10:00,0.5200700,0.5201300,0.5174200,0.5176700,118641.6710600
2025-06-18 08:11:00,0.5176300,0.5176300,0.5168200,0.5173600,33358.6646400
2025-06-18 08:12:00,0.5173500,0.5177800,0.5169600,0.5177700,23816.5954900
2025-06-18 08:13:00,0.5177200,0.5177200,0.5165100,0.5174300,29411.2868600
2025-06-18 08:14:00,0.5174400,0.5178800,0.5169000,0.5174400,31761.7074500
2025-06-18 08:15:00,0.5175000,0.5175000,0.5160900,0.5162200,48216.2764300
2025-06-18 08:16:00,0.5161500,0.5170600,0.5154900,0.5168800,65941.1695800
2025-06-18 08:17:00,0.5167700,0.5167700,0.5151200,0.5157800,48597.0368500
2025-06-18 08:18:00,0.5158000,0.5160200,0.5150600,0.5152500,31087.1249400
2025-06-18 08:19:00,0.5152200,0.5160300,0.5151500,0.5158200,44829.7695000
2025-06-18 08:20:00,0.5158300,0.5165000,0.5151700,0.5164600,43804.8463900
2025-06-18 08:21:00,0.5165500,0.5167400,0.5159500,0.5166500,32792.7108900
2025-06-18 08:22:00,0.5166900,0.5177700,0.5164400,0.5177700,25375.7970900
2025-06-18 08:23:00,0.5177900,0.5184300,0.5162500,0.5165400,34873.7749400
2025-06-18 08:24:00,0.5165500,0.5183300,0.5165500,0.5179700,51626.4381700
2025-06-18 08:25:00,0.5179700,0.5184800,0.5174800,0.5183900,31742.5214700
2025-06-18 08:26:00,0.5183800,0.5183800,0.5176000,0.5176300,14687.9404800
2025-06-18 08:27:00,0.5177200,0.5181300,0.5177100,0.5178800,8724.7688800
2025-06-18 08:28:00,0.5178300,0.5180400,0.5171100,0.5173500,34772.8371900
2025-06-18 08:29:00,0.5172800,0.5174300,0.5170000,0.5172300,11548.4451700
2025-06-18 08:30:00,0.5171500,0.5171800,0.5160000,0.5166900,54692.5531800
2025-06-18 08:31:00,0.5166600,0.5181400,0.5166300,0.5180900,36832.4771600
2025-06-18 08:32:00,0.5181000,0.5198700,0.5180900,0.5195900,64342.6287400
2025-06-18 08:33:00,0.5196400,0.5213400,0.5196200,0.5206300,90697.5767300
2025-06-18 08:34:00,0.5205500,0.5216500,0.5203000,0.5212600,46930.5627100
2025-06-18 08:35:00,0.5213100,0.5213900,0.5200200,0.5203100,37802.2968300
2025-06-18 08:36:00,0.5203100,0.5207200,0.5201400,0.5204000,30024.4574300
2025-06-18 08:37:00,0.5204000,0.5211100,0.5201900,0.5203000,18373.8563600
2025-06-18 08:38:00,0.5201900,0.5207600,0.5185200,0.5186300,25741.6396800
2025-06-18 08:39:00,0.5186700,0.5198600,0.5186600,0.5198400,61402.6440900
2025-06-18 08:40:00,0.5198400,0.5201500,0.5196000,0.5199700,28096.8809200
2025-06-18 08:41:00,0.5200500,0.5211100,0.5200500,0.5211100,26997.0266900
2025-06-18 08:42:00,0.5211100,0.5218900,0.5203800,0.5203800,35890.0790400
2025-06-18 08:43:00,0.5205600,0.5205600,0.5190200,0.5201900,36740.2687500
2025-06-18 08:44:00,0.5202000,0.5210400,0.5200000,0.5206600,24390.3700400
2025-06-18 08:45:00,0.5207700,0.5210500,0.5195600,0.5198800,32426.1520100
2025-06-18 08:46:00,0.5199700,0.5204900,0.5184900,0.5189500,58918.0695800
2025-06-18 08:47:00,0.5189200,0.5193000,0.5173000,0.5174500,31225.4812400
2025-06-18 08:48:00,0.5174500,0.5184700,0.5174500,0.5183600,19116.7296900
2025-06-18 08:49:00,0.5183600,0.5188400,0.5170800,0.5188400,30488.9462300
2025-06-18 08:50:00,0.5188000,0.5188000,0.5178600,0.5178700,11379.9873600
2025-06-18 08:51:00,0.5178700,0.5179800,0.5165800,0.5169600,36860.7521800
2025-06-18 08:52:00,0.5169700,0.5176300,0.5167200,0.5171400,21301.4159300
2025-06-18 08:53:00,0.5171100,0.5179600,0.5168100,0.5176800,29518.7900500
2025-06-18 08:54:00,0.5176200,0.5176200,0.5166800,0.5170700,20336.5788200
2025-06-18 08:55:00,0.5170900,0.5176300,0.5170800,0.5174400,21943.6168400
2025-06-18 08:56:00,0.5174000,0.5174300,0.5166800,0.5169300,20336.4410300
2025-06-18 08:57:00,0.5169200,0.5172400,0.5156700,0.5159200,78869.2153600
2025-06-18 08:58:00,0.5160500,0.5163100,0.5156600,0.5160200,15280.5429200
2025-06-18 08:59:00,0.5160800,0.5163800,0.5139000,0.5154100,141548.1986800
2025-06-18 09:00:00,0.5154100,0.5155000,0.5139900,0.5141900,85859.1049600
2025-06-18 09:01:00,0.5140900,0.5142000,0.5111600,0.5117300,276338.1921500
2025-06-18 09:02:00,0.5117200,0.5117700,0.5102300,0.5104000,152527.3931600
2025-06-18 09:03:00,0.5103900,0.5111700,0.5097400,0.5108700,97963.8196900
2025-06-18 09:04:00,0.5110700,0.5111200,0.5096100,0.5099900,117850.4308200
2025-06-18 09:05:00,0.5099600,0.5106600,0.5095400,0.5106600,59995.4096600
2025-06-18 09:06:00,0.5106600,0.5113500,0.5098900,0.5100800,123093.3782200
2025-06-18 09:07:00,0.5100700,0.5119000,0.5100700,0.5119000,136028.4041100
2025-06-18 09:08:00,0.5117500,0.5117900,0.5109900,0.5114000,46366.0863300
2025-06-18 09:09:00,0.5113900,0.5116500,0.5105900,0.5112500,37717.7102000
2025-06-18 09:10:00,0.5112700,0.5126800,0.5112500,0.5126100,112297.1881800
2025-06-18 09:11:00,0.5124900,0.5145000,0.5123200,0.5139700,99725.9578200
2025-06-18 09:12:00,0.5139700,0.5141200,0.5134200,0.5135700,31755.6657500
2025-06-18 09:13:00,0.5135800,0.5141600,0.5133800,0.5134400,33847.5607500
2025-06-18 09:14:00,0.5134900,0.5135300,0.5122500,0.5132000,43781.9438800
2025-06-18 09:15:00,0.5131900,0.5136200,0.5128700,0.5130000,25735.6210600
2025-06-18 09:16:00,0.5130000,0.5142700,0.5130000,0.5142100,21223.5843900
2025-06-18 09:17:00,0.5142000,0.5148400,0.5139200,0.5148000,30905.8097100
2025-06-18 09:18:00,0.5148300,0.5160500,0.5147900,0.5157000,16274.1941900
2025-06-18 09:19:00,0.5156900,0.5168300,0.5149200,0.5150400,86942.6858400
2025-06-18 09:20:00,0.5151800,0.5174400,0.5151300,0.5165400,61645.0661600
2025-06-18 09:21:00,0.5166500,0.5170300,0.5154500,0.5154600,49919.8409600
2025-06-18 09:22:00,0.5155100,0.5170400,0.5154300,0.5163500,142082.1779700
2025-06-18 09:23:00,0.5163900,0.5176300,0.5162600,0.5171200,40296.1097300
2025-06-18 09:24:00,0.5170300,0.5170300,0.5161500,0.5163300,24209.2939100
2025-06-18 09:25:00,0.5163300,0.5164200,0.5136100,0.5138500,89423.0608900
2025-06-18 09:26:00,0.5139700,0.5140400,0.5129900,0.5136700,68967.8783100
2025-06-18 09:27:00,0.5137000,0.5152100,0.5137000,0.5146900,49254.4208100
2025-06-18 09:28:00,0.5147300,0.5152500,0.5137700,0.5144100,42278.6377800
2025-06-18 09:29:00,0.5144800,0.5156600,0.5144000,0.5153400,41597.1849300
2025-06-18 09:30:00,0.5154400,0.5155100,0.5141400,0.5141400,37554.4197200
2025-06-18 09:31:00,0.5141700,0.5145800,0.5137800,0.5145600,39628.9832700
2025-06-18 09:32:00,0.5145800,0.5148400,0.5139900,0.5147600,31933.8518900
2025-06-18 09:33:00,0.5146500,0.5155000,0.5145300,0.5149000,21693.8752800
2025-06-18 09:34:00,0.5148600,0.5155500,0.5145900,0.5148300,18526.8324500
2025-06-18 09:35:00,0.5148400,0.5151300,0.5139200,0.5139200,14675.1873200
2025-06-18 09:36:00,0.5139400,0.5143200,0.5123900,0.5136500,99598.0624600
2025-06-18 09:37:00,0.5136500,0.5138400,0.5126900,0.5132000,29759.3630900
2025-06-18 09:38:00,0.5132000,0.5138400,0.5128100,0.5138400,17531.5380300
2025-06-18 09:39:00,0.5138600,0.5140800,0.5126400,0.5131100,37202.7521900
2025-06-18 09:40:00,0.5130400,0.5131900,0.5125200,0.5129500,24365.3871000
2025-06-18 09:41:00,0.5129600,0.5140700,0.5128600,0.5130900,37701.7602900
2025-06-18 09:42:00,0.5130900,0.5135600,0.5130700,0.5132100,12025.2435900
2025-06-18 09:43:00,0.5132100,0.5138200,0.5120000,0.5121500,56483.0632800
2025-06-18 09:44:00,0.5121500,0.5123800,0.5113600,0.5122700,56951.3353500
2025-06-18 09:45:00,0.5122100,0.5127000,0.5117000,0.5118100,76821.4055400
2025-06-18 09:46:00,0.5118000,0.5121600,0.5113000,0.5114200,26762.4810400
2025-06-18 09:47:00,0.5113300,0.5127300,0.5113200,0.5124400,50808.9248700
2025-06-18 09:48:00,0.5123800,0.5123800,0.5102400,0.5111200,41947.0943400
2025-06-18 09:49:00,0.5111600,0.5125200,0.5110600,0.5123700,28144.2915200
2025-06-18 09:50:00,0.5123600,0.5134700,0.5118100,0.5130300,43499.2920500
2025-06-18 09:51:00,0.5130100,0.5130100,0.5109300,0.5116200,43619.8533400
2025-06-18 09:52:00,0.5115400,0.5120600,0.5109900,0.5120000,25024.2717200
2025-06-18 09:53:00,0.5119500,0.5135100,0.5119500,0.5121300,38806.4340400
2025-06-18 09:54:00,0.5121200,0.5126000,0.5115700,0.5118000,44311.8389100
2025-06-18 09:55:00,0.5117500,0.5148500,0.5117500,0.5148000,61198.3041100
2025-06-18 09:56:00,0.5146900,0.5151400,0.5138600,0.5149500,89318.2177200
2025-06-18 09:57:00,0.5149600,0.5150400,0.5134700,0.5141700,49383.7679200
2025-06-18 09:58:00,0.5141900,0.5146800,0.5139400,0.5146800,17659.0680400
2025-06-18 09:59:00,0.5146800,0.5146800,0.5129000,0.5129400,10801.1215500
2025-06-18 10:00:00,0.5129000,0.5140700,0.5123900,0.5138200,90683.6292300
2025-06-18 10:01:00,0.5138000,0.5140500,0.5127600,0.5128000,80726.4656400
2025-06-18 10:02:00,0.5127900,0.5131100,0.5114800,0.5121400,81103.4487900
2025-06-18 10:03:00,0.5121200,0.5121200,0.5110400,0.5113500,52813.6469500
2025-06-18 10:04:00,0.5114100,0.5129100,0.5114000,0.5128700,45804.7129100
2025-06-18 10:05:00,0.5128600,0.5136300,0.5109500,0.5116700,142360.2035500
2025-06-18 10:06:00,0.5117400,0.5121000,0.5113100,0.5116300,30767.7068200
2025-06-18 10:07:00,0.5116800,0.5122300,0.5109500,0.5113200,29502.6124900
2025-06-18 10:08:00,0.5113700,0.5121400,0.5113600,0.5118400,31922.3151900
2025-06-18 10:09:00,0.5119200,0.5126200,0.5117200,0.5124000,33505.4060800
2025-06-18 10:10:00,0.5124000,0.5137200,0.5117300,0.5137000,49437.2884600
2025-06-18 10:11:00,0.5137000,0.5137000,0.5125700,0.5130000,45315.2873900
2025-06-18 10:12:00,0.5129300,0.5136400,0.5129300,0.5133600,32030.1193300
2025-06-18 10:13:00,0.5133600,0.5138400,0.5131700,0.5132400,32916.9234500
2025-06-18 10:14:00,0.5132200,0.5133400,0.5128100,0.5133400,20563.5305500
2025-06-18 10:15:00,0.5133400,0.5144200,0.5130700,0.5136300,44081.4338600
2025-06-18 10:16:00,0.5135800,0.5135800,0.5114200,0.5114400,55437.2191300
2025-06-18 10:17:00,0.5114600,0.5132100,0.5114600,0.5131000,48101.1872100
2025-06-18 10:18:00,0.5130700,0.5130700,0.5118600,0.5118600,17536.0665700
2025-06-18 10:19:00,0.5119100,0.5125800,0.5114300,0.5123600,35714.3393500
2025-06-18 10:20:00,0.5124100,0.5130600,0.5115500,0.5125400,26495.4548100
2025-06-18 10:21:00,0.5126200,0.5138800,0.5125700,0.5137200,28306.1105400
2025-06-18 10:22:00,0.5137200,0.5137200,0.5125600,0.5135300,20532.3617400
2025-06-18 10:23:00,0.5135500,0.5145000,0.5131500,0.5133400,18109.7257200
2025-06-18 10:24:00,0.5133500,0.5142400,0.5130900,0.5142400,15352.6257700
2025-06-18 10:25:00,0.5143500,0.5148800,0.5139000,0.5147200,21228.2608500
2025-06-18 10:26:00,0.5146300,0.5146300,0.5126900,0.5138800,31775.5146000
2025-06-18 10:27:00,0.5138800,0.5138800,0.5115900,0.5119300,37873.0086400
2025-06-18 10:28:00,0.5118900,0.5131800,0.5117700,0.5129000,41854.5625700
2025-06-18 10:29:00,0.5128000,0.5128000,0.5119800,0.5119900,30243.8214300
2025-06-18 10:30:00,0.5119800,0.5136700,0.5119800,0.5132700,40776.2456600
2025-06-18 10:31:00,0.5133000,0.5139500,0.5125000,0.5129200,35122.3254400
2025-06-18 10:32:00,0.5129800,0.5139000,0.5126600,0.5131500,25879.1256100
2025-06-18 10:33:00,0.5131600,0.5134200,0.5114100,0.5114100,39386.1524600
2025-06-18 10:34:00,0.5114700,0.5123900,0.5114700,0.5121600,38460.7525200
2025-06-18 10:35:00,0.5120800,0.5124500,0.5112800,0.5118400,55108.9356500
2025-06-18 10:36:00,0.5118100,0.5122800,0.5115800,0.5118600,18470.1420800
2025-06-18 10:37:00,0.5117400,0.5125000,0.5113700,0.5120600,15318.6132200
2025-06-18 10:38:00,0.5120700,0.5128000,0.5120700,0.5124800,6342.9505500
2025-06-18 10:39:00,0.5124600,0.5134900,0.5124600,0.5134900,24613.0039200
2025-06-18 10:40:00,0.5134300,0.5134300,0.5127400,0.5129400,15857.4012200
2025-06-18 10:41:00,0.5129400,0.5136000,0.5129400,0.5136000,15011.1716400
2025-06-18 10:42:00,0.5136000,0.5136200,0.5128600,0.5132400,22906.0846300
2025-06-18 10:43:00,0.5131500,0.5157300,0.5130100,0.5138400,191588.9206200
2025-06-18 10:44:00,0.5138300,0.5144400,0.5135600,0.5135600,29069.5280100
2025-06-18 10:45:00,0.5135500,0.5135500,0.5121300,0.5126200,34598.2305400
2025-06-18 10:46:00,0.5126100,0.5131800,0.5118600,0.5120000,24782.0831800
2025-06-18 10:47:00,0.5119900,0.5125000,0.5116800,0.5117700,21030.2238700
2025-06-18 10:48:00,0.5117900,0.5123500,0.5116700,0.5119400,14856.5450700
2025-06-18 10:49:00,0.5120000,0.5128000,0.5120000,0.5125700,14113.1306700
2025-06-18 10:50:00,0.5125600,0.5125600,0.5118400,0.5121000,18301.0353300
2025-06-18 10:51:00,0.5121000,0.5131300,0.5118400,0.5121800,43352.8119400
2025-06-18 10:52:00,0.5120000,0.5122800,0.5115500,0.5115500,27034.8819800
2025-06-18 10:53:00,0.5115700,0.5122200,0.5115500,0.5117900,25070.9897200
2025-06-18 10:54:00,0.5117900,0.5124000,0.5117200,0.5118700,11686.7362000
2025-06-18 10:55:00,0.5118900,0.5127100,0.5117900,0.5126300,36622.4978100
2025-06-18 10:56:00,0.5126300,0.5130800,0.5123300,0.5125400,23527.3069500
2025-06-18 10:57:00,0.5125400,0.5134500,0.5125200,0.5131800,15952.2459300
2025-06-18 10:58:00,0.5131500,0.5134300,0.5129900,0.5134300,11527.8614100
2025-06-18 10:59:00,0.5133800,0.5133800,0.5115500,0.5124000,76706.4393700
2025-06-18 11:00:00,0.5123200,0.5127900,0.5116600,0.5125100,17795.6134800
2025-06-18 11:01:00,0.5125200,0.5125200,0.5117300,0.5120000,37157.4427500
2025-06-18 11:02:00,0.5120000,0.5137300,0.5120000,0.5130800,68419.5488200
2025-06-18 11:03:00,0.5130800,0.5148500,0.5130700,0.5146300,50027.7449700
2025-06-18 11:04:00,0.5146800,0.5149600,0.5139600,0.5143200,46271.3050300
2025-06-18 11:05:00,0.5142500,0.5142700,0.5128300,0.5136100,42554.4632900
2025-06-18 11:06:00,0.5135900,0.5145900,0.5118600,0.5139500,85495.7815700
2025-06-18 11:07:00,0.5139500,0.5146800,0.5131400,0.5131400,47910.5764500
2025-06-18 11:08:00,0.5132400,0.5147000,0.5132400,0.5146200,54799.2617700
2025-06-18 11:09:00,0.5145800,0.5160100,0.5140100,0.5151300,79244.6228800
2025-06-18 11:10:00,0.5151300,0.5164800,0.5147600,0.5154700,72105.9537200
2025-06-18 11:11:00,0.5155000,0.5161100,0.5146000,0.5149600,74326.9772100
2025-06-18 11:12:00,0.5149600,0.5149600,0.5130400,0.5134300,69572.4891800
2025-06-18 11:13:00,0.5134900,0.5135200,0.5123000,0.5132100,37037.7284300
2025-06-18 11:14:00,0.5132600,0.5132600,0.5064200,0.5094300,841206.2820900
2025-06-18 11:15:00,0.5094900,0.5172000,0.5081300,0.5081800,932185.0598600
2025-06-18 11:16:00,0.5082600,0.5082600,0.5066700,0.5076000,247334.7868000
2025-06-18 11:17:00,0.5075800,0.5095900,0.5074400,0.5095900,73669.2762300
2025-06-18 11:18:00,0.5095400,0.5101400,0.5081000,0.5086700,111861.6431100
2025-06-18 11:19:00,0.5086100,0.5092800,0.5080000,0.5081600,63104.5048800
2025-06-18 11:20:00,0.5081900,0.5086100,0.5073300,0.5080600,64038.2160000
2025-06-18 11:21:00,0.5079900,0.5082500,0.5072000,0.5076000,42209.8049000
2025-06-18 11:22:00,0.5075000,0.5077000,0.5068900,0.5073900,49152.8866800
2025-06-18 11:23:00,0.5074600,0.5075600,0.5057200,0.5057200,153771.3030800
2025-06-18 11:24:00,0.5059500,0.5061200,0.5051400,0.5054900,132415.8862100
2025-06-18 11:25:00,0.5055200,0.5062500,0.5045600,0.5048300,120957.2427800
2025-06-18 11:26:00,0.5049600,0.5051300,0.5037400,0.5047500,143001.8307800
2025-06-18 11:27:00,0.5047100,0.5050500,0.5041300,0.5044800,49248.1316100
2025-06-18 11:28:00,0.5045000,0.5046900,0.5036700,0.5042500,104157.8188600
2025-06-18 11:29:00,0.5043900,0.5049600,0.5041500,0.5049400,39331.8985600
2025-06-18 11:30:00,0.5049300,0.5050000,0.5036100,0.5036100,91052.6963100
2025-06-18 11:31:00,0.5037100,0.5046800,0.5031800,0.5033200,81785.9999700
2025-06-18 11:32:00,0.5033600,0.5040100,0.5028900,0.5038800,88639.7052700
2025-06-18 11:33:00,0.5038500,0.5047500,0.5038100,0.5043800,54935.5981100
2025-06-18 11:34:00,0.5044800,0.5044800,0.5009800,0.5019500,247563.2458500
2025-06-18 11:35:00,0.5019000,0.5019000,0.5005900,0.5011800,204958.0453500
2025-06-18 11:36:00,0.5011800,0.5019800,0.5008800,0.5009800,76312.0856000
2025-06-18 11:37:00,0.5009600,0.5016900,0.5006400,0.5011600,99759.6491100
2025-06-18 11:38:00,0.5011100,0.5011600,0.5003500,0.5008200,49938.1297200
2025-06-18 11:39:00,0.5008100,0.5016800,0.5001200,0.5007200,76858.5199200
2025-06-18 11:40:00,0.5007200,0.5011400,0.5004700,0.5007300,91740.4351700
2025-06-18 11:41:00,0.5008100,0.5018500,0.5006500,0.5013500,93289.6195600
2025-06-18 11:42:00,0.5013000,0.5014700,0.5003500,0.5007200,64892.0918900
2025-06-18 11:43:00,0.5006800,0.5008300,0.4984100,0.4997000,369002.2067200
2025-06-18 11:44:00,0.4996900,0.5001600,0.4992500,0.5000600,74870.9598200
2025-06-18 11:45:00,0.5001100,0.5019300,0.5001000,0.5016400,60880.4999700
2025-06-18 11:46:00,0.5016200,0.5035000,0.5016200,0.5035000,68877.7789900
2025-06-18 11:47:00,0.5034700,0.5041600,0.5030500,0.5041300,45343.0089700
2025-06-18 11:48:00,0.5041600,0.5046800,0.5038900,0.5043600,48806.9266600
2025-06-18 11:49:00,0.5043600,0.5043600,0.5031400,0.5037400,50287.3784300
2025-06-18 11:50:00,0.5037800,0.5044600,0.5037800,0.5038800,30488.8500000
2025-06-18 11:51:00,0.5038900,0.5040300,0.5035600,0.5035600,19008.3380900
2025-06-18 11:52:00,0.5035600,0.5036400,0.5029500,0.5030900,19345.9891500
2025-06-18 11:53:00,0.5031000,0.5033900,0.5029300,0.5031000,21766.7191500
2025-06-18 11:54:00,0.5030700,0.5041500,0.5029000,0.5041500,33495.8540400
2025-06-18 11:55:00,0.5041600,0.5041600,0.5031300,0.5035700,15428.7644500
2025-06-18 11:56:00,0.5036100,0.5045300,0.5035400,0.5036300,58923.5870400
2025-06-18 11:57:00,0.5037400,0.5046000,0.5036000,0.5045300,22170.1032500
2025-06-18 11:58:00,0.5045300,0.5053600,0.5043600,0.5051000,70733.4874900
2025-06-18 11:59:00,0.5051200,0.5053700,0.5047300,0.5050000,41037.8580800
2025-06-18 12:00:00,0.5049700,0.5058700,0.5047100,0.5048200,46110.3535400
2025-06-18 12:01:00,0.5048500,0.5056100,0.5047600,0.5056100,42854.1476500
2025-06-18 12:02:00,0.5056000,0.5059800,0.5044400,0.5055400,116246.6481400
2025-06-18 12:03:00,0.5055000,0.5071100,0.5053500,0.5068300,109804.9143500
2025-06-18 12:04:00,0.5068300,0.5079100,0.5063900,0.5073400,81113.8117300
2025-06-18 12:05:00,0.5073300,0.5076800,0.5070700,0.5073600,37373.8940200
2025-06-18 12:06:00,0.5073700,0.5075000,0.5057400,0.5057400,60196.2321800
2025-06-18 12:07:00,0.5057100,0.5061600,0.5048100,0.5054800,41799.9826500
2025-06-18 12:08:00,0.5054500,0.5054500,0.5037400,0.5043100,88977.4852100
2025-06-18 12:09:00,0.5044900,0.5050800,0.5042600,0.5042600,33109.6040200
2025-06-18 12:10:00,0.5042900,0.5054800,0.5042900,0.5051600,59184.2166500
2025-06-18 12:11:00,0.5051400,0.5072800,0.5050500,0.5069600,100993.9790900
2025-06-18 12:12:00,0.5068800,0.5071000,0.5058900,0.5058900,25092.7346300
2025-06-18 12:13:00,0.5058900,0.5064900,0.5056400,0.5064900,42805.9404700
2025-06-18 12:14:00,0.5064000,0.5064000,0.5046900,0.5052500,59916.8600700
2025-06-18 12:15:00,0.5053200,0.5055000,0.5044800,0.5055000,37114.8851800
2025-06-18 12:16:00,0.5055000,0.5056400,0.5043900,0.5046600,15588.0742600
2025-06-18 12:17:00,0.5047600,0.5049500,0.5037900,0.5037900,14270.3429300
2025-06-18 12:18:00,0.5038500,0.5046100,0.5033300,0.5046100,37722.4990800
2025-06-18 12:19:00,0.5046200,0.5046200,0.5036600,0.5043000,44342.4492300
2025-06-18 12:20:00,0.5042900,0.5050500,0.5033300,0.5049100,59318.8491100
2025-06-18 12:21:00,0.5049500,0.5051900,0.5040200,0.5045600,11793.8592900
2025-06-18 12:22:00,0.5045600,0.5045600,0.5029600,0.5034100,40549.7260600
2025-06-18 12:23:00,0.5034000,0.5038000,0.5029000,0.5037000,25919.5279500
2025-06-18 12:24:00,0.5037000,0.5040300,0.5027800,0.5029600,22719.8835900
2025-06-18 12:25:00,0.5030700,0.5031200,0.5027400,0.5027400,6108.8625300
2025-06-18 12:26:00,0.5027800,0.5032500,0.5022100,0.5022500,38523.5949200
2025-06-18 12:27:00,0.5023000,0.5027200,0.5022900,0.5023700,17363.8730900
2025-06-18 12:28:00,0.5023600,0.5023600,0.5018500,0.5018900,14884.0387000
2025-06-18 12:29:00,0.5020300,0.5023000,0.5013300,0.5015200,18942.2999300
2025-06-18 12:30:00,0.5015300,0.5016000,0.5008200,0.5008900,25964.9918800
2025-06-18 12:31:00,0.5010100,0.5014300,0.5008100,0.5012000,42049.8178000
2025-06-18 12:32:00,0.5012600,0.5014300,0.5008500,0.5011800,60737.3820700
2025-06-18 12:33:00,0.5011700,0.5011800,0.4999000,0.4999000,31812.7327900
2025-06-18 12:34:00,0.4999800,0.5004300,0.4994800,0.4998100,56565.0820900
2025-06-18 12:35:00,0.4997800,0.5006600,0.4994800,0.4997500,72371.2643500
2025-06-18 12:36:00,0.4997700,0.5000400,0.4991900,0.4996400,39945.4867800
2025-06-18 12:37:00,0.4997200,0.4999700,0.4992900,0.4996000,45992.8348100
2025-06-18 12:38:00,0.4996200,0.5002400,0.4994400,0.5001400,42758.1531800
2025-06-18 12:39:00,0.5001300,0.5009300,0.4997900,0.5005800,37494.7023600
2025-06-18 12:40:00,0.5005700,0.5009400,0.5003700,0.5007000,32026.5067000
2025-06-18 12:41:00,0.5007900,0.5014200,0.5007000,0.5013000,33421.3967800
2025-06-18 12:42:00,0.5012600,0.5012600,0.4998900,0.5006600,64447.0013600
2025-06-18 12:43:00,0.5007000,0.5010100,0.5003000,0.5008400,19722.7494600
2025-06-18 12:44:00,0.5008500,0.5014900,0.5007600,0.5014900,23977.2324500
2025-06-18 12:45:00,0.5014900,0.5014900,0.5003600,0.5006200,38184.4526700
2025-06-18 12:46:00,0.5006000,0.5008000,0.5001400,0.5003900,30274.4362000
2025-06-18 12:47:00,0.5003700,0.5003700,0.4994800,0.4996500,19282.4840900
2025-06-18 12:48:00,0.4996300,0.4999500,0.4992900,0.4996500,30628.4539400
2025-06-18 12:49:00,0.4996700,0.5009200,0.4996700,0.5005000,40267.9145500
2025-06-18 12:50:00,0.5004700,0.5014400,0.4999800,0.5001200,54409.2432100
2025-06-18 12:51:00,0.5001400,0.5015500,0.5000500,0.5015200,31163.1039600
2025-06-18 12:52:00,0.5015100,0.5018000,0.5009100,0.5015400,68189.0314000
2025-06-18 12:53:00,0.5014800,0.5026100,0.5010300,0.5025400,50976.0811100
2025-06-18 12:54:00,0.5025100,0.5025100,0.5014200,0.5015100,20742.5768400
2025-06-18 12:55:00,0.5015100,0.5025800,0.5015100,0.5025800,24137.3998800
2025-06-18 12:56:00,0.5024400,0.5024400,0.5012600,0.5017900,48421.1991000
2025-06-18 12:57:00,0.5016800,0.5021100,0.5011200,0.5018200,39043.3967600
2025-06-18 12:58:00,0.5017900,0.5021000,0.5010700,0.5013700,52430.3591100
2025-06-18 12:59:00,0.5015700,0.5019000,0.5015400,0.5017900,22927.3654100
2025-06-18 13:00:00,0.5018900,0.5019500,0.5013200,0.5018900,20054.7140300
2025-06-18 13:01:00,0.5018900,0.5024100,0.5014800,0.5015400,35722.7785000
2025-06-18 13:02:00,0.5015400,0.5016100,0.4999300,0.5001400,131497.4645000
2025-06-18 13:03:00,0.5001200,0.5010600,0.4998900,0.5004200,87905.7522000
2025-06-18 13:04:00,0.5004400,0.5006500,0.4999100,0.5005200,32937.9117900
2025-06-18 13:05:00,0.5005100,0.5010900,0.4999800,0.5001500,36855.0139500
2025-06-18 13:06:00,0.5003200,0.5003900,0.4975800,0.4982100,289757.6331300
2025-06-18 13:07:00,0.4981900,0.4982100,0.4966200,0.4976800,233150.9244300
2025-06-18 13:08:00,0.4977900,0.4977900,0.4964300,0.4972000,77006.6703800
2025-06-18 13:09:00,0.4971700,0.4972700,0.4963700,0.4968000,98819.1364000
2025-06-18 13:10:00,0.4968500,0.4976400,0.4963000,0.4969500,69571.8741000
2025-06-18 13:11:00,0.4969700,0.4970800,0.4950600,0.4959300,137459.3845400
2025-06-18 13:12:00,0.4957900,0.4959100,0.4948600,0.4948900,86307.6330600
2025-06-18 13:13:00,0.4949600,0.4951500,0.4929500,0.4937800,420403.3095000
2025-06-18 13:14:00,0.4938000,0.4940100,0.4927700,0.4931800,155134.3417600
2025-06-18 13:15:00,0.4932700,0.4936900,0.4911300,0.4918700,172769.5423400
2025-06-18 13:16:00,0.4919500,0.4934000,0.4916100,0.4933900,108341.2902300
2025-06-18 13:17:00,0.4933800,0.4952100,0.4933800,0.4948900,76983.9336000
2025-06-18 13:18:00,0.4948900,0.4956600,0.4943500,0.4947500,72800.9734800
2025-06-18 13:19:00,0.4947600,0.4947800,0.4931000,0.4935100,102152.7624200
2025-06-18 13:20:00,0.4935400,0.4944400,0.4931600,0.4937000,48471.2588800
2025-06-18 13:21:00,0.4937100,0.4944300,0.4932500,0.4937500,78384.8683100
2025-06-18 13:22:00,0.4937500,0.4937500,0.4921000,0.4923300,51320.9885600
2025-06-18 13:23:00,0.4924600,0.4931500,0.4915000,0.4918000,74490.6249900
2025-06-18 13:24:00,0.4917800,0.4922100,0.4913400,0.4921500,79772.5363000
2025-06-18 13:25:00,0.4921500,0.4923800,0.4915100,0.4920400,95667.0254500
2025-06-18 13:26:00,0.4920800,0.4923300,0.4915200,0.4918100,54890.1665700
2025-06-18 13:27:00,0.4917900,0.4921900,0.4915200,0.4918900,53965.4936100
2025-06-18 13:28:00,0.4918900,0.4922900,0.4911100,0.4915000,70050.5868800
2025-06-18 13:29:00,0.4915700,0.4928900,0.4914800,0.4926800,60192.8151000
2025-06-18 13:30:00,0.4927200,0.4927200,0.4919400,0.4922400,39168.1217400
2025-06-18 13:31:00,0.4922400,0.4925800,0.4913100,0.4925800,71429.8832900
2025-06-18 13:32:00,0.4924900,0.4937200,0.4918000,0.4928100,110382.9047700
2025-06-18 13:33:00,0.4927200,0.4932000,0.4915200,0.4928400,68274.1075900
2025-06-18 13:34:00,0.4928900,0.4937400,0.4921000,0.4932900,85375.0433300
2025-06-18 13:35:00,0.4932900,0.4940400,0.4930800,0.4932200,41409.8655800
2025-06-18 13:36:00,0.4932200,0.4936900,0.4924800,0.4930300,180184.6348400
2025-06-18 13:37:00,0.4930300,0.4930300,0.4921800,0.4925500,31657.6735900
2025-06-18 13:38:00,0.4925500,0.4928400,0.4900900,0.4909900,259712.8684200
2025-06-18 13:39:00,0.4910200,0.4915100,0.4900100,0.4910500,199872.6531300
2025-06-18 13:40:00,0.4910600,0.4920800,0.4910000,0.4916100,79388.3475500
2025-06-18 13:41:00,0.4917900,0.4920800,0.4912000,0.4912000,37512.3343400
2025-06-18 13:42:00,0.4912300,0.4925900,0.4912100,0.4919600,52629.3433300
2025-06-18 13:43:00,0.4919400,0.4929100,0.4911500,0.4915900,83903.7031600
2025-06-18 13:44:00,0.4915000,0.4917300,0.4908400,0.4912500,76598.4329000
2025-06-18 13:45:00,0.4912600,0.4918000,0.4907900,0.4915100,115855.9896800
2025-06-18 13:46:00,0.4915400,0.4916300,0.4891600,0.4895700,223175.9414600
2025-06-18 13:47:00,0.4895500,0.4896800,0.4880400,0.4894000,122237.0762600
2025-06-18 13:48:00,0.4894900,0.4897100,0.4885700,0.4887900,35271.1122500
2025-06-18 13:49:00,0.4888500,0.4893200,0.4886500,0.4892800,70451.3421300
2025-06-18 13:50:00,0.4893100,0.4899300,0.4890900,0.4892200,55143.7573400
2025-06-18 13:51:00,0.4892100,0.4895200,0.4885200,0.4888200,66198.8102300
2025-06-18 13:52:00,0.4888500,0.4891700,0.4882400,0.4886400,89117.8785900
2025-06-18 13:53:00,0.4886500,0.4889200,0.4869000,0.4876500,170334.4415700
2025-06-18 13:54:00,0.4876800,0.4880600,0.4874100,0.4879900,56715.6176700
2025-06-18 13:55:00,0.4880600,0.4883300,0.4871200,0.4880600,71628.0297600
2025-06-18 13:56:00,0.4880700,0.4880700,0.4871900,0.4878000,104634.4504900
2025-06-18 13:57:00,0.4877500,0.4877900,0.4868400,0.4875700,97121.7974800
2025-06-18 13:58:00,0.4875500,0.4880000,0.4865300,0.4879800,127329.6542300
2025-06-18 13:59:00,0.4879300,0.4890600,0.4872400,0.4878100,122887.4560600
2025-06-18 14:00:00,0.4876300,0.4888600,0.4873900,0.4884800,52609.1271400
2025-06-18 14:01:00,0.4884300,0.4886900,0.4867500,0.4870700,190267.3481200
2025-06-18 14:02:00,0.4870100,0.4888500,0.4870100,0.4884200,179794.1759600
2025-06-18 14:03:00,0.4884200,0.4887400,0.4867300,0.4868600,152636.5602500
2025-06-18 14:04:00,0.4867700,0.4883400,0.4866100,0.4874900,117479.6610700
2025-06-18 14:05:00,0.4874900,0.4874900,0.4860000,0.4860800,92465.6136700
2025-06-18 14:06:00,0.4860700,0.4884900,0.4860600,0.4881400,80277.6331500
2025-06-18 14:07:00,0.4880400,0.4893600,0.4876000,0.4879300,113015.0294300
2025-06-18 14:08:00,0.4879200,0.4897100,0.4879200,0.4893600,60105.3445300
2025-06-18 14:09:00,0.4892000,0.4897100,0.4889000,0.4895000,56591.7969200
2025-06-18 14:10:00,0.4894200,0.4904700,0.4892700,0.4900500,132617.9699000
2025-06-18 14:11:00,0.4899800,0.4917300,0.4893100,0.4908400,71179.4530700
2025-06-18 14:12:00,0.4908300,0.4928000,0.4908300,0.4926700,173713.6359800
2025-06-18 14:13:00,0.4926200,0.4926200,0.4920500,0.4923600,52146.6295700
2025-06-18 14:14:00,0.4923500,0.4923500,0.4908900,0.4913700,63530.5993600
2025-06-18 14:15:00,0.4913700,0.4919300,0.4913700,0.4915300,38215.9166600
2025-06-18 14:16:00,0.4915800,0.4915800,0.4900000,0.4901200,74720.4041300
2025-06-18 14:17:00,0.4900800,0.4910600,0.4894100,0.4906400,58608.4467400
2025-06-18 14:18:00,0.4906800,0.4907500,0.4900600,0.4901400,44336.2972300
2025-06-18 14:19:00,0.4900600,0.4901300,0.4893900,0.4896900,56770.7168400
2025-06-18 14:20:00,0.4896700,0.4902100,0.4893600,0.4900200,24810.1152900
2025-06-18 14:21:00,0.4900800,0.4908900,0.4899700,0.4908800,28847.2072600
2025-06-18 14:22:00,0.4908000,0.4919100,0.4905300,0.4915300,43451.9904800
2025-06-18 14:23:00,0.4914500,0.4927200,0.4914500,0.4926200,53214.6936300
2025-06-18 14:24:00,0.4925800,0.4926000,0.4917600,0.4918500,37189.0121600
2025-06-18 14:25:00,0.4918800,0.4924600,0.4916000,0.4920000,34715.5673500
2025-06-18 14:26:00,0.4919500,0.4923000,0.4915400,0.4916300,47339.9044100
2025-06-18 14:27:00,0.4915700,0.4916800,0.4905900,0.4916800,32074.4962500
2025-06-18 14:28:00,0.4916200,0.4922300,0.4914000,0.4917000,30109.4415100
2025-06-18 14:29:00,0.4916800,0.4926700,0.4916800,0.4922700,57311.6344900
2025-06-18 14:30:00,0.4922700,0.4930900,0.4920000,0.4925600,73003.2419100
2025-06-18 14:31:00,0.4925600,0.4929900,0.4918100,0.4921800,59061.2682000
2025-06-18 14:32:00,0.4921900,0.4930000,0.4918100,0.4927600,60333.0523600
2025-06-18 14:33:00,0.4927500,0.4938800,0.4926000,0.4934700,84352.1841000
2025-06-18 14:34:00,0.4934600,0.4935000,0.4927100,0.4934100,57940.1042300
2025-06-18 14:35:00,0.4933300,0.4933800,0.4926400,0.4928800,49295.5106000
2025-06-18 14:36:00,0.4929200,0.4931500,0.4914100,0.4915200,92827.2397500
2025-06-18 14:37:00,0.4914900,0.4920300,0.4911200,0.4915200,27358.0453900
2025-06-18 14:38:00,0.4915200,0.4925900,0.4911600,0.4917400,37477.1821300
2025-06-18 14:39:00,0.4917700,0.4923800,0.4915600,0.4923600,17221.8221200
2025-06-18 14:40:00,0.4923300,0.4928600,0.4916100,0.4921900,24222.1374200
2025-06-18 14:41:00,0.4922000,0.4927400,0.4920500,0.4920800,28358.4766400
2025-06-18 14:42:00,0.4921500,0.4928000,0.4918900,0.4925300,27060.2936400
2025-06-18 14:43:00,0.4925300,0.4939100,0.4919400,0.4939100,70054.3843900
2025-06-18 14:44:00,0.4938800,0.4942900,0.4930000,0.4931000,43549.7938300
2025-06-18 14:45:00,0.4931200,0.4943600,0.4928000,0.4941600,88599.4626900
2025-06-18 14:46:00,0.4941900,0.4973800,0.4940900,0.4964500,343738.1003500
2025-06-18 14:47:00,0.4965700,0.4974800,0.4962300,0.4969600,80182.4975300
2025-06-18 14:48:00,0.4968800,0.4970700,0.4959200,0.4960700,35908.3742300
2025-06-18 14:49:00,0.4960200,0.4960300,0.4949900,0.4950900,19520.0823700
2025-06-18 14:50:00,0.4950400,0.4962600,0.4949900,0.4951300,40970.9865400
2025-06-18 14:51:00,0.4951100,0.4963000,0.4949900,0.4963000,87832.2747400
2025-06-18 14:52:00,0.4963400,0.4968900,0.4959600,0.4965500,27409.3317300
2025-06-18 14:53:00,0.4964600,0.4971900,0.4959400,0.4962200,83285.7899400
2025-06-18 14:54:00,0.4961300,0.4966800,0.4955300,0.4959800,58281.9168800
2025-06-18 14:55:00,0.4959500,0.4959500,0.4945100,0.4953600,44476.9830500
2025-06-18 14:56:00,0.4954400,0.4965200,0.4951900,0.4961800,33402.8249700
2025-06-18 14:57:00,0.4961800,0.4972500,0.4961400,0.4966100,42704.4629100
2025-06-18 14:58:00,0.4966300,0.4973300,0.4966300,0.4970300,32177.8513000
2025-06-18 14:59:00,0.4969700,0.4969800,0.4945800,0.4951400,203211.3514700
2025-06-18 15:00:00,0.4951700,0.4953000,0.4942000,0.4946500,73637.8811000
2025-06-18 15:01:00,0.4947000,0.4953100,0.4943500,0.4946600,40229.7612900
2025-06-18 15:02:00,0.4947200,0.4947200,0.4926600,0.4926600,90706.1135900
2025-06-18 15:03:00,0.4926300,0.4929000,0.4922300,0.4922300,46192.4162300
2025-06-18 15:04:00,0.4923000,0.4925800,0.4913500,0.4921300,59368.2266600
2025-06-18 15:05:00,0.4921400,0.4923500,0.4911900,0.4920600,29404.0793300
2025-06-18 15:06:00,0.4920400,0.4920800,0.4903900,0.4913600,105522.7663400
2025-06-18 15:07:00,0.4913600,0.4914900,0.4908300,0.4909600,41895.9226300
2025-06-18 15:08:00,0.4909600,0.4914400,0.4905200,0.4912300,44173.4882300
2025-06-18 15:09:00,0.4912200,0.4921300,0.4909000,0.4912200,31306.6158600
2025-06-18 15:10:00,0.4910400,0.4916900,0.4908900,0.4912900,34714.3041100
2025-06-18 15:11:00,0.4913500,0.4921100,0.4913500,0.4917600,36718.3105300
2025-06-18 15:12:00,0.4917700,0.4927600,0.4917700,0.4927600,65255.3735200
2025-06-18 15:13:00,0.4924600,0.4930200,0.4921200,0.4928500,65873.2877800
2025-06-18 15:14:00,0.4929400,0.4929400,0.4923700,0.4924700,26336.8887800
2025-06-18 15:15:00,0.4924700,0.4927100,0.4915800,0.4927100,44115.5814700
2025-06-18 15:16:00,0.4927100,0.4927100,0.4913900,0.4916700,13790.7607000
2025-06-18 15:17:00,0.4916400,0.4916400,0.4902300,0.4906800,61478.2582500
2025-06-18 15:18:00,0.4908200,0.4917800,0.4908200,0.4913200,24191.5253300
2025-06-18 15:19:00,0.4914000,0.4914000,0.4904400,0.4905300,44755.3789700
2025-06-18 15:20:00,0.4904400,0.4914400,0.4904400,0.4913900,39317.6193200
2025-06-18 15:21:00,0.4913900,0.4915300,0.4905100,0.4908000,25903.2218300
2025-06-18 15:22:00,0.4908200,0.4914600,0.4904500,0.4914500,21911.5526300
2025-06-18 15:23:00,0.4914400,0.4925300,0.4911500,0.4923900,30166.0972600
2025-06-18 15:24:00,0.4924500,0.4934400,0.4924100,0.4934100,48080.0850700
2025-06-18 15:25:00,0.4934500,0.4938400,0.4928000,0.4928000,27318.2648700
2025-06-18 15:26:00,0.4928800,0.4930500,0.4918800,0.4922900,17811.7052300
2025-06-18 15:27:00,0.4923500,0.4929900,0.4921000,0.4929400,21495.7902900
2025-06-18 15:28:00,0.4929700,0.4929800,0.4917800,0.4923100,67901.9017000
2025-06-18 15:29:00,0.4923100,0.4925200,0.4918300,0.4918500,36402.5699300
2025-06-18 15:30:00,0.4918300,0.4919200,0.4913800,0.4917200,23343.2078000
2025-06-18 15:31:00,0.4917400,0.4928000,0.4913000,0.4918800,33571.1960800
2025-06-18 15:32:00,0.4918800,0.4929800,0.4918800,0.4926200,20496.6988900
2025-06-18 15:33:00,0.4925400,0.4926600,0.4923700,0.4923900,6434.5906300
2025-06-18 15:34:00,0.4924600,0.4931400,0.4924600,0.4930800,26071.8343000
2025-06-18 15:35:00,0.4930800,0.4935000,0.4926700,0.4934600,28994.0011400
2025-06-18 15:36:00,0.4934100,0.4948800,0.4930900,0.4947600,103418.0715200
2025-06-18 15:37:00,0.4947400,0.4959700,0.4931500,0.4931500,101590.3447100
2025-06-18 15:38:00,0.4931500,0.4934600,0.4925300,0.4925300,50335.6794500
2025-06-18 15:39:00,0.4925700,0.4928200,0.4918600,0.4922400,39044.8856900
2025-06-18 15:40:00,0.4922600,0.4936600,0.4918200,0.4936000,31629.9825900
2025-06-18 15:41:00,0.4936000,0.4937000,0.4930500,0.4930600,27108.3271200
2025-06-18 15:42:00,0.4930900,0.4931400,0.4925600,0.4925600,41074.4711100
2025-06-18 15:43:00,0.4925600,0.4931100,0.4925600,0.4929400,20104.4146000
2025-06-18 15:44:00,0.4928400,0.4932900,0.4926300,0.4926800,43282.2303800
2025-06-18 15:45:00,0.4926600,0.4931200,0.4926200,0.4927500,27330.1945800
2025-06-18 15:46:00,0.4928400,0.4937200,0.4927400,0.4927400,29125.9605800
2025-06-18 15:47:00,0.4927000,0.4928400,0.4918900,0.4925000,36962.4695900
2025-06-18 15:48:00,0.4925100,0.4927600,0.4922400,0.4924200,16269.0652600
2025-06-18 15:49:00,0.4923600,0.4932500,0.4923100,0.4929500,46544.2890500
2025-06-18 15:50:00,0.4929400,0.4930800,0.4921100,0.4929100,62700.7706200
2025-06-18 15:51:00,0.4928500,0.4933100,0.4924100,0.4933100,32155.3838000
2025-06-18 15:52:00,0.4933400,0.4936400,0.4929100,0.4931200,30533.2331400
2025-06-18 15:53:00,0.4931100,0.4933600,0.4928100,0.4932400,41991.7344300
2025-06-18 15:54:00,0.4933400,0.4942800,0.4933400,0.4941900,41255.4195900
2025-06-18 15:55:00,0.4941800,0.4942700,0.4933700,0.4935200,79881.4296800
2025-06-18 15:56:00,0.4935100,0.4936900,0.4927900,0.4928300,20620.5798300
2025-06-18 15:57:00,0.4928200,0.4951000,0.4928100,0.4950200,194928.3077200
2025-06-18 15:58:00,0.4950200,0.4950400,0.4929700,0.4932400,79338.0149500
2025-06-18 15:59:00,0.4932500,0.4939200,0.4927000,0.4935600,44343.0543000
2025-06-18 16:00:00,0.4936100,0.4938500,0.4924700,0.4925700,45294.8307700
2025-06-18 16:01:00,0.4925100,0.4929300,0.4918300,0.4927000,79172.4165200
2025-06-18 16:02:00,0.4927200,0.4927200,0.4917900,0.4922200,40537.7314200
2025-06-18 16:03:00,0.4923500,0.4927000,0.4922200,0.4923800,34736.5649900
2025-06-18 16:04:00,0.4924400,0.4924400,0.4915700,0.4920000,40383.2364300
2025-06-18 16:05:00,0.4919900,0.4925900,0.4912400,0.4915000,93471.4966900
2025-06-18 16:06:00,0.4917000,0.4923300,0.4912100,0.4917600,41540.4193500
2025-06-18 16:07:00,0.4918500,0.4926400,0.4917500,0.4921600,19129.8828000
2025-06-18 16:08:00,0.4921600,0.4926000,0.4920800,0.4925800,20829.6251700
2025-06-18 16:09:00,0.4925900,0.4932300,0.4923500,0.4927500,39965.0023700
2025-06-18 16:10:00,0.4927400,0.4927400,0.4920800,0.4922700,20532.3095300
2025-06-18 16:11:00,0.4924000,0.4924700,0.4919300,0.4919300,33706.5753400
2025-06-18 16:12:00,0.4920100,0.4930200,0.4917500,0.4917800,70347.6418700
2025-06-18 16:13:00,0.4917900,0.4923500,0.4908700,0.4910200,68329.3277000
2025-06-18 16:14:00,0.4910100,0.4921000,0.4907000,0.4921000,37144.3671900
2025-06-18 16:15:00,0.4920800,0.4920800,0.4910100,0.4914700,49446.0513700
2025-06-18 16:16:00,0.4914500,0.4914500,0.4898500,0.4902000,115366.9350800
2025-06-18 16:17:00,0.4902000,0.4906100,0.4896500,0.4900300,116254.5723600
2025-06-18 16:18:00,0.4901000,0.4902400,0.4884300,0.4885200,185449.5269800
2025-06-18 16:19:00,0.4887800,0.4895700,0.4880400,0.4885000,139126.5674500
2025-06-18 16:20:00,0.4885000,0.4889900,0.4878900,0.4887000,134945.7808500
2025-06-18 16:21:00,0.4885500,0.4889100,0.4874000,0.4881600,58293.4179400
2025-06-18 16:22:00,0.4881700,0.4888800,0.4875800,0.4877200,106582.3120500
2025-06-18 16:23:00,0.4877300,0.4881500,0.4868400,0.4874800,92383.9197300
2025-06-18 16:24:00,0.4876600,0.4885400,0.4875100,0.4879700,71719.7801200
2025-06-18 16:25:00,0.4879500,0.4879500,0.4869500,0.4875700,55369.8225000
2025-06-18 16:26:00,0.4876600,0.4881000,0.4871700,0.4871700,56866.3214600
2025-06-18 16:27:00,0.4872000,0.4881700,0.4869100,0.4872500,72828.3848100
2025-06-18 16:28:00,0.4872400,0.4877900,0.4868200,0.4873400,59453.9671000
2025-06-18 16:29:00,0.4873300,0.4881800,0.4870700,0.4881600,41574.2454900
2025-06-18 16:30:00,0.4881200,0.4898800,0.4868400,0.4892600,162174.3637100
2025-06-18 16:31:00,0.4892600,0.4919300,0.4889600,0.4910300,196503.2476300
2025-06-18 16:32:00,0.4910400,0.4925000,0.4900000,0.4912000,147944.3455400
2025-06-18 16:33:00,0.4911800,0.4923700,0.4910600,0.4916400,91157.9536800
2025-06-18 16:34:00,0.4915400,0.4920200,0.4907300,0.4912200,66082.4711700
2025-06-18 16:35:00,0.4912100,0.4942500,0.4912000,0.4935700,161052.2762800
2025-06-18 16:36:00,0.4937200,0.4968900,0.4936000,0.4962000,211709.0250700
2025-06-18 16:37:00,0.4962000,0.4979200,0.4961800,0.4966700,158219.8141300
2025-06-18 16:38:00,0.4967500,0.4974400,0.4964400,0.4964400,135289.4546900
2025-06-18 16:39:00,0.4964600,0.4964900,0.4950900,0.4955000,77449.1107900
2025-06-18 16:40:00,0.4955100,0.4967800,0.4946500,0.4964300,104344.4336700
2025-06-18 16:41:00,0.4964300,0.4968300,0.4957200,0.4960300,136933.5970300
2025-06-18 16:42:00,0.4960400,0.4965000,0.4957300,0.4963900,61445.5141700
2025-06-18 16:43:00,0.4963200,0.4975400,0.4946500,0.4974600,191371.4130200
2025-06-18 16:44:00,0.4973600,0.4982000,0.4955800,0.4959700,180046.8972400
2025-06-18 16:45:00,0.4960300,0.4964500,0.4932000,0.4934800,233231.1903700
2025-06-18 16:46:00,0.4935400,0.4936800,0.4929100,0.4936800,55856.5052400
2025-06-18 16:47:00,0.4936600,0.4939600,0.4929900,0.4938500,60165.1747300
2025-06-18 16:48:00,0.4937900,0.4942800,0.4935600,0.4937900,28496.6323100
2025-06-18 16:49:00,0.4937900,0.4956000,0.4934300,0.4940600,102590.0436300
2025-06-18 16:50:00,0.4940600,0.4961400,0.4939500,0.4958600,37398.9628200
2025-06-18 16:51:00,0.4957800,0.4966900,0.4955100,0.4963800,48996.7759400
2025-06-18 16:52:00,0.4963700,0.4987200,0.4959600,0.4987100,248334.1084900
2025-06-18 16:53:00,0.4987100,0.5015400,0.4987100,0.4998600,469250.7848300
2025-06-18 16:54:00,0.4998600,0.5011400,0.4993300,0.4994100,177233.8758500
2025-06-18 16:55:00,0.4996300,0.5015000,0.4985600,0.5012300,147501.4022800
2025-06-18 16:56:00,0.5012200,0.5012500,0.5003100,0.5004800,77495.5821200
2025-06-18 16:57:00,0.5005800,0.5027900,0.5004200,0.5009400,165307.8061700
2025-06-18 16:58:00,0.5009400,0.5027400,0.5009400,0.5022000,86632.9450000
2025-06-18 16:59:00,0.5022200,0.5026200,0.5010500,0.5013200,72010.9746800
2025-06-18 17:00:00,0.5013200,0.5014100,0.4989200,0.4994700,144229.7774200
2025-06-18 17:01:00,0.4994800,0.4997800,0.4979100,0.4983900,155229.9038800
2025-06-18 17:02:00,0.4983500,0.4993600,0.4979600,0.4993600,87366.5273700
2025-06-18 17:03:00,0.4993600,0.5038200,0.4990400,0.5036100,254973.9098300
2025-06-18 17:04:00,0.5035300,0.5069400,0.5027500,0.5056900,496426.2196700
2025-06-18 17:05:00,0.5055600,0.5072500,0.5037700,0.5057300,215389.4511000
2025-06-18 17:06:00,0.5059200,0.5061900,0.5033700,0.5054900,124172.2414000
2025-06-18 17:07:00,0.5054800,0.5061500,0.5043400,0.5061200,82775.7094900
2025-06-18 17:08:00,0.5061500,0.5093700,0.5056100,0.5058200,351669.8641700
2025-06-18 17:09:00,0.5058100,0.5069800,0.5055100,0.5067100,108895.5732400
2025-06-18 17:10:00,0.5067800,0.5071100,0.5050400,0.5053400,119863.1306000
2025-06-18 17:11:00,0.5052900,0.5066900,0.5050300,0.5066600,94026.2085100
2025-06-18 17:12:00,0.5065200,0.5065800,0.5053500,0.5063500,57041.2944100
2025-06-18 17:13:00,0.5064400,0.5081300,0.5059600,0.5071400,147423.6551000
2025-06-18 17:14:00,0.5071400,0.5088800,0.5064500,0.5071500,197200.0578700
2025-06-18 17:15:00,0.5071500,0.5079600,0.5047500,0.5047500,172345.2699900
2025-06-18 17:16:00,0.5047400,0.5067700,0.5043200,0.5057700,148383.7523300
2025-06-18 17:17:00,0.5058800,0.5073000,0.5057000,0.5071600,104268.9183500
2025-06-18 17:18:00,0.5071300,0.5076400,0.5053200,0.5055800,105621.4316200
2025-06-18 17:19:00,0.5055500,0.5064000,0.5042800,0.5044700,142760.2573000
2025-06-18 17:20:00,0.5044400,0.5065800,0.5044400,0.5060700,83493.2404100
2025-06-18 17:21:00,0.5061800,0.5067400,0.5050800,0.5055400,116681.0408400
2025-06-18 17:22:00,0.5054700,0.5064800,0.5052100,0.5057700,93101.5589600
2025-06-18 17:23:00,0.5056900,0.5059100,0.5050400,0.5057600,61013.7432000
2025-06-18 17:24:00,0.5057000,0.5076900,0.5056000,0.5069500,90124.0731900
2025-06-18 17:25:00,0.5069700,0.5076700,0.5064300,0.5064300,73582.5746400
2025-06-18 17:26:00,0.5064300,0.5074900,0.5053200,0.5068900,100325.1220100
2025-06-18 17:27:00,0.5068700,0.5074400,0.5060800,0.5064200,54122.1753300
2025-06-18 17:28:00,0.5063800,0.5075700,0.5059600,0.5071000,63713.4264900
2025-06-18 17:29:00,0.5070900,0.5075900,0.5056500,0.5057200,46711.2636300
2025-06-18 17:30:00,0.5057500,0.5069000,0.5056200,0.5058900,114759.2119300
2025-06-18 17:31:00,0.5059400,0.5066900,0.5057000,0.5065800,82987.5663700
2025-06-18 17:32:00,0.5066000,0.5067300,0.5056800,0.5057600,78863.0567000
2025-06-18 17:33:00,0.5057600,0.5064000,0.5053400,0.5056600,92856.9612400
2025-06-18 17:34:00,0.5056300,0.5056300,0.5037100,0.5047900,135952.3208000
2025-06-18 17:35:00,0.5047400,0.5049400,0.5041200,0.5042800,46516.0011700
2025-06-18 17:36:00,0.5043100,0.5053300,0.5039500,0.5046600,59687.0175100
2025-06-18 17:37:00,0.5047000,0.5048900,0.5036400,0.5043700,56048.4489100
2025-06-18 17:38:00,0.5043500,0.5060900,0.5039500,0.5060100,66529.7424200
2025-06-18 17:39:00,0.5060600,0.5076300,0.5057000,0.5074000,158380.1558100
2025-06-18 17:40:00,0.5073300,0.5074900,0.5046100,0.5046100,81947.8028300
2025-06-18 17:41:00,0.5046100,0.5054600,0.5042700,0.5046600,82951.8296300
2025-06-18 17:42:00,0.5046700,0.5058800,0.5046000,0.5056400,40485.2688000
2025-06-18 17:43:00,0.5056200,0.5058900,0.5051700,0.5052000,47400.9877500
2025-06-18 17:44:00,0.5052000,0.5060000,0.5051600,0.5054600,39929.3724800
2025-06-18 17:45:00,0.5055100,0.5056300,0.5039200,0.5040700,46170.9651000
2025-06-18 17:46:00,0.5040200,0.5051500,0.5035000,0.5050600,145033.3552500
2025-06-18 17:47:00,0.5050300,0.5060400,0.5048300,0.5056900,54632.3342900
2025-06-18 17:48:00,0.5057200,0.5058500,0.5020000,0.5032800,232805.7293500
2025-06-18 17:49:00,0.5032600,0.5034900,0.5020300,0.5029500,158650.4550800
2025-06-18 17:50:00,0.5029100,0.5032100,0.5017500,0.5017500,107513.4616000
2025-06-18 17:51:00,0.5017700,0.5024400,0.4988100,0.4993200,224189.1264000
2025-06-18 17:52:00,0.4994700,0.4998000,0.4985600,0.4992700,100070.0763800
2025-06-18 17:53:00,0.4993200,0.4994400,0.4985200,0.4988000,114194.5156400
2025-06-18 17:54:00,0.4988100,0.4993200,0.4980100,0.4989000,99035.9612700
2025-06-18 17:55:00,0.4988300,0.4990900,0.4982200,0.4985000,55593.0624200
2025-06-18 17:56:00,0.4985400,0.4994000,0.4983600,0.4994000,37951.6108000
2025-06-18 17:57:00,0.4994000,0.5006700,0.4991300,0.5006300,67527.5449700
2025-06-18 17:58:00,0.5005600,0.5011000,0.4995800,0.4998600,48223.5697400
2025-06-18 17:59:00,0.4999700,0.5003300,0.4994800,0.4996200,64612.9240800
2025-06-18 18:00:00,0.4995900,0.5002500,0.4986800,0.4988400,94652.9634400
2025-06-18 18:01:00,0.4989400,0.5008500,0.4984600,0.5006500,76338.4893800
2025-06-18 18:02:00,0.5006500,0.5012000,0.4993000,0.4995600,68069.2475200
2025-06-18 18:03:00,0.4995300,0.5008500,0.4994400,0.5003000,50498.6712100
2025-06-18 18:04:00,0.5002900,0.5020000,0.5002100,0.5018100,95394.7519400
2025-06-18 18:05:00,0.5018100,0.5024800,0.5005300,0.5018600,140552.6683100
2025-06-18 18:06:00,0.5017500,0.5026100,0.5009800,0.5012400,93273.4606800
2025-06-18 18:07:00,0.5012100,0.5018200,0.5000600,0.5002000,52806.4407500
2025-06-18 18:08:00,0.5001900,0.5015700,0.4999300,0.5005000,60174.8455800
2025-06-18 18:09:00,0.5004500,0.5015000,0.5001800,0.5008800,34588.5000600
2025-06-18 18:10:00,0.5008000,0.5014700,0.5003300,0.5007100,73198.0892200
2025-06-18 18:11:00,0.5007100,0.5014500,0.5001600,0.5010200,73202.1374300
2025-06-18 18:12:00,0.5010100,0.5013500,0.5005700,0.5010900,66732.3337300
2025-06-18 18:13:00,0.5010700,0.5024000,0.5009800,0.5012700,123941.2857900
2025-06-18 18:14:00,0.5013900,0.5013900,0.5002800,0.5007700,50467.0279800
2025-06-18 18:15:00,0.5006700,0.5008600,0.4995900,0.4995900,62807.5432200
2025-06-18 18:16:00,0.4995900,0.5000400,0.4991600,0.4995200,74167.9998100
2025-06-18 18:17:00,0.4994700,0.4999600,0.4989700,0.4992200,35457.5128400
2025-06-18 18:18:00,0.4992000,0.5001200,0.4991700,0.4999900,63201.0675600
2025-06-18 18:19:00,0.5000600,0.5010800,0.5000600,0.5009700,33951.5902800
2025-06-18 18:20:00,0.5009600,0.5021700,0.5009300,0.5012000,62506.2913800
2025-06-18 18:21:00,0.5011900,0.5022900,0.5009300,0.5021000,29981.2016300
2025-06-18 18:22:00,0.5020500,0.5032400,0.5018000,0.5031400,59733.9667300
2025-06-18 18:23:00,0.5031300,0.5039500,0.5027700,0.5032800,35433.1305600
2025-06-18 18:24:00,0.5032700,0.5044200,0.5028700,0.5039100,77452.9397800
2025-06-18 18:25:00,0.5039600,0.5052200,0.5036800,0.5050500,86329.6519400
2025-06-18 18:26:00,0.5050500,0.5060000,0.5041600,0.5047700,98338.6303500
2025-06-18 18:27:00,0.5047400,0.5055000,0.5042900,0.5053100,92116.4595400
2025-06-18 18:28:00,0.5053000,0.5054500,0.5038800,0.5042600,42536.7299400
2025-06-18 18:29:00,0.5042100,0.5042300,0.5031000,0.5037000,24607.9623000
2025-06-18 18:30:00,0.5037100,0.5042900,0.5023000,0.5028300,80808.3383000
2025-06-18 18:31:00,0.5028500,0.5032400,0.5023300,0.5023600,45251.4237900
2025-06-18 18:32:00,0.5023900,0.5023900,0.5011000,0.5015100,66665.0002700
2025-06-18 18:33:00,0.5014500,0.5017000,0.5005500,0.5005600,58464.3175200
2025-06-18 18:34:00,0.5007800,0.5025400,0.5007800,0.5021700,36002.9275500
2025-06-18 18:35:00,0.5021700,0.5021700,0.5009600,0.5014800,26547.9894200
2025-06-18 18:36:00,0.5015900,0.5015900,0.4997700,0.5001400,48774.3869300
2025-06-18 18:37:00,0.5000900,0.5022300,0.4999400,0.5020400,35426.5299000
2025-06-18 18:38:00,0.5020400,0.5022600,0.5013700,0.5016800,21637.2423900
2025-06-18 18:39:00,0.5017100,0.5030100,0.5016800,0.5028000,44548.5797100
2025-06-18 18:40:00,0.5027500,0.5029200,0.5012000,0.5016100,58371.7853800
2025-06-18 18:41:00,0.5015600,0.5023700,0.5013300,0.5023700,46998.0829800
2025-06-18 18:42:00,0.5024000,0.5024400,0.5009500,0.5010000,24502.1827300
2025-06-18 18:43:00,0.5009700,0.5011800,0.5000900,0.5002400,47787.0466700
2025-06-18 18:44:00,0.5002800,0.5010900,0.4998900,0.5010900,23041.0140500
2025-06-18 18:45:00,0.5011000,0.5014800,0.5000000,0.5002600,33055.1589300
2025-06-18 18:46:00,0.5003800,0.5004400,0.4997300,0.5001600,32483.1362200
2025-06-18 18:47:00,0.5001000,0.5008000,0.4999300,0.5002100,27271.0969500
2025-06-18 18:48:00,0.5002100,0.5009000,0.5001600,0.5003600,28172.6775200
2025-06-18 18:49:00,0.5003700,0.5013200,0.4999900,0.5005000,29396.4633200
2025-06-18 18:50:00,0.5006200,0.5015700,0.5003400,0.5003400,96400.8346400
2025-06-18 18:51:00,0.5003400,0.5007400,0.4993600,0.4997000,28943.1716400
2025-06-18 18:52:00,0.4996500,0.5000000,0.4991100,0.4995800,62831.1888100
2025-06-18 18:53:00,0.4995400,0.4997500,0.4990200,0.4995200,30998.1184200
2025-06-18 18:54:00,0.4994100,0.4994100,0.4987000,0.4991500,28494.5125100
2025-06-18 18:55:00,0.4991700,0.4996200,0.4990100,0.4994300,25434.9923000
2025-06-18 18:56:00,0.4994500,0.4996500,0.4985000,0.4988400,45819.8527500
2025-06-18 18:57:00,0.4988900,0.4991300,0.4976300,0.4978900,93599.5544600
2025-06-18 18:58:00,0.4979500,0.4982000,0.4970400,0.4975000,86237.3086100
2025-06-18 18:59:00,0.4975000,0.4978000,0.4973400,0.4975400,36846.1523200
2025-06-18 19:00:00,0.4975900,0.4978900,0.4966000,0.4970100,80420.9813400
2025-06-18 19:01:00,0.4969300,0.4983500,0.4966600,0.4980300,40145.1055100
2025-06-18 19:02:00,0.4980400,0.4983800,0.4960000,0.4965500,130628.5163200
2025-06-18 19:03:00,0.4965600,0.4971700,0.4965400,0.4966200,27050.4789100
2025-06-18 19:04:00,0.4965900,0.4969200,0.4959000,0.4966500,67491.2912400
2025-06-18 19:05:00,0.4967000,0.4971800,0.4962100,0.4968700,37220.7469000
2025-06-18 19:06:00,0.4969500,0.4969500,0.4957300,0.4968900,62929.6356600
2025-06-18 19:07:00,0.4968000,0.4972600,0.4962300,0.4962400,52694.7110600
2025-06-18 19:08:00,0.4962300,0.4969400,0.4958300,0.4969400,53412.3184100
2025-06-18 19:09:00,0.4969200,0.4989000,0.4969200,0.4989000,129254.5324900
2025-06-18 19:10:00,0.4988300,0.4998400,0.4987600,0.4990200,70504.6808000
2025-06-18 19:11:00,0.4990200,0.4995500,0.4979700,0.4983000,62610.4258400
2025-06-18 19:12:00,0.4983100,0.4988800,0.4981100,0.4982200,29953.4724700
2025-06-18 19:13:00,0.4982600,0.4985600,0.4975000,0.4975000,25512.5342200
2025-06-18 19:14:00,0.4975000,0.4980600,0.4970000,0.4977900,43380.3008800
2025-06-18 19:15:00,0.4978800,0.4982800,0.4969900,0.4970400,24368.3465100
2025-06-18 19:16:00,0.4970800,0.4971900,0.4961200,0.4964100,43785.7378300
2025-06-18 19:17:00,0.4963800,0.4966300,0.4960400,0.4965400,33339.5351200
2025-06-18 19:18:00,0.4965900,0.4968400,0.4961100,0.4963100,36772.0760000
2025-06-18 19:19:00,0.4962600,0.4972800,0.4962000,0.4972800,18639.0905300
2025-06-18 19:20:00,0.4972300,0.4972300,0.4959600,0.4969600,50240.3205600
2025-06-18 19:21:00,0.4969000,0.4974500,0.4966800,0.4969300,54288.0424000
2025-06-18 19:22:00,0.4969300,0.4974200,0.4965500,0.4970400,38378.4118500
2025-06-18 19:23:00,0.4970800,0.4970800,0.4964000,0.4967000,22002.3758500
2025-06-18 19:24:00,0.4966800,0.4974000,0.4964700,0.4967700,42042.3286200
2025-06-18 19:25:00,0.4967600,0.4971400,0.4965300,0.4968900,22029.9163500
2025-06-18 19:26:00,0.4968900,0.4968900,0.4959000,0.4964300,38538.1418200
2025-06-18 19:27:00,0.4963800,0.4964600,0.4959600,0.4963100,22577.2890200
2025-06-18 19:28:00,0.4963300,0.4963900,0.4957400,0.4958100,48322.7942500
2025-06-18 19:29:00,0.4958600,0.4958600,0.4954000,0.4957000,38029.5951300
2025-06-18 19:30:00,0.4955800,0.4956200,0.4950300,0.4951000,56280.4161600
2025-06-18 19:31:00,0.4950500,0.4956300,0.4949200,0.4952700,53528.6960100
2025-06-18 19:32:00,0.4952900,0.4958400,0.4946100,0.4948000,61379.2578300
2025-06-18 19:33:00,0.4948100,0.4950700,0.4945000,0.4948800,37834.5929800
2025-06-18 19:34:00,0.4948800,0.4959900,0.4942800,0.4954500,81407.5197800
2025-06-18 19:35:00,0.4954700,0.4960900,0.4953000,0.4957900,36577.2130900
2025-06-18 19:36:00,0.4957700,0.4966300,0.4952400,0.4957300,50968.5580100
2025-06-18 19:37:00,0.4957700,0.4957700,0.4944400,0.4951600,22201.4722600
2025-06-18 19:38:00,0.4951800,0.4955200,0.4946900,0.4955200,47687.3588700
2025-06-18 19:39:00,0.4955500,0.4956900,0.4948400,0.4952700,16325.1706600
2025-06-18 19:40:00,0.4952700,0.4954200,0.4943500,0.4943500,23240.5180400
2025-06-18 19:41:00,0.4943600,0.4957000,0.4941400,0.4955000,31955.3151200
2025-06-18 19:42:00,0.4954800,0.4961800,0.4953400,0.4958800,51912.1587600
2025-06-18 19:43:00,0.4958800,0.4962400,0.4954200,0.4955000,30613.1540300
2025-06-18 19:44:00,0.4954700,0.4961200,0.4954000,0.4961000,9755.4959100
2025-06-18 19:45:00,0.4960900,0.4964300,0.4954600,0.4955300,14118.4468600
2025-06-18 19:46:00,0.4955000,0.4955100,0.4941700,0.4942000,21521.1265400
2025-06-18 19:47:00,0.4942800,0.4942900,0.4938000,0.4938900,29128.7677600
2025-06-18 19:48:00,0.4939700,0.4940000,0.4932600,0.4935500,46790.2732800
2025-06-18 19:49:00,0.4934500,0.4944000,0.4934100,0.4941100,19010.5283400
2025-06-18 19:50:00,0.4941100,0.4949100,0.4938100,0.4947100,30152.7024100
2025-06-18 19:51:00,0.4947100,0.4958600,0.4947100,0.4953200,29601.3631400
2025-06-18 19:52:00,0.4953000,0.4962000,0.4945600,0.4956100,97144.0383600
2025-06-18 19:53:00,0.4955500,0.4959600,0.4953500,0.4954000,7889.0321700
2025-06-18 19:54:00,0.4953600,0.4954100,0.4948200,0.4948200,17517.1390500
2025-06-18 19:55:00,0.4948200,0.4953400,0.4947100,0.4948600,19671.4193700
2025-06-18 19:56:00,0.4948600,0.4962500,0.4948600,0.4958000,79665.4683800
2025-06-18 19:57:00,0.4957900,0.4957900,0.4948600,0.4948600,20514.7071800
2025-06-18 19:58:00,0.4948500,0.4951000,0.4946400,0.4947100,16966.3599300
2025-06-18 19:59:00,0.4946800,0.4949200,0.4945600,0.4947600,25252.8509800
2025-06-18 20:00:00,0.4947500,0.4949500,0.4942600,0.4943200,34523.7663000
2025-06-18 20:01:00,0.4943900,0.4948100,0.4940900,0.4947000,24345.6024400
2025-06-18 20:02:00,0.4946000,0.4947900,0.4934800,0.4936000,89628.6139300
2025-06-18 20:03:00,0.4935600,0.4938900,0.4924800,0.4926000,73427.0683900
2025-06-18 20:04:00,0.4926000,0.4929600,0.4923200,0.4923200,39741.8128800
2025-06-18 20:05:00,0.4923100,0.4924500,0.4915600,0.4923000,67448.2416300
2025-06-18 20:06:00,0.4922700,0.4923900,0.4915500,0.4919800,60335.5672300
2025-06-18 20:07:00,0.4919800,0.4919900,0.4906800,0.4912500,28411.8468000
2025-06-18 20:08:00,0.4913000,0.4926300,0.4911800,0.4926300,40281.1052000
2025-06-18 20:09:00,0.4926500,0.4935400,0.4926500,0.4933000,46435.9018900
2025-06-18 20:10:00,0.4932600,0.4934600,0.4929600,0.4931600,21950.5230800
2025-06-18 20:11:00,0.4931900,0.4934200,0.4926800,0.4926800,23182.0495900
2025-06-18 20:12:00,0.4926900,0.4932000,0.4924600,0.4931900,18020.6741300
2025-06-18 20:13:00,0.4932000,0.4933000,0.4921100,0.4923400,26617.3024400
2025-06-18 20:14:00,0.4923500,0.4923500,0.4915800,0.4917500,25522.4008400
2025-06-18 20:15:00,0.4918000,0.4919900,0.4913700,0.4917500,19454.1082800
2025-06-18 20:16:00,0.4917200,0.4928000,0.4915900,0.4925600,27315.8042800
2025-06-18 20:17:00,0.4926100,0.4934900,0.4918500,0.4918500,72353.5760500
2025-06-18 20:18:00,0.4918600,0.4929000,0.4918600,0.4926400,27313.4637000
2025-06-18 20:19:00,0.4926600,0.4937800,0.4925000,0.4937800,23925.2155000
2025-06-18 20:20:00,0.4937000,0.4947000,0.4931600,0.4946000,42212.2299300
2025-06-18 20:21:00,0.4946500,0.4948700,0.4935600,0.4936000,40839.5973500
2025-06-18 20:22:00,0.4935700,0.4940400,0.4932100,0.4933100,33349.2175600
2025-06-18 20:23:00,0.4933100,0.4933100,0.4929100,0.4929800,7537.6284000
2025-06-18 20:24:00,0.4929700,0.4943900,0.4929700,0.4943800,18061.0490900
2025-06-18 20:25:00,0.4943000,0.4943200,0.4933900,0.4933900,20733.6232300
2025-06-18 20:26:00,0.4933600,0.4939400,0.4932600,0.4938900,22997.5374500
2025-06-18 20:27:00,0.4938800,0.4940700,0.4932000,0.4932000,19916.2341800
2025-06-18 20:28:00,0.4931900,0.4932200,0.4923600,0.4929100,31792.7673400
2025-06-18 20:29:00,0.4929000,0.4930000,0.4920600,0.4925300,22498.1725900
2025-06-18 20:30:00,0.4925000,0.4932400,0.4925000,0.4926300,37831.2714000
2025-06-18 20:31:00,0.4927100,0.4931100,0.4921100,0.4922200,52848.3841100
2025-06-18 20:32:00,0.4921800,0.4931400,0.4921800,0.4930600,30807.6778100
2025-06-18 20:33:00,0.4930000,0.4930000,0.4916800,0.4920200,38012.2777200
2025-06-18 20:34:00,0.4920900,0.4930400,0.4919400,0.4928500,76578.8885700
2025-06-18 20:35:00,0.4928900,0.4928900,0.4911800,0.4914900,85730.9235600
2025-06-18 20:36:00,0.4914900,0.4952900,0.4912500,0.4948100,176267.0342600
2025-06-18 20:37:00,0.4948200,0.4960200,0.4948200,0.4959900,66383.0166600
2025-06-18 20:38:00,0.4960000,0.4970400,0.4958200,0.4970200,37567.2596800
2025-06-18 20:39:00,0.4969400,0.4991600,0.4968100,0.4989000,122576.0093800
2025-06-18 20:40:00,0.4989000,0.4990500,0.4972500,0.4980100,81383.1731900
2025-06-18 20:41:00,0.4980500,0.4983700,0.4969200,0.4975100,88950.6611700
2025-06-18 20:42:00,0.4974800,0.4981600,0.4965600,0.4979000,41806.5957700
2025-06-18 20:43:00,0.4978800,0.4984400,0.4977400,0.4982900,38206.2282000
2025-06-18 20:44:00,0.4983000,0.4984400,0.4970300,0.4973900,33528.8826400
2025-06-18 20:45:00,0.4972700,0.4974200,0.4951500,0.4951500,37947.9995200
2025-06-18 20:46:00,0.4951600,0.4952600,0.4937200,0.4940000,74636.2427700
2025-06-18 20:47:00,0.4940000,0.4949200,0.4940000,0.4944400,31095.6298100
2025-06-18 20:48:00,0.4944400,0.4952100,0.4943300,0.4946500,23679.2363700
2025-06-18 20:49:00,0.4946200,0.4951800,0.4934200,0.4941700,69509.7232200
2025-06-18 20:50:00,0.4941200,0.4949400,0.4936900,0.4947400,70237.8698100
2025-06-18 20:51:00,0.4947000,0.4959400,0.4946800,0.4958500,24517.3004800
2025-06-18 20:52:00,0.4960000,0.4979600,0.4960000,0.4978300,81213.4407700
2025-06-18 20:53:00,0.4978300,0.4979800,0.4969000,0.4969600,36426.1308700
2025-06-18 20:54:00,0.4969800,0.4971800,0.4951600,0.4964900,139028.9125000
2025-06-18 20:55:00,0.4965400,0.4976200,0.4964000,0.4968700,40231.3100700
2025-06-18 20:56:00,0.4967700,0.4971600,0.4963000,0.4964000,26474.8912000
2025-06-18 20:57:00,0.4963800,0.4963800,0.4949100,0.4951700,59066.5403000
2025-06-18 20:58:00,0.4951100,0.4963700,0.4949500,0.4961200,37982.7921600
2025-06-18 20:59:00,0.4962400,0.4968800,0.4946700,0.4954700,121546.1230000
2025-06-18 21:00:00,0.4954700,0.5000000,0.4952800,0.4978600,276268.8174200
2025-06-18 21:01:00,0.4978800,0.4987300,0.4975200,0.4976000,122526.2659800
2025-06-18 21:02:00,0.4975200,0.4975300,0.4939900,0.4946100,127353.0276700
2025-06-18 21:03:00,0.4945000,0.4959600,0.4943300,0.4950800,78106.6403500
2025-06-18 21:04:00,0.4951000,0.4953900,0.4930100,0.4931800,90613.9945300
2025-06-18 21:05:00,0.4933200,0.4940400,0.4923600,0.4929000,85561.9701800
2025-06-18 21:06:00,0.4929600,0.4945000,0.4925100,0.4942100,68044.9895000
2025-06-18 21:07:00,0.4942600,0.4942600,0.4924200,0.4937200,63293.1572600
2025-06-18 21:08:00,0.4937500,0.4939000,0.4923100,0.4925800,37918.8734700
2025-06-18 21:09:00,0.4925900,0.4929600,0.4918600,0.4924700,41663.3320700
2025-06-18 21:10:00,0.4924600,0.4924600,0.4912600,0.4923300,66478.5692800
2025-06-18 21:11:00,0.4923500,0.4936900,0.4917100,0.4935800,57075.1794700
2025-06-18 21:12:00,0.4935700,0.4935800,0.4918000,0.4918000,64808.8691300
2025-06-18 21:13:00,0.4917500,0.4930800,0.4912600,0.4927500,125628.6672500
2025-06-18 21:14:00,0.4927500,0.4942400,0.4927500,0.4940900,126196.4311800
2025-06-18 21:15:00,0.4939400,0.4940800,0.4927400,0.4928000,42858.0905600
2025-06-18 21:16:00,0.4929300,0.4938500,0.4917600,0.4920600,60370.2211600
2025-06-18 21:17:00,0.4919100,0.4930400,0.4918500,0.4922700,31634.0883400
2025-06-18 21:18:00,0.4923900,0.4924900,0.4911500,0.4914000,27816.7859500
2025-06-18 21:19:00,0.4913900,0.4919000,0.4913300,0.4915000,54966.2940400
2025-06-18 21:20:00,0.4914400,0.4919600,0.4911100,0.4914700,43484.2545500
2025-06-18 21:21:00,0.4915000,0.4921200,0.4910700,0.4913000,47882.4269300
2025-06-18 21:22:00,0.4912700,0.4921200,0.4909000,0.4916600,61531.2369400
2025-06-18 21:23:00,0.4916500,0.4919700,0.4909100,0.4914100,36578.1615400
2025-06-18 21:24:00,0.4914800,0.4918100,0.4906600,0.4916200,49345.9433600
2025-06-18 21:25:00,0.4916300,0.4940800,0.4916300,0.4936500,65234.4913800
2025-06-18 21:26:00,0.4936700,0.4936900,0.4923500,0.4925800,51193.4140300
2025-06-18 21:27:00,0.4924500,0.4924500,0.4906100,0.4919300,56773.3120700
2025-06-18 21:28:00,0.4919300,0.4921300,0.4910800,0.4911200,31443.8032700
2025-06-18 21:29:00,0.4911900,0.4918600,0.4909000,0.4914600,49222.1188700
2025-06-18 21:30:00,0.4914000,0.4923000,0.4909500,0.4910400,46141.8969400
2025-06-18 21:31:00,0.4911300,0.4928800,0.4911300,0.4928300,48497.1908900
2025-06-18 21:32:00,0.4928500,0.4954000,0.4928500,0.4949000,97676.7965700
2025-06-18 21:33:00,0.4949300,0.4955500,0.4940200,0.4953200,188515.2644400
2025-06-18 21:34:00,0.4953300,0.4955400,0.4945700,0.4946200,94762.4260800
2025-06-18 21:35:00,0.4946200,0.4948800,0.4920500,0.4942500,265481.0479100
2025-06-18 21:36:00,0.4942600,0.4948500,0.4935100,0.4942000,71333.3300800
2025-06-18 21:37:00,0.4942000,0.4950700,0.4940400,0.4940600,40240.8402000
2025-06-18 21:38:00,0.4940100,0.4956900,0.4939600,0.4955700,70160.8816300
2025-06-18 21:39:00,0.4954800,0.4958500,0.4944900,0.4949800,93832.3108500
2025-06-18 21:40:00,0.4950000,0.4960400,0.4946200,0.4957400,34955.9102600
2025-06-18 21:41:00,0.4957000,0.4962200,0.4947100,0.4962200,55722.5829200
2025-06-18 21:42:00,0.4961200,0.4962600,0.4944200,0.4945500,46749.8598700
2025-06-18 21:43:00,0.4945600,0.4945600,0.4930900,0.4931200,67915.0325000
2025-06-18 21:44:00,0.4931200,0.4934300,0.4925700,0.4926400,27002.4665800
2025-06-18 21:45:00,0.4926100,0.4935900,0.4922600,0.4927700,50079.8024400
2025-06-18 21:46:00,0.4927600,0.4939100,0.4923400,0.4936700,22633.0612100
2025-06-18 21:47:00,0.4937800,0.4942900,0.4931200,0.4934400,59879.3811100
2025-06-18 21:48:00,0.4934800,0.4938400,0.4929400,0.4936100,14830.4491700
2025-06-18 21:49:00,0.4936300,0.4945900,0.4936300,0.4938400,26180.5891800
2025-06-18 21:50:00,0.4937800,0.4937800,0.4924700,0.4927200,21532.6204700
2025-06-18 21:51:00,0.4927000,0.4932100,0.4920000,0.4924900,41387.1682500
2025-06-18 21:52:00,0.4924800,0.4925900,0.4911700,0.4913300,19928.9277700
2025-06-18 21:53:00,0.4912900,0.4913300,0.4893100,0.4898800,90540.2304700
2025-06-18 21:54:00,0.4897600,0.4900500,0.4890200,0.4897500,75911.8021300
2025-06-18 21:55:00,0.4897400,0.4897600,0.4879000,0.4879100,117316.8708100
2025-06-18 21:56:00,0.4881400,0.4888500,0.4866000,0.4868500,232816.4768400
2025-06-18 21:57:00,0.4868500,0.4879000,0.4867600,0.4874800,103208.2442100
2025-06-18 21:58:00,0.4874200,0.4882700,0.4870100,0.4881300,67371.6850500
2025-06-18 21:59:00,0.4881300,0.4904000,0.4875100,0.4890500,153470.1120300
2025-06-18 22:00:00,0.4890400,0.4905800,0.4881400,0.4896200,146350.2801800
2025-06-18 22:01:00,0.4896000,0.4910300,0.4894500,0.4906100,57031.7637400
2025-06-18 22:02:00,0.4905500,0.4913400,0.4903400,0.4908600,71477.0165000
2025-06-18 22:03:00,0.4908100,0.4926500,0.4907800,0.4916000,56205.3303600
2025-06-18 22:04:00,0.4916600,0.4926500,0.4916200,0.4926500,37024.7376300
2025-06-18 22:05:00,0.4926600,0.4934200,0.4923400,0.4924100,51166.4747800
2025-06-18 22:06:00,0.4924800,0.4930300,0.4913300,0.4918000,36510.2977700
2025-06-18 22:07:00,0.4918200,0.4924400,0.4909700,0.4911100,47615.3421300
2025-06-18 22:08:00,0.4911300,0.4918900,0.4908700,0.4916400,49393.0402200
2025-06-18 22:09:00,0.4916300,0.4923800,0.4916000,0.4919300,20139.6719500
2025-06-18 22:10:00,0.4919400,0.4923500,0.4915200,0.4919300,50304.9547500
2025-06-18 22:11:00,0.4919400,0.4937200,0.4919400,0.4935900,44156.3396700
2025-06-18 22:12:00,0.4934500,0.4935300,0.4913600,0.4913600,25454.6750800
2025-06-18 22:13:00,0.4913500,0.4950700,0.4906300,0.4945300,103395.7317200
2025-06-18 22:14:00,0.4946400,0.4979000,0.4941500,0.4965000,168302.2910200
2025-06-18 22:15:00,0.4964400,0.4965500,0.4950000,0.4956600,131942.7646700
2025-06-18 22:16:00,0.4956500,0.4988000,0.4947800,0.4984300,565555.0023200
2025-06-18 22:17:00,0.4984200,0.4995200,0.4980400,0.4981800,135472.2608500
2025-06-18 22:18:00,0.4981500,0.4992800,0.4975400,0.4992100,92986.5911100
2025-06-18 22:19:00,0.4992400,0.4998700,0.4989400,0.4995500,68198.4039200
2025-06-18 22:20:00,0.4995300,0.5005400,0.4994400,0.5003300,95839.0633700
2025-06-18 22:21:00,0.5002900,0.5021400,0.5002700,0.5018200,87168.2197200
2025-06-18 22:22:00,0.5018000,0.5025200,0.5006200,0.5013600,100041.1317200
2025-06-18 22:23:00,0.5014000,0.5015200,0.5004000,0.5008900,82399.2544700
2025-06-18 22:24:00,0.5009800,0.5014100,0.4993800,0.4993800,66746.1960900
2025-06-18 22:25:00,0.4995600,0.5005200,0.4993000,0.4998200,116985.5819600
2025-06-18 22:26:00,0.4998100,0.5002300,0.4986200,0.4990800,50629.2617300
2025-06-18 22:27:00,0.4990700,0.4999600,0.4987600,0.4990900,141809.9865600
2025-06-18 22:28:00,0.4989600,0.4995900,0.4989400,0.4992400,60416.8813800
2025-06-18 22:29:00,0.4991300,0.4998500,0.4989600,0.4993300,56192.3844600
2025-06-18 22:30:00,0.4993000,0.5002200,0.4989300,0.4999200,92581.1309800
2025-06-18 22:31:00,0.4998500,0.5019200,0.4998500,0.5017800,70821.2098900
2025-06-18 22:32:00,0.5017200,0.5021600,0.5003600,0.5004200,69051.7648500
2025-06-18 22:33:00,0.5004300,0.5005600,0.4996400,0.5003800,37099.8370600
2025-06-18 22:34:00,0.5003600,0.5005600,0.4996300,0.4999900,65249.8313700
2025-06-18 22:35:00,0.4998700,0.5010600,0.4997000,0.5010600,51685.8717300
2025-06-18 22:36:00,0.5011000,0.5018400,0.5010800,0.5016500,38412.8603200
2025-06-18 22:37:00,0.5016900,0.5037100,0.5016900,0.5031700,111755.5266100
2025-06-18 22:38:00,0.5031700,0.5039200,0.5026900,0.5036000,70409.9970300
2025-06-18 22:39:00,0.5036000,0.5044000,0.5034200,0.5037200,92256.4673800
2025-06-18 22:40:00,0.5037200,0.5045700,0.5037200,0.5042500,85262.2039400
2025-06-18 22:41:00,0.5042300,0.5045400,0.5032400,0.5042200,97418.1256600
2025-06-18 22:42:00,0.5042200,0.5042200,0.5020100,0.5035200,89270.4011100
2025-06-18 22:43:00,0.5034700,0.5034700,0.5023100,0.5023500,57691.0225300
2025-06-18 22:44:00,0.5023600,0.5026900,0.5020700,0.5021000,50983.7382600
2025-06-18 22:45:00,0.5021000,0.5025100,0.5018600,0.5024300,40381.4098900
2025-06-18 22:46:00,0.5024900,0.5028300,0.5021600,0.5026100,25544.5286800
2025-06-18 22:47:00,0.5027200,0.5041000,0.5024100,0.5034000,54908.0086100
2025-06-18 22:48:00,0.5033900,0.5035600,0.5030800,0.5031300,38221.5412100
2025-06-18 22:49:00,0.5031900,0.5033900,0.5020800,0.5025300,34068.6841100
2025-06-18 22:50:00,0.5025300,0.5030500,0.5021000,0.5021000,56688.3518900
2025-06-18 22:51:00,0.5020500,0.5022000,0.5012400,0.5018200,32573.9588200
2025-06-18 22:52:00,0.5018100,0.5027800,0.5014200,0.5024600,32556.7233600
2025-06-18 22:53:00,0.5025100,0.5028700,0.5014600,0.5014600,25380.3777800
2025-06-18 22:54:00,0.5014500,0.5015800,0.5000300,0.5000300,26506.1867900
2025-06-18 22:55:00,0.5001000,0.5007200,0.4990300,0.4996000,88976.1960500
2025-06-18 22:56:00,0.4995600,0.5004600,0.4993400,0.4996400,51775.7852700
2025-06-18 22:57:00,0.4997300,0.4999800,0.4991700,0.4993600,34566.7460600
2025-06-18 22:58:00,0.4994000,0.4997500,0.4990000,0.4995900,52483.0415300
2025-06-18 22:59:00,0.4995300,0.4996200,0.4988600,0.4994200,21864.0043000
2025-06-18 23:00:00,0.4993200,0.4995000,0.4985800,0.4990500,40665.9589900
2025-06-18 23:01:00,0.4989500,0.5004800,0.4985100,0.5004800,33942.7519600
2025-06-18 23:02:00,0.5004900,0.5010700,0.5001100,0.5002400,25385.4683900
2025-06-18 23:03:00,0.5002700,0.5005500,0.4997100,0.5000300,12682.4662000
2025-06-18 23:04:00,0.5000100,0.5000600,0.4987900,0.4989600,22445.7737800
2025-06-18 23:05:00,0.4989000,0.4996500,0.4986700,0.4990900,60379.9859600
2025-06-18 23:06:00,0.4990200,0.4993200,0.4985100,0.4990000,28086.5816100
2025-06-18 23:07:00,0.4990200,0.4996600,0.4987800,0.4988000,26720.8237000
2025-06-18 23:08:00,0.4988900,0.4993200,0.4986000,0.4993200,19432.8556800
2025-06-18 23:09:00,0.4993200,0.5001400,0.4993200,0.4997600,20974.3129100
2025-06-18 23:10:00,0.4997500,0.5024400,0.4997500,0.5016600,68948.1077400
2025-06-18 23:11:00,0.5016600,0.5017900,0.5006600,0.5007700,28112.0062300
2025-06-18 23:12:00,0.5007300,0.5015400,0.5002000,0.5011000,15404.1328400
2025-06-18 23:13:00,0.5010900,0.5011000,0.5003600,0.5006600,22212.5545000
2025-06-18 23:14:00,0.5006500,0.5010300,0.5001200,0.5006000,48625.2703800
2025-06-18 23:15:00,0.5006200,0.5018800,0.5006200,0.5016000,27622.6573600
2025-06-18 23:16:00,0.5016900,0.5019500,0.5011700,0.5011700,19626.6164000
2025-06-18 23:17:00,0.5011700,0.5020000,0.5009500,0.5020000,16899.6492800
2025-06-18 23:18:00,0.5019600,0.5036300,0.5018300,0.5034900,50832.4275100
2025-06-18 23:19:00,0.5035500,0.5039000,0.5026500,0.5028800,52574.4281600
2025-06-18 23:20:00,0.5028800,0.5028800,0.5018900,0.5020800,60763.9303900
2025-06-18 23:21:00,0.5020500,0.5023900,0.5017100,0.5021000,22379.4858800
2025-06-18 23:22:00,0.5020800,0.5023900,0.5007900,0.5007900,45568.4811200
2025-06-18 23:23:00,0.5008900,0.5009300,0.5003400,0.5007100,23843.7630800
2025-06-18 23:24:00,0.5007300,0.5017300,0.5007300,0.5010700,30080.7745200
2025-06-18 23:25:00,0.5010500,0.5012200,0.5005400,0.5005400,10170.9662000
2025-06-18 23:26:00,0.5005200,0.5009100,0.5000500,0.5009100,25629.7158100
2025-06-18 23:27:00,0.5009000,0.5013700,0.5008000,0.5012200,12312.5316400
2025-06-18 23:28:00,0.5012200,0.5030500,0.5012200,0.5030500,43090.5045800
2025-06-18 23:29:00,0.5030700,0.5041600,0.5026900,0.5031100,69508.8979000
2025-06-18 23:30:00,0.5030600,0.5030600,0.5009900,0.5009900,24478.0173900
2025-06-18 23:31:00,0.5009700,0.5014300,0.5006700,0.5010400,64974.0178900
2025-06-18 23:32:00,0.5009100,0.5009100,0.4998300,0.5000800,28538.0043500
2025-06-18 23:33:00,0.5000600,0.5007700,0.4995100,0.5007700,36794.2267100
2025-06-18 23:34:00,0.5006900,0.5009700,0.5004300,0.5007800,24077.4385700
2025-06-18 23:35:00,0.5007900,0.5020200,0.5007900,0.5020200,19567.4954900
2025-06-18 23:36:00,0.5019900,0.5026100,0.5010500,0.5014000,33375.5049800
2025-06-18 23:37:00,0.5013900,0.5026600,0.5013100,0.5026600,20123.6949600
2025-06-18 23:38:00,0.5026800,0.5036900,0.5026200,0.5036700,28361.0777600
2025-06-18 23:39:00,0.5036700,0.5043900,0.5035200,0.5036200,51767.5509200
2025-06-18 23:40:00,0.5036500,0.5038100,0.5029100,0.5035600,36248.7479100
2025-06-18 23:41:00,0.5035500,0.5044300,0.5035500,0.5043100,24870.5531200
2025-06-18 23:42:00,0.5043700,0.5055900,0.5035600,0.5038100,135797.9806100
2025-06-18 23:43:00,0.5037900,0.5056300,0.5037900,0.5054200,72443.0212000
2025-06-18 23:44:00,0.5054400,0.5069200,0.5052600,0.5066000,89788.2240900
2025-06-18 23:45:00,0.5065100,0.5077700,0.5065100,0.5074500,94739.2233200
2025-06-18 23:46:00,0.5074400,0.5084300,0.5069500,0.5081500,103115.2739900
2025-06-18 23:47:00,0.5081600,0.5116000,0.5081600,0.5106800,307432.3881200
2025-06-18 23:48:00,0.5106700,0.5123200,0.5100500,0.5113300,159291.6225700
2025-06-18 23:49:00,0.5113600,0.5137700,0.5104800,0.5134000,260698.3479200
2025-06-18 23:50:00,0.5133000,0.5142900,0.5128800,0.5142900,265078.0143600
2025-06-18 23:51:00,0.5142500,0.5150000,0.5131300,0.5148600,141859.5372600
2025-06-18 23:52:00,0.5147300,0.5164600,0.5145700,0.5151400,150103.3393200
2025-06-18 23:53:00,0.5152100,0.5157500,0.5147400,0.5151000,107394.0013000
2025-06-18 23:54:00,0.5151500,0.5156800,0.5146900,0.5152000,104855.1996100
2025-06-18 23:55:00,0.5150500,0.5150500,0.5117700,0.5117900,182213.4070800
2025-06-18 23:56:00,0.5117500,0.5125800,0.5114700,0.5125800,58513.6052500
2025-06-18 23:57:00,0.5126000,0.5145400,0.5126000,0.5141800,62434.1285700
2025-06-18 23:58:00,0.5141900,0.5148700,0.5125200,0.5126600,87086.8177600
2025-06-18 23:59:00,0.5128400,0.5135000,0.5123300,0.5124300,40926.2484200
2025-06-19 00:00:00,0.5124400,0.5134100,0.5124400,0.5128900,70634.7291200
2025-06-19 00:01:00,0.5129300,0.5129800,0.5103300,0.5114200,113209.6517800
2025-06-19 00:02:00,0.5112900,0.5116500,0.5085500,0.5089700,187177.5746300
2025-06-19 00:03:00,0.5089400,0.5092100,0.5079600,0.5079600,111597.9343000
2025-06-19 00:04:00,0.5079600,0.5081700,0.5065500,0.5066600,82571.6244800
2025-06-19 00:05:00,0.5066500,0.5075900,0.5063200,0.5073000,79672.6416000
2025-06-19 00:06:00,0.5073700,0.5074400,0.5061100,0.5067500,91225.6933800
2025-06-19 00:07:00,0.5067700,0.5071600,0.5046300,0.5052000,103049.1699000
2025-06-19 00:08:00,0.5051100,0.5051100,0.5033500,0.5045100,129450.3174800
2025-06-19 00:09:00,0.5044100,0.5046900,0.5029800,0.5029800,108527.0723700
2025-06-19 00:10:00,0.5029900,0.5039500,0.5026200,0.5027000,60109.1204300
2025-06-19 00:11:00,0.5027400,0.5027400,0.5018000,0.5018100,128012.7775700
2025-06-19 00:12:00,0.5018300,0.5021500,0.5014100,0.5014100,61091.8462600
2025-06-19 00:13:00,0.5014700,0.5019500,0.4998100,0.4998100,91046.7310800
2025-06-19 00:14:00,0.4998300,0.5006400,0.4989900,0.4999000,160020.7172100
2025-06-19 00:15:00,0.4999200,0.5016200,0.4996300,0.5014400,173588.9639800
2025-06-19 00:16:00,0.5014500,0.5014600,0.4998200,0.5001400,105390.6386700
2025-06-19 00:17:00,0.5001800,0.5004700,0.4989300,0.4995600,110534.9809800
2025-06-19 00:18:00,0.4995500,0.4998300,0.4990100,0.4991000,61487.7506700
2025-06-19 00:19:00,0.4990100,0.5008200,0.4989100,0.4997300,117786.8496700
2025-06-19 00:20:00,0.4998300,0.5006300,0.4995600,0.4997800,109823.3706700
2025-06-19 00:21:00,0.4997500,0.4997500,0.4991200,0.4994400,37576.4286100
2025-06-19 00:22:00,0.4993600,0.5000600,0.4993600,0.4998100,27329.2676100
2025-06-19 00:23:00,0.4998000,0.5009400,0.4991300,0.4991400,88465.2596500
2025-06-19 00:24:00,0.4992300,0.4994600,0.4982800,0.4989400,77910.7336300
2025-06-19 00:25:00,0.4989500,0.5007700,0.4989500,0.4996600,45192.1515600
2025-06-19 00:26:00,0.4996700,0.5002900,0.4993800,0.4995100,36205.2496900
2025-06-19 00:27:00,0.4994500,0.5000000,0.4985300,0.4991000,97310.4647300
2025-06-19 00:28:00,0.4989300,0.4998100,0.4987400,0.4997100,41864.3545900
2025-06-19 00:29:00,0.4997200,0.5010100,0.4997200,0.5000000,48876.8453300
2025-06-19 00:30:00,0.4999600,0.5018800,0.4994200,0.5018000,42154.2426000
2025-06-19 00:31:00,0.5018100,0.5022900,0.4996500,0.5000300,51942.0513700
2025-06-19 00:32:00,0.5000500,0.5019900,0.5000500,0.5018400,53222.3338500
2025-06-19 00:33:00,0.5018200,0.5030400,0.5009100,0.5014300,89951.7100700
2025-06-19 00:34:00,0.5014900,0.5028000,0.5006500,0.5024000,51505.6262600
2025-06-19 00:35:00,0.5023800,0.5023800,0.5011900,0.5011900,42682.7609900
2025-06-19 00:36:00,0.5012700,0.5023200,0.5012500,0.5016900,21594.1045600
2025-06-19 00:37:00,0.5017000,0.5023900,0.5015500,0.5019900,14538.3186700
2025-06-19 00:38:00,0.5019900,0.5025100,0.5014500,0.5023200,23526.3604100
2025-06-19 00:39:00,0.5023400,0.5041500,0.5023200,0.5035400,62182.8500800
2025-06-19 00:40:00,0.5035300,0.5035300,0.5021200,0.5028500,23744.0013400
2025-06-19 00:41:00,0.5028600,0.5038400,0.5025000,0.5038400,20681.5097100
2025-06-19 00:42:00,0.5038300,0.5038800,0.5034000,0.5038500,23509.6564300
2025-06-19 00:43:00,0.5038600,0.5045000,0.5038500,0.5045000,11074.6083300
2025-06-19 00:44:00,0.5044500,0.5049400,0.5040700,0.5047000,77036.4281500
2025-06-19 00:45:00,0.5047200,0.5049600,0.5041300,0.5041300,20850.1655800
2025-06-19 00:46:00,0.5041600,0.5043600,0.5040000,0.5043600,12570.7029300
2025-06-19 00:47:00,0.5043700,0.5044800,0.5038900,0.5039000,15189.8123600
2025-06-19 00:48:00,0.5039000,0.5039200,0.5030700,0.5038100,35936.6245500
2025-06-19 00:49:00,0.5037800,0.5037900,0.5027200,0.5028000,9662.0232500
2025-06-19 00:50:00,0.5028000,0.5039700,0.5028000,0.5038000,19938.2730700
2025-06-19 00:51:00,0.5038700,0.5040100,0.5038700,0.5040000,7927.1869200
2025-06-19 00:52:00,0.5040100,0.5065100,0.5040100,0.5061700,37244.2068000
2025-06-19 00:53:00,0.5063100,0.5066800,0.5062600,0.5063800,20527.9250500
2025-06-19 00:54:00,0.5063800,0.5063800,0.5048800,0.5052900,40846.6588400
2025-06-19 00:55:00,0.5053000,0.5053400,0.5046400,0.5047200,12893.0658700
2025-06-19 00:56:00,0.5048100,0.5073300,0.5047900,0.5069000,40228.7355700
2025-06-19 00:57:00,0.5068800,0.5075900,0.5060000,0.5063200,114927.8632300
2025-06-19 00:58:00,0.5064500,0.5064500,0.5052300,0.5052300,19870.1319000
2025-06-19 00:59:00,0.5052100,0.5068500,0.5048500,0.5064000,24785.4911500
2025-06-19 01:00:00,0.5063900,0.5063900,0.5048100,0.5058800,96476.6694300
2025-06-19 01:01:00,0.5059000,0.5064700,0.5053900,0.5056800,32278.3140000
2025-06-19 01:02:00,0.5057000,0.5065700,0.5042400,0.5056000,105440.4276900
2025-06-19 01:03:00,0.5055900,0.5075400,0.5053500,0.5074400,53278.6380700
2025-06-19 01:04:00,0.5074000,0.5081400,0.5072200,0.5080800,33688.5847400
2025-06-19 01:05:00,0.5081000,0.5081300,0.5074000,0.5074000,42781.4580500
2025-06-19 01:06:00,0.5074100,0.5076500,0.5054600,0.5054600,44121.0726000
2025-06-19 01:07:00,0.5055900,0.5063000,0.5048400,0.5049600,24995.2816300
2025-06-19 01:08:00,0.5049300,0.5067700,0.5047000,0.5062200,26303.6869000
2025-06-19 01:09:00,0.5061600,0.5070200,0.5058600,0.5060500,35484.4500100
2025-06-19 01:10:00,0.5059500,0.5064500,0.5050800,0.5053200,29928.7112000
2025-06-19 01:11:00,0.5053200,0.5055400,0.5048900,0.5049100,25771.7616300
2025-06-19 01:12:00,0.5049200,0.5053700,0.5042000,0.5043400,40238.3324600
2025-06-19 01:13:00,0.5043100,0.5043100,0.5034000,0.5040300,39427.9225500
2025-06-19 01:14:00,0.5040900,0.5048100,0.5040400,0.5047800,20954.0980200
2025-06-19 01:15:00,0.5048500,0.5052800,0.5037800,0.5039400,18125.7275800
2025-06-19 01:16:00,0.5039500,0.5042600,0.5037000,0.5042600,12112.7612600
2025-06-19 01:17:00,0.5043000,0.5049300,0.5042500,0.5047300,14715.9332900
2025-06-19 01:18:00,0.5047900,0.5054400,0.5047900,0.5049000,21504.0761300
2025-06-19 01:19:00,0.5049500,0.5057600,0.5044400,0.5052800,22974.2171000
2025-06-19 01:20:00,0.5054300,0.5061400,0.5054200,0.5056300,24678.5352000
2025-06-19 01:21:00,0.5056000,0.5058700,0.5051500,0.5054700,20457.7111000
2025-06-19 01:22:00,0.5054900,0.5063700,0.5054400,0.5058500,37169.6825300
2025-06-19 01:23:00,0.5058700,0.5066500,0.5058700,0.5063800,31703.9453500
2025-06-19 01:24:00,0.5063800,0.5076500,0.5063800,0.5076500,21253.0989600
2025-06-19 01:25:00,0.5076200,0.5095200,0.5076200,0.5085800,64994.6935400
2025-06-19 01:26:00,0.5085500,0.5094600,0.5084400,0.5093100,54719.6058600
2025-06-19 01:27:00,0.5093200,0.5093500,0.5086100,0.5090000,29527.0588800
2025-06-19 01:28:00,0.5089700,0.5091400,0.5078800,0.5079100,31765.2784300
2025-06-19 01:29:00,0.5078700,0.5098400,0.5078100,0.5093800,37382.8299400
2025-06-19 01:30:00,0.5092500,0.5096800,0.5089600,0.5090300,23291.3163500
2025-06-19 01:31:00,0.5090200,0.5102900,0.5090200,0.5095000,41292.1175400
2025-06-19 01:32:00,0.5094600,0.5106600,0.5090800,0.5102600,43680.9500700
2025-06-19 01:33:00,0.5102300,0.5107000,0.5101000,0.5104300,27036.1087700
2025-06-19 01:34:00,0.5103200,0.5103400,0.5093000,0.5093000,39025.1344900
2025-06-19 01:35:00,0.5092900,0.5097500,0.5090300,0.5092400,37701.8233200
2025-06-19 01:36:00,0.5094000,0.5100000,0.5092600,0.5100000,23532.1257600
2025-06-19 01:37:00,0.5100200,0.5100400,0.5094500,0.5094500,41045.3431600
2025-06-19 01:38:00,0.5094800,0.5094800,0.5090000,0.5090000,13670.2498400
2025-06-19 01:39:00,0.5089700,0.5101700,0.5089700,0.5101700,41106.0707600
2025-06-19 01:40:00,0.5101700,0.5107500,0.5097100,0.5099500,33830.3313400
2025-06-19 01:41:00,0.5099900,0.5101900,0.5094100,0.5095900,22143.9578400
2025-06-19 01:42:00,0.5095800,0.5098800,0.5086300,0.5087900,28825.2609700
2025-06-19 01:43:00,0.5087900,0.5087900,0.5076000,0.5083100,31276.3982900
2025-06-19 01:44:00,0.5082900,0.5084100,0.5080900,0.5083100,15875.4762900
2025-06-19 01:45:00,0.5083400,0.5089900,0.5083400,0.5089800,18479.8140700
2025-06-19 01:46:00,0.5089900,0.5095800,0.5084800,0.5095800,30622.1323100
2025-06-19 01:47:00,0.5096000,0.5098400,0.5089600,0.5098400,34201.4156200
2025-06-19 01:48:00,0.5098500,0.5100000,0.5093000,0.5095600,15139.9971200
2025-06-19 01:49:00,0.5096100,0.5098300,0.5089600,0.5091500,21909.3267400
2025-06-19 01:50:00,0.5091600,0.5092100,0.5079800,0.5085900,40792.1213300
2025-06-19 01:51:00,0.5085900,0.5087400,0.5081000,0.5083500,10809.7675500
2025-06-19 01:52:00,0.5083600,0.5087000,0.5083000,0.5086600,13483.9502400
2025-06-19 01:53:00,0.5086700,0.5096500,0.5086700,0.5095700,12621.9649600
2025-06-19 01:54:00,0.5095800,0.5099800,0.5095000,0.5097400,23741.9313400
2025-06-19 01:55:00,0.5097400,0.5108500,0.5097100,0.5108100,26255.1104400
2025-06-19 01:56:00,0.5108100,0.5114200,0.5105500,0.5106800,31279.1325800
2025-06-19 01:57:00,0.5106300,0.5109100,0.5102100,0.5105800,29487.6539600
2025-06-19 01:58:00,0.5105700,0.5106500,0.5098000,0.5099300,10793.3551700
2025-06-19 01:59:00,0.5099200,0.5108100,0.5098400,0.5107600,16075.9296300
2025-06-19 02:00:00,0.5107900,0.5108700,0.5096500,0.5098000,23554.3043900
2025-06-19 02:01:00,0.5098500,0.5107400,0.5097000,0.5106500,15440.2923300
2025-06-19 02:02:00,0.5106700,0.5108400,0.5098000,0.5104500,33302.3917400
2025-06-19 02:03:00,0.5104300,0.5113500,0.5095600,0.5111900,27627.7639000
2025-06-19 02:04:00,0.5112600,0.5121100,0.5112500,0.5115700,62030.9688900
2025-06-19 02:05:00,0.5116000,0.5118600,0.5111600,0.5116000,23657.4720700
2025-06-19 02:06:00,0.5116000,0.5118900,0.5108400,0.5108400,15865.4533400
2025-06-19 02:07:00,0.5108300,0.5108300,0.5091500,0.5092300,39829.6319200
2025-06-19 02:08:00,0.5092300,0.5098600,0.5088000,0.5098600,24877.4525500
2025-06-19 02:09:00,0.5098900,0.5103400,0.5096500,0.5101400,21976.4391500
2025-06-19 02:10:00,0.5101400,0.5108400,0.5100300,0.5107100,32232.6155300
2025-06-19 02:11:00,0.5107000,0.5115500,0.5107000,0.5109600,28292.8314300
2025-06-19 02:12:00,0.5109300,0.5118300,0.5109300,0.5118300,18296.1641200
2025-06-19 02:13:00,0.5118400,0.5127300,0.5117700,0.5120300,78287.5456900
2025-06-19 02:14:00,0.5120300,0.5122200,0.5111800,0.5116500,31224.0310600
2025-06-19 02:15:00,0.5116900,0.5125900,0.5114500,0.5123200,27901.8123000
2025-06-19 02:16:00,0.5124300,0.5125500,0.5113500,0.5113600,86321.6358000
2025-06-19 02:17:00,0.5113600,0.5125600,0.5113600,0.5118100,45574.8534500
2025-06-19 02:18:00,0.5118600,0.5126900,0.5112700,0.5126800,20192.9501100
2025-06-19 02:19:00,0.5126800,0.5128800,0.5115800,0.5115800,27789.7237100
2025-06-19 02:20:00,0.5115600,0.5119800,0.5107800,0.5116100,55297.6378000
2025-06-19 02:21:00,0.5115000,0.5121500,0.5112300,0.5117100,21002.7212400
2025-06-19 02:22:00,0.5117100,0.5122700,0.5115300,0.5118700,21872.0384000
2025-06-19 02:23:00,0.5119500,0.5131100,0.5119500,0.5127300,37333.1853500
2025-06-19 02:24:00,0.5127300,0.5127300,0.5111600,0.5112200,25362.4315300
2025-06-19 02:25:00,0.5112300,0.5124100,0.5112200,0.5120500,24969.6210100
2025-06-19 02:26:00,0.5120500,0.5120600,0.5110800,0.5115600,43633.3907100
2025-06-19 02:27:00,0.5115300,0.5116400,0.5107600,0.5116400,39123.5216600
2025-06-19 02:28:00,0.5116300,0.5117400,0.5112100,0.5112100,14929.9414500
2025-06-19 02:29:00,0.5112000,0.5115000,0.5106400,0.5109500,34042.2799400
2025-06-19 02:30:00,0.5109500,0.5109500,0.5092700,0.5093800,95213.2274900
2025-06-19 02:31:00,0.5092900,0.5093300,0.5088300,0.5090900,22457.8997200
2025-06-19 02:32:00,0.5091500,0.5103500,0.5090000,0.5101200,50575.2102200
2025-06-19 02:33:00,0.5101400,0.5110400,0.5100900,0.5105500,34111.9291400
2025-06-19 02:34:00,0.5105800,0.5112900,0.5104000,0.5108700,40955.4218300
2025-06-19 02:35:00,0.5108600,0.5112900,0.5104800,0.5112800,17031.2556500
2025-06-19 02:36:00,0.5111900,0.5129700,0.5111100,0.5123700,100078.4772900
2025-06-19 02:37:00,0.5123500,0.5124600,0.5114600,0.5115700,18906.6638400
2025-06-19 02:38:00,0.5116500,0.5118900,0.5115500,0.5117900,10383.3234400
2025-06-19 02:39:00,0.5117900,0.5123300,0.5116200,0.5120600,27286.8986500
2025-06-19 02:40:00,0.5120200,0.5122300,0.5108000,0.5115500,42449.8887000
2025-06-19 02:41:00,0.5115400,0.5121000,0.5114700,0.5117600,28630.8769500
2025-06-19 02:42:00,0.5117700,0.5122000,0.5109200,0.5109500,32426.5089200
2025-06-19 02:43:00,0.5109100,0.5111300,0.5103300,0.5107400,18471.7472300
2025-06-19 02:44:00,0.5108000,0.5108000,0.5097500,0.5097800,30865.6028800
2025-06-19 02:45:00,0.5099200,0.5118400,0.5097900,0.5118400,23259.9375300
2025-06-19 02:46:00,0.5118300,0.5118300,0.5112800,0.5115700,23166.5556400
2025-06-19 02:47:00,0.5115700,0.5115700,0.5101800,0.5103900,17640.6702000
2025-06-19 02:48:00,0.5104000,0.5107100,0.5100800,0.5102400,46815.2067600
2025-06-19 02:49:00,0.5103000,0.5108400,0.5103000,0.5103500,33655.4104600
2025-06-19 02:50:00,0.5104400,0.5106300,0.5100400,0.5106200,41117.6003700
2025-06-19 02:51:00,0.5106300,0.5106300,0.5102200,0.5105100,17578.6360900
2025-06-19 02:52:00,0.5105600,0.5112900,0.5099500,0.5103800,47540.5784300
2025-06-19 02:53:00,0.5103900,0.5103900,0.5098200,0.5098400,20166.6389100
2025-06-19 02:54:00,0.5098400,0.5107000,0.5093000,0.5104900,37625.1250100
2025-06-19 02:55:00,0.5104900,0.5123000,0.5104900,0.5117600,53184.9636400
2025-06-19 02:56:00,0.5117600,0.5119400,0.5111000,0.5117100,19487.5739800
2025-06-19 02:57:00,0.5117100,0.5120000,0.5117000,0.5118800,18923.9712500
2025-06-19 02:58:00,0.5118700,0.5124900,0.5115500,0.5124900,51196.0388700
2025-06-19 02:59:00,0.5124900,0.5132500,0.5124900,0.5127800,33528.8204000
2025-06-19 03:00:00,0.5127700,0.5138300,0.5126900,0.5138300,55469.3957600
2025-06-19 03:01:00,0.5138200,0.5141900,0.5127600,0.5127600,104660.7195200
2025-06-19 03:02:00,0.5129700,0.5144900,0.5129500,0.5142900,113260.2673400
2025-06-19 03:03:00,0.5142700,0.5147400,0.5141400,0.5146400,63386.0604700
2025-06-19 03:04:00,0.5147400,0.5155300,0.5139600,0.5145000,113177.8375600
2025-06-19 03:05:00,0.5145500,0.5155100,0.5136300,0.5140000,74997.8248900
2025-06-19 03:06:00,0.5140400,0.5143100,0.5131200,0.5142400,43535.4967300
2025-06-19 03:07:00,0.5142400,0.5146100,0.5136400,0.5140700,45093.5857100
2025-06-19 03:08:00,0.5140900,0.5141200,0.5125200,0.5132000,47479.0357000
2025-06-19 03:09:00,0.5132100,0.5132100,0.5120600,0.5120600,34499.5803700
2025-06-19 03:10:00,0.5120900,0.5132000,0.5120900,0.5122500,102025.6596900
2025-06-19 03:11:00,0.5122800,0.5122800,0.5105200,0.5110100,64388.8160800
2025-06-19 03:12:00,0.5110000,0.5110100,0.5103300,0.5109300,52342.2998000
2025-06-19 03:13:00,0.5108800,0.5114400,0.5107500,0.5109800,21693.0433100
2025-06-19 03:14:00,0.5109700,0.5121400,0.5108700,0.5114400,63004.4959600
2025-06-19 03:15:00,0.5114000,0.5123500,0.5111600,0.5112800,25364.4418000
2025-06-19 03:16:00,0.5112600,0.5115500,0.5107100,0.5108000,57403.5064400
2025-06-19 03:17:00,0.5108400,0.5108400,0.5099100,0.5108000,84375.6587400
2025-06-19 03:18:00,0.5108300,0.5108300,0.5099000,0.5103600,25071.2327800
2025-06-19 03:19:00,0.5103600,0.5109700,0.5103500,0.5108500,22307.7216500
2025-06-19 03:20:00,0.5108700,0.5108700,0.5102400,0.5104000,6051.4260100
2025-06-19 03:21:00,0.5106000,0.5120400,0.5106000,0.5118600,46393.8625900
2025-06-19 03:22:00,0.5119800,0.5125900,0.5119300,0.5120400,28428.4828500
2025-06-19 03:23:00,0.5121000,0.5137000,0.5121000,0.5137000,22776.7949300
2025-06-19 03:24:00,0.5137300,0.5146000,0.5137300,0.5144100,22760.9851600
2025-06-19 03:25:00,0.5145900,0.5158000,0.5144400,0.5155200,94944.5187000
2025-06-19 03:26:00,0.5156700,0.5180000,0.5155800,0.5179900,141597.1715600
2025-06-19 03:27:00,0.5180000,0.5190000,0.5178500,0.5185800,126693.1925600
2025-06-19 03:28:00,0.5186200,0.5204900,0.5186200,0.5198800,237174.4294800
2025-06-19 03:29:00,0.5198800,0.5219900,0.5198700,0.5213400,154307.0754400
2025-06-19 03:30:00,0.5213300,0.5215000,0.5200500,0.5205700,125846.9202500
2025-06-19 03:31:00,0.5206500,0.5240400,0.5206200,0.5239800,222653.9918800
2025-06-19 03:32:00,0.5239800,0.5250000,0.5236700,0.5246000,198856.9069300
2025-06-19 03:33:00,0.5245600,0.5275000,0.5240300,0.5271000,424048.6538200
2025-06-19 03:34:00,0.5270900,0.5285500,0.5257400,0.5270400,481578.4148600
2025-06-19 03:35:00,0.5269500,0.5283200,0.5252000,0.5283200,237854.7961200
2025-06-19 03:36:00,0.5283000,0.5290300,0.5270300,0.5272400,227904.1108200
2025-06-19 03:37:00,0.5274300,0.5276500,0.5256200,0.5259900,138515.4384500
2025-06-19 03:38:00,0.5259100,0.5259900,0.5233600,0.5233600,102598.6104800
2025-06-19 03:39:00,0.5234000,0.5240000,0.5231100,0.5236500,68109.4342300
2025-06-19 03:40:00,0.5237000,0.5248900,0.5229700,0.5243500,152579.0789700
2025-06-19 03:41:00,0.5244200,0.5246900,0.5232000,0.5243100,61933.5671900
2025-06-19 03:42:00,0.5243800,0.5254500,0.5241000,0.5254500,55656.2081100
2025-06-19 03:43:00,0.5254500,0.5271100,0.5254500,0.5266800,79445.1096500
2025-06-19 03:44:00,0.5266400,0.5269400,0.5261500,0.5263600,31213.0903400
2025-06-19 03:45:00,0.5263600,0.5266900,0.5239500,0.5239800,163830.4539800
2025-06-19 03:46:00,0.5239800,0.5243400,0.5225000,0.5240000,91329.0849800
2025-06-19 03:47:00,0.5240300,0.5258100,0.5236600,0.5240100,127967.6535900
2025-06-19 03:48:00,0.5239600,0.5248300,0.5239600,0.5240400,54415.8949900
2025-06-19 03:49:00,0.5240200,0.5244000,0.5233800,0.5235800,49933.9354200
2025-06-19 03:50:00,0.5235600,0.5239900,0.5225800,0.5225800,43498.8678000
2025-06-19 03:51:00,0.5225500,0.5229000,0.5217800,0.5229000,46391.9139600
2025-06-19 03:52:00,0.5227500,0.5229000,0.5218100,0.5222900,32071.4608200
2025-06-19 03:53:00,0.5221500,0.5224800,0.5212900,0.5216700,47158.2573600
2025-06-19 03:54:00,0.5216000,0.5216100,0.5203600,0.5214500,82103.7617100
2025-06-19 03:55:00,0.5213500,0.5222900,0.5209900,0.5222400,70309.1363900
2025-06-19 03:56:00,0.5222900,0.5240900,0.5222300,0.5240200,38823.1373100
2025-06-19 03:57:00,0.5240500,0.5243700,0.5231200,0.5235000,58887.3343800
2025-06-19 03:58:00,0.5234600,0.5237700,0.5225200,0.5229000,15706.5279900
2025-06-19 03:59:00,0.5229000,0.5230400,0.5219600,0.5225800,46606.4351600
2025-06-19 04:00:00,0.5226900,0.5228500,0.5204600,0.5204600,42854.8262200
2025-06-19 04:01:00,0.5205000,0.5212000,0.5199400,0.5202800,75472.8997800
2025-06-19 04:02:00,0.5203400,0.5213300,0.5200800,0.5204200,60312.3617300
2025-06-19 04:03:00,0.5204300,0.5217200,0.5202400,0.5208500,49104.8232800
2025-06-19 04:04:00,0.5208600,0.5218000,0.5186100,0.5186100,137672.0917100
2025-06-19 04:05:00,0.5186000,0.5208000,0.5177700,0.5196900,130720.7807300
2025-06-19 04:06:00,0.5197200,0.5210800,0.5191200,0.5199200,103399.7634100
2025-06-19 04:07:00,0.5199200,0.5205200,0.5194800,0.5205200,88371.1762000
2025-06-19 04:08:00,0.5205300,0.5206200,0.5187700,0.5198900,98543.7013400
2025-06-19 04:09:00,0.5198000,0.5198700,0.5172600,0.5176000,78779.9699600
2025-06-19 04:10:00,0.5173600,0.5183400,0.5158400,0.5169600,187311.8533300
2025-06-19 04:11:00,0.5170200,0.5176400,0.5156100,0.5160100,83048.2465900
2025-06-19 04:12:00,0.5160100,0.5163900,0.5148000,0.5162400,72598.9053400
2025-06-19 04:13:00,0.5162500,0.5169900,0.5155900,0.5159800,73342.7193100
2025-06-19 04:14:00,0.5159900,0.5169700,0.5159900,0.5160200,57691.8721900
2025-06-19 04:15:00,0.5162500,0.5191900,0.5162500,0.5191900,121335.7637500
2025-06-19 04:16:00,0.5191900,0.5209800,0.5189200,0.5199300,76947.2395200
2025-06-19 04:17:00,0.5198900,0.5207900,0.5196000,0.5204400,23292.5963500
2025-06-19 04:18:00,0.5204500,0.5205400,0.5189000,0.5191300,48327.2380200
2025-06-19 04:19:00,0.5192000,0.5201700,0.5187400,0.5200600,27633.4268300
2025-06-19 04:20:00,0.5200800,0.5211500,0.5197500,0.5205800,55137.7990700
2025-06-19 04:21:00,0.5205900,0.5221100,0.5201600,0.5208900,60380.8364300
2025-06-19 04:22:00,0.5207600,0.5212200,0.5202800,0.5207400,22399.5221300
2025-06-19 04:23:00,0.5207500,0.5230400,0.5207400,0.5228300,39948.6794200
2025-06-19 04:24:00,0.5227900,0.5230000,0.5214400,0.5214900,46536.2575400
2025-06-19 04:25:00,0.5214700,0.5222400,0.5206900,0.5207900,42603.6265800
2025-06-19 04:26:00,0.5208500,0.5223400,0.5208500,0.5210000,26982.7832700
2025-06-19 04:27:00,0.5210000,0.5223100,0.5208700,0.5211000,58171.0596400
2025-06-19 04:28:00,0.5210600,0.5228300,0.5209700,0.5228300,42380.8641300
2025-06-19 04:29:00,0.5228500,0.5254200,0.5228500,0.5252800,96211.4554300
2025-06-19 04:30:00,0.5252700,0.5257300,0.5233400,0.5245000,165690.6291100
2025-06-19 04:31:00,0.5245100,0.5252700,0.5239900,0.5251800,51712.8589200
2025-06-19 04:32:00,0.5251800,0.5252300,0.5236900,0.5241800,55180.1347900
2025-06-19 04:33:00,0.5241700,0.5246800,0.5235000,0.5239900,96300.7737200
2025-06-19 04:34:00,0.5240600,0.5247000,0.5231700,0.5245800,46558.6444500
2025-06-19 04:35:00,0.5245600,0.5245600,0.5219600,0.5221000,81873.0993000
2025-06-19 04:36:00,0.5221000,0.5229200,0.5220600,0.5223600,33463.2288800
2025-06-19 04:37:00,0.5223700,0.5233500,0.5220700,0.5224500,62097.9707200
2025-06-19 04:38:00,0.5224200,0.5229900,0.5223400,0.5224600,27439.2490700
2025-06-19 04:39:00,0.5225300,0.5236800,0.5225300,0.5231400,42268.8786500
2025-06-19 04:40:00,0.5231400,0.5236400,0.5227100,0.5229300,44150.3673200
2025-06-19 04:41:00,0.5228800,0.5244700,0.5228800,0.5239400,34557.3147800
2025-06-19 04:42:00,0.5240900,0.5243400,0.5236800,0.5239500,44450.8435800
2025-06-19 04:43:00,0.5239700,0.5241500,0.5231900,0.5233000,35816.6063800
2025-06-19 04:44:00,0.5232600,0.5235900,0.5224000,0.5231200,21024.8885500
2025-06-19 04:45:00,0.5231100,0.5247800,0.5226900,0.5241700,35953.2231100
2025-06-19 04:46:00,0.5241600,0.5244900,0.5237800,0.5243000,24940.5201600
2025-06-19 04:47:00,0.5243400,0.5263200,0.5243200,0.5255400,167992.5871700
2025-06-19 04:48:00,0.5255800,0.5264400,0.5249800,0.5254600,61193.2271600
2025-06-19 04:49:00,0.5254900,0.5262400,0.5252500,0.5258500,43699.3382700
2025-06-19 04:50:00,0.5257800,0.5263600,0.5254700,0.5263600,35035.9868100
2025-06-19 04:51:00,0.5263900,0.5265200,0.5250100,0.5253100,60648.3337300
2025-06-19 04:52:00,0.5252100,0.5253800,0.5245700,0.5248000,46129.7757200
2025-06-19 04:53:00,0.5248100,0.5254100,0.5239000,0.5254000,71893.4864300
2025-06-19 04:54:00,0.5253000,0.5253200,0.5243300,0.5247800,55390.6083000
2025-06-19 04:55:00,0.5248300,0.5255800,0.5240600,0.5243000,48090.4658000
2025-06-19 04:56:00,0.5242900,0.5244800,0.5230900,0.5233500,81010.1797100
2025-06-19 04:57:00,0.5234400,0.5240600,0.5231900,0.5233000,37684.9204700
2025-06-19 04:58:00,0.5233100,0.5251100,0.5232600,0.5247700,44718.7746000
2025-06-19 04:59:00,0.5248600,0.5249900,0.5233000,0.5237400,31575.1569700
2025-06-19 05:00:00,0.5237400,0.5237800,0.5230800,0.5233200,43502.6906500
2025-06-19 05:01:00,0.5231900,0.5231900,0.5219500,0.5219500,45016.1735100
2025-06-19 05:02:00,0.5220700,0.5230000,0.5205100,0.5216800,169359.6722100
2025-06-19 05:03:00,0.5216800,0.5218600,0.5208800,0.5212500,51866.2864100
2025-06-19 05:04:00,0.5212100,0.5232300,0.5210500,0.5228600,104896.9776300
2025-06-19 05:05:00,0.5228900,0.5237700,0.5226500,0.5237700,78473.1352300
2025-06-19 05:06:00,0.5237800,0.5244600,0.5231600,0.5238700,133157.7155100
2025-06-19 05:07:00,0.5238700,0.5238700,0.5209100,0.5210900,74033.6719400
2025-06-19 05:08:00,0.5210800,0.5213400,0.5196100,0.5196100,74343.9194300
2025-06-19 05:09:00,0.5198900,0.5204400,0.5171700,0.5187200,214923.9704300
2025-06-19 05:10:00,0.5187600,0.5188100,0.5172500,0.5179400,144656.0737100
2025-06-19 05:11:00,0.5178400,0.5181600,0.5171900,0.5173400,57684.3659600
2025-06-19 05:12:00,0.5173000,0.5180000,0.5172900,0.5174700,53035.5511900
2025-06-19 05:13:00,0.5175100,0.5177900,0.5171000,0.5175100,66410.0764400
2025-06-19 05:14:00,0.5175000,0.5182700,0.5174800,0.5178400,54477.9083500
2025-06-19 05:15:00,0.5178400,0.5183000,0.5176200,0.5182600,65877.8077600
2025-06-19 05:16:00,0.5183100,0.5184700,0.5174800,0.5176800,53703.4804500
2025-06-19 05:17:00,0.5177300,0.5185300,0.5171400,0.5184000,121834.1218400
2025-06-19 05:18:00,0.5184400,0.5195800,0.5180100,0.5195100,76191.4715700
2025-06-19 05:19:00,0.5195000,0.5205800,0.5193200,0.5198800,139622.0434400
2025-06-19 05:20:00,0.5198700,0.5204700,0.5194600,0.5204200,50117.4141500
2025-06-19 05:21:00,0.5203000,0.5203000,0.5192500,0.5196400,37825.7921900
2025-06-19 05:22:00,0.5196500,0.5196700,0.5189300,0.5189800,41637.7160000
2025-06-19 05:23:00,0.5190500,0.5190600,0.5179600,0.5185100,60651.5705200
2025-06-19 05:24:00,0.5185400,0.5192000,0.5179100,0.5192000,119280.6040800
2025-06-19 05:25:00,0.5192300,0.5208200,0.5190100,0.5205800,74014.2633400
2025-06-19 05:26:00,0.5206000,0.5206300,0.5186100,0.5186100,50445.5842800
2025-06-19 05:27:00,0.5186400,0.5187400,0.5178500,0.5179500,50420.2099700
2025-06-19 05:28:00,0.5179100,0.5181400,0.5172400,0.5172400,68912.5336800
2025-06-19 05:29:00,0.5172600,0.5174200,0.5168600,0.5173300,37019.5922800
2025-06-19 05:30:00,0.5172100,0.5176500,0.5142100,0.5146300,146530.6025900
2025-06-19 05:31:00,0.5146600,0.5152200,0.5136000,0.5144700,153826.7718500
2025-06-19 05:32:00,0.5146000,0.5155400,0.5140900,0.5150600,93103.9289100
2025-06-19 05:33:00,0.5151000,0.5160700,0.5151000,0.5152400,46299.5523100
2025-06-19 05:34:00,0.5153500,0.5160300,0.5151500,0.5157900,97186.5334200
2025-06-19 05:35:00,0.5158900,0.5170200,0.5153900,0.5168300,85895.8238000
2025-06-19 05:36:00,0.5168400,0.5171300,0.5161800,0.5171100,59371.8082900
2025-06-19 05:37:00,0.5170500,0.5174000,0.5156900,0.5173600,58941.7547300
2025-06-19 05:38:00,0.5174000,0.5186700,0.5171600,0.5180400,73478.5318200
2025-06-19 05:39:00,0.5180000,0.5197600,0.5179600,0.5195600,51183.3679500
2025-06-19 05:40:00,0.5196000,0.5206100,0.5195400,0.5204700,29768.6576800
2025-06-19 05:41:00,0.5204700,0.5209100,0.5202900,0.5205400,40836.7535200
2025-06-19 05:42:00,0.5205800,0.5206900,0.5201300,0.5201900,32134.1337400
2025-06-19 05:43:00,0.5201900,0.5202200,0.5181500,0.5182600,67086.1686700
2025-06-19 05:44:00,0.5183000,0.5183400,0.5172600,0.5177000,47461.8015900
2025-06-19 05:45:00,0.5178000,0.5185800,0.5177400,0.5178100,56851.3755400
2025-06-19 05:46:00,0.5177800,0.5186400,0.5173400,0.5173400,33273.7300200
2025-06-19 05:47:00,0.5173000,0.5173200,0.5163400,0.5166900,72029.1908300
2025-06-19 05:48:00,0.5166800,0.5166800,0.5155400,0.5162300,72285.7373700
2025-06-19 05:49:00,0.5162000,0.5163700,0.5155600,0.5157900,48619.4871300
2025-06-19 05:50:00,0.5158000,0.5159000,0.5148200,0.5148300,27432.1154900
2025-06-19 05:51:00,0.5149400,0.5154600,0.5146700,0.5151800,34178.4948400
2025-06-19 05:52:00,0.5151500,0.5163500,0.5150500,0.5161000,20302.5442200
2025-06-19 05:53:00,0.5160700,0.5160700,0.5152400,0.5159400,23901.5994100
2025-06-19 05:54:00,0.5158300,0.5160400,0.5153700,0.5153700,20736.8099700
2025-06-19 05:55:00,0.5154100,0.5155400,0.5149200,0.5154000,34065.3980100
2025-06-19 05:56:00,0.5154000,0.5155600,0.5149200,0.5152800,24189.1958100
2025-06-19 05:57:00,0.5152300,0.5156000,0.5147200,0.5150200,44805.8800500
2025-06-19 05:58:00,0.5151000,0.5158800,0.5151000,0.5158800,19346.8042000
2025-06-19 05:59:00,0.5158800,0.5172600,0.5158400,0.5172500,25264.7748800
2025-06-19 06:00:00,0.5171600,0.5179100,0.5168100,0.5175300,45257.2843500
2025-06-19 06:01:00,0.5175300,0.5191200,0.5174100,0.5185100,51133.9714200
2025-06-19 06:02:00,0.5185100,0.5191500,0.5183700,0.5188100,20133.0236600
2025-06-19 06:03:00,0.5188100,0.5189300,0.5183600,0.5188000,13458.7789700
2025-06-19 06:04:00,0.5188000,0.5202200,0.5188000,0.5198800,73475.5612200
2025-06-19 06:05:00,0.5198900,0.5198900,0.5188900,0.5188900,41181.1870200
2025-06-19 06:06:00,0.5189100,0.5189200,0.5184000,0.5184100,28873.2528000
2025-06-19 06:07:00,0.5184500,0.5187200,0.5174500,0.5184700,57106.2568600
2025-06-19 06:08:00,0.5184400,0.5198600,0.5184400,0.5198100,32494.8332700
2025-06-19 06:09:00,0.5198400,0.5200200,0.5186100,0.5187400,25014.2174300
2025-06-19 06:10:00,0.5187100,0.5187100,0.5177300,0.5184900,27793.7221200
2025-06-19 06:11:00,0.5185000,0.5193900,0.5185000,0.5189900,12556.5380900
2025-06-19 06:12:00,0.5189700,0.5189700,0.5168800,0.5171000,66210.7498500
2025-06-19 06:13:00,0.5171400,0.5180800,0.5171400,0.5179500,33477.4789800
2025-06-19 06:14:00,0.5179600,0.5179600,0.5170600,0.5175000,30572.4982300
2025-06-19 06:15:00,0.5175500,0.5191400,0.5175500,0.5191400,60577.1882700
2025-06-19 06:16:00,0.5191200,0.5203600,0.5189100,0.5194400,70897.6399900
2025-06-19 06:17:00,0.5194500,0.5209800,0.5194500,0.5198500,61899.4957300
2025-06-19 06:18:00,0.5198900,0.5202800,0.5187900,0.5191400,40719.3792000
2025-06-19 06:19:00,0.5190400,0.5205600,0.5189500,0.5205600,67804.4907200
2025-06-19 06:20:00,0.5204600,0.5209500,0.5194900,0.5207400,34259.1572000
2025-06-19 06:21:00,0.5207400,0.5212700,0.5198600,0.5206400,88918.3547600
2025-06-19 06:22:00,0.5206400,0.5210300,0.5203300,0.5205200,29030.5899700
2025-06-19 06:23:00,0.5205100,0.5214500,0.5200700,0.5212900,43348.8775900
2025-06-19 06:24:00,0.5212900,0.5216500,0.5201000,0.5202300,45532.9118000
2025-06-19 06:25:00,0.5201800,0.5226400,0.5200500,0.5224500,66460.1050100
2025-06-19 06:26:00,0.5224500,0.5236500,0.5221600,0.5228000,132282.1625100
2025-06-19 06:27:00,0.5228100,0.5251900,0.5227300,0.5251900,148954.8612300
2025-06-19 06:28:00,0.5252000,0.5254200,0.5238600,0.5240500,63003.3278700
2025-06-19 06:29:00,0.5240900,0.5241000,0.5232200,0.5232700,28615.1125100
2025-06-19 06:30:00,0.5234200,0.5234900,0.5217100,0.5217200,111299.7178400
2025-06-19 06:31:00,0.5217000,0.5217200,0.5205900,0.5211200,75363.0333800
2025-06-19 06:32:00,0.5210800,0.5214500,0.5194000,0.5202200,76258.1051300
2025-06-19 06:33:00,0.5202400,0.5212900,0.5197100,0.5206200,87715.7604800
2025-06-19 06:34:00,0.5206900,0.5212600,0.5200600,0.5209600,51454.3288100
2025-06-19 06:35:00,0.5210000,0.5211100,0.5198900,0.5200500,24329.2653100
2025-06-19 06:36:00,0.5200300,0.5203500,0.5190400,0.5191100,34579.8367900
2025-06-19 06:37:00,0.5191600,0.5191600,0.5179300,0.5180700,27587.4015000
2025-06-19 06:38:00,0.5179900,0.5182200,0.5173000,0.5173100,59726.2790500
2025-06-19 06:39:00,0.5173200,0.5177700,0.5166300,0.5166800,41743.1584100
2025-06-19 06:40:00,0.5166800,0.5177500,0.5166800,0.5168100,58285.4835600
2025-06-19 06:41:00,0.5168100,0.5171000,0.5162200,0.5170000,84791.1681200
2025-06-19 06:42:00,0.5169700,0.5171500,0.5158200,0.5162300,52912.9317100
2025-06-19 06:43:00,0.5162300,0.5168400,0.5161600,0.5167400,39087.9027700
2025-06-19 06:44:00,0.5166700,0.5178300,0.5165500,0.5175900,58015.4225100
2025-06-19 06:45:00,0.5176900,0.5179200,0.5169100,0.5170500,73226.0877900
2025-06-19 06:46:00,0.5171000,0.5181400,0.5168500,0.5173000,51391.1833700
2025-06-19 06:47:00,0.5172800,0.5174400,0.5168100,0.5171400,45813.3545400
2025-06-19 06:48:00,0.5171300,0.5176500,0.5162200,0.5176500,65978.6641100
2025-06-19 06:49:00,0.5175500,0.5186100,0.5174000,0.5185700,31568.1195500
2025-06-19 06:50:00,0.5185700,0.5185700,0.5171800,0.5178700,21864.9315600
2025-06-19 06:51:00,0.5178500,0.5178500,0.5169600,0.5170300,11560.4683000
2025-06-19 06:52:00,0.5171000,0.5176300,0.5170400,0.5174200,24932.6286300
2025-06-19 06:53:00,0.5174500,0.5175800,0.5167000,0.5167000,15636.6738500
2025-06-19 06:54:00,0.5167400,0.5171100,0.5165500,0.5167100,24696.4574400
2025-06-19 06:55:00,0.5167100,0.5170400,0.5162000,0.5167000,21331.2190800
2025-06-19 06:56:00,0.5167500,0.5171000,0.5160600,0.5163500,69195.4873800
2025-06-19 06:57:00,0.5163600,0.5183700,0.5163600,0.5183700,42047.4589600
2025-06-19 06:58:00,0.5183800,0.5187000,0.5176100,0.5177600,44212.5026300
2025-06-19 06:59:00,0.5177600,0.5180300,0.5174800,0.5179500,24701.3135000
2025-06-19 07:00:00,0.5178800,0.5181900,0.5173300,0.5173400,24166.0114800
2025-06-19 07:01:00,0.5173500,0.5174400,0.5160500,0.5164900,62285.2585300
2025-06-19 07:02:00,0.5164900,0.5165200,0.5156500,0.5158200,52122.6392100
2025-06-19 07:03:00,0.5158500,0.5158700,0.5153100,0.5156200,33124.0777400
2025-06-19 07:04:00,0.5155500,0.5156400,0.5150900,0.5151000,17793.8858500
2025-06-19 07:05:00,0.5151000,0.5154700,0.5142300,0.5147200,54495.5055800
2025-06-19 07:06:00,0.5147400,0.5152500,0.5144900,0.5152500,53314.8591000
2025-06-19 07:07:00,0.5151600,0.5155000,0.5148400,0.5149700,38836.7392200
2025-06-19 07:08:00,0.5149600,0.5149600,0.5136300,0.5138100,52289.6396300
2025-06-19 07:09:00,0.5139000,0.5144100,0.5135800,0.5140500,41247.2371100
2025-06-19 07:10:00,0.5140300,0.5146900,0.5136700,0.5144000,51532.5996100
2025-06-19 07:11:00,0.5144500,0.5157500,0.5144500,0.5153900,37786.7315900
2025-06-19 07:12:00,0.5153700,0.5162200,0.5151500,0.5158400,42535.7181500
2025-06-19 07:13:00,0.5158200,0.5160500,0.5155500,0.5157500,19565.4706300
2025-06-19 07:14:00,0.5157100,0.5159400,0.5149000,0.5149800,13490.6181000
2025-06-19 07:15:00,0.5149900,0.5155400,0.5142600,0.5153400,33592.8973500
2025-06-19 07:16:00,0.5154200,0.5155200,0.5144600,0.5144900,22087.5976500
2025-06-19 07:17:00,0.5144900,0.5153600,0.5143400,0.5144200,30220.0767000
2025-06-19 07:18:00,0.5145000,0.5146600,0.5130000,0.5131200,42496.2149100
2025-06-19 07:19:00,0.5131200,0.5141600,0.5131200,0.5134000,52051.7972100
2025-06-19 07:20:00,0.5134100,0.5141000,0.5132500,0.5138500,53490.5203200
2025-06-19 07:21:00,0.5137800,0.5137800,0.5131400,0.5137000,75695.4690500
2025-06-19 07:22:00,0.5136700,0.5136700,0.5132400,0.5135000,16154.7042900
2025-06-19 07:23:00,0.5134800,0.5137200,0.5133800,0.5137200,15477.7272700
2025-06-19 07:24:00,0.5137000,0.5137000,0.5111100,0.5113700,181130.1957700
2025-06-19 07:25:00,0.5113200,0.5114400,0.5101900,0.5107800,147015.9852400
2025-06-19 07:26:00,0.5107500,0.5107900,0.5096500,0.5097700,90440.4751100
2025-06-19 07:27:00,0.5098700,0.5106800,0.5097000,0.5106000,55008.4954100
2025-06-19 07:28:00,0.5105900,0.5108000,0.5102400,0.5106600,27097.3725800
2025-06-19 07:29:00,0.5106200,0.5106300,0.5096900,0.5102700,64206.1178400
2025-06-19 07:30:00,0.5103200,0.5105600,0.5098200,0.5098200,62311.8515500
2025-06-19 07:31:00,0.5100500,0.5106300,0.5100500,0.5102600,33101.7551100
2025-06-19 07:32:00,0.5102900,0.5105000,0.5095900,0.5102800,58934.2582800
2025-06-19 07:33:00,0.5102800,0.5107900,0.5102500,0.5106300,28539.9926200
2025-06-19 07:34:00,0.5106100,0.5117300,0.5105800,0.5117300,57903.7989500
2025-06-19 07:35:00,0.5116200,0.5122100,0.5112400,0.5115000,77665.2797100
2025-06-19 07:36:00,0.5115500,0.5116500,0.5109000,0.5109700,22550.1115600
2025-06-19 07:37:00,0.5109800,0.5120200,0.5109800,0.5119400,21421.6589900
2025-06-19 07:38:00,0.5119100,0.5124700,0.5116200,0.5122900,53637.7586400
2025-06-19 07:39:00,0.5123900,0.5128600,0.5122100,0.5127800,22277.4576400
2025-06-19 07:40:00,0.5127500,0.5145700,0.5126100,0.5143400,64019.3439200
2025-06-19 07:41:00,0.5143300,0.5143400,0.5139500,0.5141100,28370.5224100
2025-06-19 07:42:00,0.5141100,0.5147300,0.5141100,0.5143900,29392.7458200
2025-06-19 07:43:00,0.5143800,0.5150700,0.5143800,0.5150700,28850.3622400
2025-06-19 07:44:00,0.5150400,0.5155200,0.5144700,0.5144700,44983.3302600
2025-06-19 07:45:00,0.5144700,0.5149000,0.5139700,0.5149000,37809.8945700
2025-06-19 07:46:00,0.5148800,0.5163600,0.5148800,0.5151700,64822.5554900
2025-06-19 07:47:00,0.5151700,0.5160600,0.5149300,0.5157400,43144.7695800
2025-06-19 07:48:00,0.5157100,0.5159300,0.5143600,0.5143900,24361.5358000
2025-06-19 07:49:00,0.5143800,0.5143800,0.5133000,0.5139800,49087.6486300
2025-06-19 07:50:00,0.5138900,0.5143000,0.5136800,0.5141100,17831.2723600
2025-06-19 07:51:00,0.5142500,0.5146500,0.5140900,0.5140900,27980.7003300
2025-06-19 07:52:00,0.5141300,0.5142700,0.5136100,0.5138300,13203.3189200
2025-06-19 07:53:00,0.5138300,0.5145300,0.5137400,0.5143400,42545.1844100
2025-06-19 07:54:00,0.5143500,0.5150000,0.5143500,0.5147800,11375.3235800
2025-06-19 07:55:00,0.5147900,0.5155600,0.5147900,0.5154900,68506.3533400
2025-06-19 07:56:00,0.5154100,0.5154100,0.5139600,0.5140000,17263.3533200
2025-06-19 07:57:00,0.5139900,0.5148300,0.5139900,0.5139900,19927.4565100
2025-06-19 07:58:00,0.5139900,0.5140600,0.5133000,0.5133300,22020.5407900
2025-06-19 07:59:00,0.5134000,0.5134000,0.5129500,0.5131900,44903.1067300
2025-06-19 08:00:00,0.5132100,0.5137900,0.5130400,0.5132700,49566.2609300
2025-06-19 08:01:00,0.5133100,0.5136100,0.5126600,0.5129600,39814.2606100
2025-06-19 08:02:00,0.5128000,0.5129000,0.5119200,0.5119200,37618.0013800
2025-06-19 08:03:00,0.5119300,0.5121600,0.5117500,0.5117500,29039.9931300
2025-06-19 08:04:00,0.5118500,0.5128700,0.5118500,0.5127200,15436.9629300
2025-06-19 08:05:00,0.5127200,0.5132700,0.5118500,0.5130200,33444.5946600
2025-06-19 08:06:00,0.5130600,0.5141700,0.5126900,0.5141700,51026.8720900
2025-06-19 08:07:00,0.5141400,0.5147800,0.5133400,0.5133400,47502.4918800
2025-06-19 08:08:00,0.5133000,0.5138500,0.5133000,0.5135400,22854.6029000
2025-06-19 08:09:00,0.5135300,0.5137100,0.5129200,0.5129200,20260.9182800
2025-06-19 08:10:00,0.5128900,0.5129600,0.5119400,0.5125400,36908.1905000
2025-06-19 08:11:00,0.5126100,0.5127500,0.5116500,0.5120900,36892.0009900
2025-06-19 08:12:00,0.5121100,0.5121500,0.5113800,0.5117400,24228.6546900
2025-06-19 08:13:00,0.5116900,0.5116900,0.5110700,0.5114600,31702.6358700
2025-06-19 08:14:00,0.5114100,0.5119300,0.5113700,0.5116600,19226.7912100
2025-06-19 08:15:00,0.5115900,0.5118200,0.5110900,0.5116200,19060.7879100
2025-06-19 08:16:00,0.5115600,0.5122900,0.5114900,0.5117300,45435.5099000
2025-06-19 08:17:00,0.5117200,0.5124100,0.5115800,0.5124100,17187.0247000
2025-06-19 08:18:00,0.5124600,0.5130500,0.5124400,0.5125600,24348.5111900
2025-06-19 08:19:00,0.5125400,0.5126700,0.5122900,0.5125700,14998.3162100
2025-06-19 08:20:00,0.5125000,0.5126900,0.5121000,0.5126900,26824.8806300
2025-06-19 08:21:00,0.5126600,0.5130200,0.5124100,0.5125200,12653.5923100
2025-06-19 08:22:00,0.5125500,0.5125500,0.5118100,0.5121600,23262.9137300
2025-06-19 08:23:00,0.5121400,0.5121400,0.5115200,0.5115500,19284.1449200
2025-06-19 08:24:00,0.5115500,0.5123600,0.5114900,0.5123000,18297.0307300
2025-06-19 08:25:00,0.5122300,0.5138000,0.5122000,0.5135800,26846.0070500
2025-06-19 08:26:00,0.5135800,0.5138000,0.5128200,0.5128200,46554.5945100
2025-06-19 08:27:00,0.5129700,0.5132700,0.5126800,0.5127300,22976.7382700
2025-06-19 08:28:00,0.5126700,0.5126700,0.5109900,0.5111500,23722.5879400
2025-06-19 08:29:00,0.5112100,0.5115800,0.5111800,0.5114700,10726.8521000
2025-06-19 08:30:00,0.5114800,0.5125900,0.5114600,0.5119200,48196.8712400
2025-06-19 08:31:00,0.5118400,0.5124000,0.5117400,0.5123100,27015.5717900
2025-06-19 08:32:00,0.5122500,0.5125900,0.5120800,0.5125800,14018.3655900
2025-06-19 08:33:00,0.5125700,0.5131700,0.5122400,0.5124000,17658.6897800
2025-06-19 08:34:00,0.5124500,0.5124500,0.5120800,0.5122400,17736.0876100
2025-06-19 08:35:00,0.5122400,0.5132500,0.5122400,0.5131700,43379.5218300
2025-06-19 08:36:00,0.5131300,0.5131500,0.5121300,0.5121400,9763.7499600
2025-06-19 08:37:00,0.5121400,0.5125600,0.5119200,0.5122200,16722.5989000
2025-06-19 08:38:00,0.5121800,0.5121800,0.5115200,0.5117400,27372.7158700
2025-06-19 08:39:00,0.5117100,0.5125900,0.5114100,0.5119200,23602.3755800
2025-06-19 08:40:00,0.5118500,0.5126000,0.5118100,0.5124800,23843.8413200
2025-06-19 08:41:00,0.5125100,0.5131600,0.5121000,0.5121000,19257.5259000
2025-06-19 08:42:00,0.5121400,0.5126200,0.5119800,0.5121800,20002.3436000
2025-06-19 08:43:00,0.5121800,0.5122100,0.5118800,0.5120100,14630.2742100
2025-06-19 08:44:00,0.5119400,0.5122800,0.5115200,0.5122200,15016.5714600
2025-06-19 08:45:00,0.5121700,0.5124100,0.5112100,0.5117400,22330.8352100
2025-06-19 08:46:00,0.5117400,0.5117400,0.5113900,0.5114400,9536.1439000
2025-06-19 08:47:00,0.5114500,0.5120000,0.5113200,0.5114300,19509.8967900
2025-06-19 08:48:00,0.5114200,0.5116900,0.5110200,0.5113000,19700.5713200
2025-06-19 08:49:00,0.5113000,0.5122000,0.5112900,0.5120300,17434.6975500
2025-06-19 08:50:00,0.5120400,0.5121900,0.5118900,0.5120900,10735.8297600
2025-06-19 08:51:00,0.5120900,0.5120900,0.5113900,0.5117400,18133.7809900
2025-06-19 08:52:00,0.5117200,0.5117200,0.5111400,0.5112000,9106.9037300
2025-06-19 08:53:00,0.5112200,0.5114700,0.5111400,0.5111400,11742.1718600
2025-06-19 08:54:00,0.5111500,0.5111500,0.5103300,0.5106800,43978.6397500
2025-06-19 08:55:00,0.5106700,0.5106700,0.5098800,0.5099900,34902.7977200
2025-06-19 08:56:00,0.5100400,0.5104800,0.5099400,0.5104800,47531.6247600
2025-06-19 08:57:00,0.5105300,0.5109500,0.5104500,0.5107200,23298.4718100
2025-06-19 08:58:00,0.5107500,0.5111700,0.5096900,0.5102700,52783.9814500
2025-06-19 08:59:00,0.5102900,0.5105500,0.5099900,0.5102100,15640.9440000
2025-06-19 09:00:00,0.5101200,0.5104100,0.5089300,0.5089900,48606.3812600
2025-06-19 09:01:00,0.5089900,0.5092900,0.5080600,0.5092100,85360.6149200
2025-06-19 09:02:00,0.5091900,0.5099300,0.5091800,0.5098100,37169.4314200
2025-06-19 09:03:00,0.5098400,0.5103500,0.5091500,0.5094100,66095.4679600
2025-06-19 09:04:00,0.5094800,0.5097000,0.5089100,0.5089600,22440.0571000
2025-06-19 09:05:00,0.5089300,0.5098200,0.5086700,0.5096600,46220.8636400
2025-06-19 09:06:00,0.5096900,0.5105100,0.5095100,0.5102100,29932.3794800
2025-06-19 09:07:00,0.5101800,0.5101800,0.5086600,0.5088600,54202.7705800
2025-06-19 09:08:00,0.5088600,0.5090700,0.5082100,0.5082100,25023.3889500
2025-06-19 09:09:00,0.5082000,0.5085400,0.5078100,0.5082700,60033.6537500
2025-06-19 09:10:00,0.5083400,0.5083400,0.5075600,0.5077500,40342.1711900
2025-06-19 09:11:00,0.5077500,0.5079100,0.5072000,0.5077800,41179.5510300
2025-06-19 09:12:00,0.5077900,0.5080500,0.5076000,0.5076200,45857.8243400
2025-06-19 09:13:00,0.5076100,0.5077100,0.5066400,0.5068000,81032.9520600
2025-06-19 09:14:00,0.5068500,0.5075500,0.5068500,0.5071200,24571.6494400
2025-06-19 09:15:00,0.5071600,0.5072000,0.5065700,0.5066800,40485.7247900
2025-06-19 09:16:00,0.5067500,0.5076300,0.5065400,0.5071200,24469.5257400
2025-06-19 09:17:00,0.5071100,0.5076000,0.5069600,0.5069600,26131.2613600
2025-06-19 09:18:00,0.5070000,0.5072400,0.5066100,0.5066100,11154.6117300
2025-06-19 09:19:00,0.5066200,0.5070000,0.5064400,0.5065400,36461.6484500
2025-06-19 09:20:00,0.5066100,0.5067800,0.5064500,0.5064900,25267.9033600
2025-06-19 09:21:00,0.5064900,0.5069500,0.5061700,0.5065200,66307.1969200
2025-06-19 09:22:00,0.5064200,0.5070600,0.5062100,0.5070600,38394.3814800
2025-06-19 09:23:00,0.5071200,0.5074200,0.5071200,0.5071700,14176.5526000
2025-06-19 09:24:00,0.5071700,0.5073000,0.5069100,0.5071300,33133.4883500
2025-06-19 09:25:00,0.5071400,0.5071500,0.5065600,0.5067700,45360.9794400
2025-06-19 09:26:00,0.5067900,0.5074400,0.5066900,0.5066900,26507.6730200
2025-06-19 09:27:00,0.5067000,0.5080700,0.5065300,0.5077600,42887.9132200
2025-06-19 09:28:00,0.5077600,0.5094900,0.5077600,0.5084400,83821.0994700
2025-06-19 09:29:00,0.5084200,0.5084200,0.5074200,0.5074600,19994.0962500
2025-06-19 09:30:00,0.5073600,0.5081600,0.5069100,0.5080500,49441.0194500
2025-06-19 09:31:00,0.5081200,0.5085200,0.5078100,0.5079600,56916.3219200
2025-06-19 09:32:00,0.5080000,0.5087300,0.5079900,0.5086500,31102.8266900
2025-06-19 09:33:00,0.5087200,0.5088900,0.5074300,0.5074700,28444.4277400
2025-06-19 09:34:00,0.5074200,0.5074700,0.5066600,0.5070500,40228.3069400
2025-06-19 09:35:00,0.5069500,0.5073000,0.5065100,0.5072000,25836.6744200
2025-06-19 09:36:00,0.5071200,0.5071600,0.5061300,0.5069700,104911.7279900
2025-06-19 09:37:00,0.5069600,0.5071100,0.5065800,0.5067100,32497.1202900
2025-06-19 09:38:00,0.5066700,0.5069900,0.5065200,0.5065600,13337.0021600
2025-06-19 09:39:00,0.5065600,0.5067100,0.5061100,0.5065100,34573.3435200
2025-06-19 09:40:00,0.5065000,0.5077600,0.5063500,0.5077600,55564.8736800
2025-06-19 09:41:00,0.5077400,0.5081700,0.5073600,0.5077700,23282.4316600
2025-06-19 09:42:00,0.5077900,0.5077900,0.5068600,0.5070400,27382.5529100
2025-06-19 09:43:00,0.5070700,0.5079200,0.5070700,0.5076700,43531.1913200
2025-06-19 09:44:00,0.5077100,0.5084800,0.5076900,0.5082200,39236.1624100
2025-06-19 09:45:00,0.5081400,0.5084200,0.5081400,0.5083000,16244.4585200
2025-06-19 09:46:00,0.5083200,0.5083200,0.5078500,0.5080500,12530.3016300
2025-06-19 09:47:00,0.5080700,0.5080700,0.5075400,0.5075800,16547.2968400
2025-06-19 09:48:00,0.5075900,0.5079500,0.5073800,0.5078000,17265.7093800
2025-06-19 09:49:00,0.5078400,0.5078800,0.5076600,0.5078100,13612.8805500
2025-06-19 09:50:00,0.5078700,0.5085700,0.5078700,0.5082100,26750.0444500
2025-06-19 09:51:00,0.5082400,0.5082400,0.5073100,0.5073100,25177.4474900
2025-06-19 09:52:00,0.5073000,0.5074800,0.5069600,0.5072700,19998.5176900
2025-06-19 09:53:00,0.5072100,0.5075100,0.5070400,0.5070400,19081.6243700
2025-06-19 09:54:00,0.5070000,0.5070200,0.5065700,0.5066400,23684.8462100
2025-06-19 09:55:00,0.5067000,0.5068700,0.5063600,0.5064300,12254.5777900
2025-06-19 09:56:00,0.5064300,0.5069100,0.5060700,0.5065900,36765.6128700
2025-06-19 09:57:00,0.5066500,0.5066800,0.5043400,0.5055400,177756.0006500
2025-06-19 09:58:00,0.5054500,0.5055000,0.5049400,0.5053500,25621.4123500
2025-06-19 09:59:00,0.5051400,0.5052600,0.5049000,0.5049900,31252.9739500
2025-06-19 10:00:00,0.5050800,0.5052000,0.5046000,0.5048000,43050.0761100
2025-06-19 10:01:00,0.5048000,0.5066500,0.5048000,0.5066500,34984.3868900
2025-06-19 10:02:00,0.5065100,0.5065100,0.5056600,0.5056600,34489.9829600
2025-06-19 10:03:00,0.5056800,0.5075300,0.5056800,0.5075300,27587.1724900
2025-06-19 10:04:00,0.5074400,0.5079500,0.5062600,0.5062600,52111.0255500
2025-06-19 10:05:00,0.5062700,0.5068700,0.5060700,0.5060700,18370.4986600
2025-06-19 10:06:00,0.5060800,0.5079400,0.5059600,0.5076200,43273.5679900
2025-06-19 10:07:00,0.5076200,0.5076200,0.5067000,0.5068600,40442.5455100
2025-06-19 10:08:00,0.5068300,0.5077100,0.5068300,0.5076200,12798.2268500
2025-06-19 10:09:00,0.5076400,0.5084400,0.5070100,0.5084400,20501.7334700
2025-06-19 10:10:00,0.5084300,0.5093600,0.5080200,0.5087700,35551.6558500
2025-06-19 10:11:00,0.5087600,0.5090500,0.5083800,0.5084100,31081.2113000
2025-06-19 10:12:00,0.5083900,0.5083900,0.5071600,0.5074500,41335.4799500
2025-06-19 10:13:00,0.5074700,0.5079000,0.5067200,0.5078300,36017.7903100
2025-06-19 10:14:00,0.5078000,0.5088600,0.5074700,0.5086100,46126.7577700
2025-06-19 10:15:00,0.5085500,0.5087100,0.5067000,0.5067800,169564.9214400
2025-06-19 10:16:00,0.5067700,0.5068200,0.5051400,0.5053200,27323.9862300
2025-06-19 10:17:00,0.5054000,0.5056400,0.5050600,0.5053800,32668.5373400
2025-06-19 10:18:00,0.5054100,0.5063000,0.5054100,0.5059900,21782.3366200
2025-06-19 10:19:00,0.5060500,0.5063900,0.5057500,0.5059200,25377.8805000
2025-06-19 10:20:00,0.5058900,0.5060000,0.5053200,0.5053200,14355.0177600
2025-06-19 10:21:00,0.5053100,0.5059200,0.5048300,0.5057200,29669.3213800
2025-06-19 10:22:00,0.5056900,0.5057900,0.5054500,0.5056100,16543.6684000
2025-06-19 10:23:00,0.5055700,0.5057400,0.5050900,0.5054000,39882.9220900
2025-06-19 10:24:00,0.5054000,0.5056500,0.5046500,0.5051000,19094.8431400
2025-06-19 10:25:00,0.5051000,0.5054400,0.5048700,0.5051100,15887.4191600
2025-06-19 10:26:00,0.5051100,0.5051100,0.5047700,0.5048000,15795.6810300
2025-06-19 10:27:00,0.5048200,0.5051000,0.5040900,0.5051000,35114.3180400
2025-06-19 10:28:00,0.5051400,0.5060700,0.5051400,0.5059900,39510.4498800
2025-06-19 10:29:00,0.5059800,0.5061600,0.5056100,0.5057200,11017.7432400
2025-06-19 10:30:00,0.5056500,0.5060700,0.5054000,0.5058000,32116.8038900
2025-06-19 10:31:00,0.5057400,0.5057400,0.5044900,0.5045700,35763.8576200
2025-06-19 10:32:00,0.5045900,0.5048800,0.5044800,0.5045900,15818.7340300
2025-06-19 10:33:00,0.5045900,0.5045900,0.5032600,0.5039500,65052.7359300
2025-06-19 10:34:00,0.5039700,0.5041800,0.5030100,0.5036500,47395.8946000
2025-06-19 10:35:00,0.5037100,0.5042100,0.5036600,0.5041000,15461.1794200
2025-06-19 10:36:00,0.5040400,0.5046700,0.5038900,0.5039900,45565.8235400
2025-06-19 10:37:00,0.5039800,0.5048300,0.5038800,0.5047700,19034.0977700
2025-06-19 10:38:00,0.5046700,0.5054700,0.5044000,0.5045900,35643.5034400
2025-06-19 10:39:00,0.5045500,0.5049000,0.5044000,0.5045800,15922.4110000
2025-06-19 10:40:00,0.5044800,0.5052200,0.5041900,0.5050300,38332.9701200
2025-06-19 10:41:00,0.5050200,0.5055300,0.5047000,0.5055000,48090.3535600
2025-06-19 10:42:00,0.5055100,0.5056700,0.5053700,0.5055200,38999.8622900
2025-06-19 10:43:00,0.5055100,0.5060100,0.5052300,0.5056600,18266.1102200
2025-06-19 10:44:00,0.5057100,0.5064000,0.5056900,0.5060400,23311.3370500
2025-06-19 10:45:00,0.5059500,0.5059500,0.5054600,0.5056700,15688.5906500
2025-06-19 10:46:00,0.5055800,0.5055800,0.5045700,0.5046900,26455.3996700
2025-06-19 10:47:00,0.5046300,0.5049500,0.5044300,0.5048900,13164.7231000
2025-06-19 10:48:00,0.5048900,0.5051200,0.5045600,0.5049000,16188.6237500
2025-06-19 10:49:00,0.5048300,0.5048800,0.5045600,0.5046800,10375.6687500
2025-06-19 10:50:00,0.5047500,0.5051100,0.5039700,0.5041100,27057.5325100
2025-06-19 10:51:00,0.5040900,0.5043800,0.5038300,0.5041600,15279.1348500
2025-06-19 10:52:00,0.5041200,0.5042300,0.5040200,0.5040200,4500.3570100
2025-06-19 10:53:00,0.5040100,0.5041100,0.5036600,0.5041100,16967.8892300
2025-06-19 10:54:00,0.5041100,0.5044600,0.5039200,0.5044200,13505.1722300
2025-06-19 10:55:00,0.5043900,0.5043900,0.5037700,0.5037700,14560.5012100
2025-06-19 10:56:00,0.5037700,0.5038500,0.5033300,0.5033300,12622.9399700
2025-06-19 10:57:00,0.5033100,0.5039500,0.5033100,0.5038400,17521.6072500
2025-06-19 10:58:00,0.5038400,0.5044200,0.5038400,0.5042100,11900.5058800
2025-06-19 10:59:00,0.5041800,0.5045900,0.5041800,0.5045800,9553.1975300
2025-06-19 11:00:00,0.5045800,0.5047900,0.5044100,0.5045700,23271.5732900
2025-06-19 11:01:00,0.5046500,0.5050200,0.5045100,0.5050200,32178.4425800
2025-06-19 11:02:00,0.5050200,0.5050200,0.5046900,0.5048300,6744.8661300
2025-06-19 11:03:00,0.5048300,0.5054700,0.5048300,0.5049600,18780.5559100
2025-06-19 11:04:00,0.5049700,0.5051600,0.5044400,0.5044400,13525.7332600
2025-06-19 11:05:00,0.5044400,0.5044400,0.5035500,0.5035700,26679.4712600
2025-06-19 11:06:00,0.5035700,0.5039600,0.5032500,0.5032800,53317.2955000
2025-06-19 11:07:00,0.5032800,0.5045900,0.5032800,0.5043800,27602.0446500
2025-06-19 11:08:00,0.5043700,0.5046700,0.5042600,0.5045600,9169.8228200
2025-06-19 11:09:00,0.5045800,0.5052000,0.5044900,0.5052000,16503.0358700
2025-06-19 11:10:00,0.5051000,0.5054400,0.5049000,0.5050200,18318.1235600
2025-06-19 11:11:00,0.5050200,0.5051100,0.5043100,0.5043200,36355.9459800
2025-06-19 11:12:00,0.5043100,0.5046900,0.5032300,0.5045300,24593.2762500
2025-06-19 11:13:00,0.5045200,0.5052800,0.5042700,0.5043200,34474.4763400
2025-06-19 11:14:00,0.5043200,0.5048500,0.5041200,0.5041200,16916.6049800
2025-06-19 11:15:00,0.5041200,0.5044400,0.5040200,0.5044000,13346.0484700
2025-06-19 11:16:00,0.5043900,0.5049500,0.5043800,0.5047900,9925.4253900
2025-06-19 11:17:00,0.5047600,0.5047600,0.5042200,0.5042800,11080.0947300
2025-06-19 11:18:00,0.5042800,0.5042800,0.5039500,0.5041500,6371.4580400
2025-06-19 11:19:00,0.5041000,0.5043700,0.5038800,0.5040400,14471.2537200
2025-06-19 11:20:00,0.5040400,0.5050000,0.5039200,0.5049300,9161.8843200
2025-06-19 11:21:00,0.5048900,0.5055200,0.5048400,0.5053900,24656.4349200
2025-06-19 11:22:00,0.5053300,0.5053600,0.5051600,0.5052500,8901.1192300
2025-06-19 11:23:00,0.5052300,0.5052300,0.5046700,0.5047200,17204.0951800
2025-06-19 11:24:00,0.5047000,0.5047200,0.5041900,0.5041900,9019.9293400
2025-06-19 11:25:00,0.5041900,0.5055000,0.5041200,0.5054800,17981.7575000
2025-06-19 11:26:00,0.5054200,0.5066200,0.5054200,0.5061900,45486.6593500
2025-06-19 11:27:00,0.5062400,0.5062800,0.5050500,0.5052300,27105.8435900
2025-06-19 11:28:00,0.5052400,0.5055600,0.5052400,0.5053200,5937.1370400
2025-06-19 11:29:00,0.5053200,0.5053200,0.5050600,0.5051400,7611.4359800
2025-06-19 11:30:00,0.5051500,0.5059900,0.5051500,0.5056500,20922.6418500
2025-06-19 11:31:00,0.5056200,0.5056200,0.5046600,0.5046600,16698.8925100
2025-06-19 11:32:00,0.5046600,0.5050500,0.5045500,0.5048600,17595.8856300
2025-06-19 11:33:00,0.5048500,0.5049800,0.5046700,0.5049800,12450.2488400
2025-06-19 11:34:00,0.5049800,0.5058100,0.5048600,0.5054700,17507.0322100
2025-06-19 11:35:00,0.5055000,0.5058400,0.5052800,0.5055000,31068.7721900
2025-06-19 11:36:00,0.5055200,0.5059900,0.5052600,0.5052600,14480.3004900
2025-06-19 11:37:00,0.5052700,0.5056700,0.5052000,0.5055600,8997.7396600
2025-06-19 11:38:00,0.5056600,0.5062900,0.5056600,0.5061700,31679.0546300
2025-06-19 11:39:00,0.5061600,0.5061600,0.5059000,0.5060000,16332.2915500
2025-06-19 11:40:00,0.5059200,0.5059200,0.5048200,0.5049600,19086.4618500
2025-06-19 11:41:00,0.5049500,0.5052900,0.5046000,0.5050600,25285.5684900
2025-06-19 11:42:00,0.5051400,0.5058500,0.5051400,0.5056200,15692.8743500
2025-06-19 11:43:00,0.5055600,0.5055600,0.5049300,0.5051500,14020.0053400
2025-06-19 11:44:00,0.5051400,0.5051500,0.5047400,0.5049100,11749.7986100
2025-06-19 11:45:00,0.5049100,0.5057600,0.5047800,0.5050100,63680.9864500
2025-06-19 11:46:00,0.5050700,0.5052500,0.5045700,0.5046700,18727.5520500
2025-06-19 11:47:00,0.5046700,0.5047500,0.5042000,0.5042700,14102.0898500
2025-06-19 11:48:00,0.5043000,0.5046800,0.5040100,0.5041600,16772.6140000
2025-06-19 11:49:00,0.5041400,0.5044400,0.5040000,0.5043300,19032.6878600
2025-06-19 11:50:00,0.5043200,0.5043200,0.5027500,0.5031500,57222.4624200
2025-06-19 11:51:00,0.5031700,0.5031900,0.5018900,0.5024700,143758.7231900
2025-06-19 11:52:00,0.5024800,0.5025800,0.5019000,0.5019200,12899.2106800
2025-06-19 11:53:00,0.5019200,0.5024100,0.5016300,0.5020000,48194.3351900
2025-06-19 11:54:00,0.5020000,0.5020900,0.5015200,0.5016500,53460.1719400
2025-06-19 11:55:00,0.5015500,0.5022100,0.5015400,0.5022100,58606.9918400
2025-06-19 11:56:00,0.5022100,0.5033200,0.5021800,0.5027600,86538.5162800
2025-06-19 11:57:00,0.5027000,0.5028700,0.5015200,0.5015500,95651.9173200
2025-06-19 11:58:00,0.5016000,0.5017800,0.5013900,0.5017700,19459.8558500
2025-06-19 11:59:00,0.5017700,0.5020000,0.5017100,0.5017700,24787.5921900
2025-06-19 12:00:00,0.5018600,0.5019000,0.5009300,0.5010200,71308.5648900
2025-06-19 12:01:00,0.5010300,0.5017600,0.5007500,0.5017600,33121.8463600
2025-06-19 12:02:00,0.5017400,0.5022200,0.5013400,0.5020400,34605.3415900
2025-06-19 12:03:00,0.5020800,0.5025600,0.5019600,0.5019600,14201.5714100
2025-06-19 12:04:00,0.5019200,0.5022900,0.5015300,0.5021000,32969.0365800
2025-06-19 12:05:00,0.5022900,0.5025100,0.5020300,0.5022400,20014.4414100
2025-06-19 12:06:00,0.5022000,0.5025300,0.5019700,0.5024400,11370.9989000
2025-06-19 12:07:00,0.5024300,0.5029400,0.5021300,0.5029100,37021.5442500
2025-06-19 12:08:00,0.5029100,0.5029100,0.5020300,0.5025900,40824.7007900
2025-06-19 12:09:00,0.5026000,0.5027400,0.5020300,0.5027400,8952.5710400
2025-06-19 12:10:00,0.5027600,0.5030600,0.5025700,0.5025700,15489.8511400
2025-06-19 12:11:00,0.5025600,0.5026900,0.5022100,0.5022500,29677.6480300
2025-06-19 12:12:00,0.5022600,0.5038000,0.5017100,0.5036600,105145.2357000
2025-06-19 12:13:00,0.5035800,0.5040700,0.5030600,0.5030600,30348.1090100
2025-06-19 12:14:00,0.5030400,0.5030700,0.5022000,0.5022900,29730.6275000
2025-06-19 12:15:00,0.5022600,0.5030600,0.5020000,0.5028200,27205.5500000
2025-06-19 12:16:00,0.5028300,0.5031300,0.5025800,0.5027400,10194.6989400
2025-06-19 12:17:00,0.5027400,0.5038000,0.5024500,0.5035700,59895.1565600
2025-06-19 12:18:00,0.5034600,0.5038800,0.5028600,0.5028600,16076.4132400
2025-06-19 12:19:00,0.5028400,0.5037700,0.5028400,0.5037700,22126.5856800
2025-06-19 12:20:00,0.5037600,0.5039100,0.5034500,0.5035200,20483.6350700
2025-06-19 12:21:00,0.5035700,0.5043500,0.5033600,0.5033600,18801.5646800
2025-06-19 12:22:00,0.5034100,0.5037700,0.5033700,0.5034200,9861.6664700
2025-06-19 12:23:00,0.5034800,0.5038400,0.5034000,0.5034000,9370.2986600
2025-06-19 12:24:00,0.5034100,0.5034600,0.5031500,0.5032200,14014.7735300
2025-06-19 12:25:00,0.5032200,0.5035200,0.5024700,0.5026100,16388.4263400
2025-06-19 12:26:00,0.5025500,0.5029800,0.5024500,0.5029800,15601.7115000
2025-06-19 12:27:00,0.5029000,0.5029400,0.5025000,0.5028200,7557.8074200
2025-06-19 12:28:00,0.5028200,0.5032900,0.5028200,0.5032900,7904.0020300
2025-06-19 12:29:00,0.5031700,0.5035200,0.5031400,0.5034400,22125.4633400
2025-06-19 12:30:00,0.5033800,0.5039400,0.5033800,0.5037000,13354.0982800
2025-06-19 12:31:00,0.5036700,0.5037900,0.5033900,0.5035700,20617.4244000
2025-06-19 12:32:00,0.5035800,0.5037600,0.5025800,0.5028700,26179.6147100
2025-06-19 12:33:00,0.5027500,0.5032900,0.5027500,0.5029900,19811.0157500
2025-06-19 12:34:00,0.5029900,0.5032900,0.5028100,0.5028800,11676.3291200
2025-06-19 12:35:00,0.5028700,0.5028700,0.5023600,0.5023600,11070.8022900
2025-06-19 12:36:00,0.5023600,0.5030800,0.5023600,0.5027400,19595.0135200
2025-06-19 12:37:00,0.5027100,0.5039300,0.5026600,0.5038300,23401.8271900
2025-06-19 12:38:00,0.5038500,0.5038500,0.5029300,0.5033900,8376.0748200
2025-06-19 12:39:00,0.5033900,0.5035800,0.5032300,0.5035200,10174.3140800
2025-06-19 12:40:00,0.5034000,0.5037000,0.5032000,0.5036600,11431.1356800
2025-06-19 12:41:00,0.5035500,0.5039800,0.5033400,0.5038000,44216.1399500
2025-06-19 12:42:00,0.5038000,0.5039200,0.5035200,0.5039200,5858.8940800
2025-06-19 12:43:00,0.5039300,0.5039300,0.5026900,0.5029100,17778.6883000
2025-06-19 12:44:00,0.5029400,0.5032800,0.5028600,0.5028900,15400.6212400
2025-06-19 12:45:00,0.5028600,0.5042800,0.5027500,0.5041700,25514.6308500
2025-06-19 12:46:00,0.5043000,0.5048800,0.5041200,0.5041700,53521.6621100
2025-06-19 12:47:00,0.5041700,0.5043900,0.5033000,0.5034700,39285.4300900
2025-06-19 12:48:00,0.5033200,0.5050400,0.5032800,0.5048000,37878.7434100
2025-06-19 12:49:00,0.5048000,0.5049500,0.5037700,0.5042400,23575.9032800
2025-06-19 12:50:00,0.5041700,0.5042800,0.5032600,0.5036700,30827.8790900
2025-06-19 12:51:00,0.5035800,0.5035800,0.5027600,0.5034600,22483.9974300
2025-06-19 12:52:00,0.5035000,0.5038100,0.5029500,0.5038100,12410.9895200
2025-06-19 12:53:00,0.5038100,0.5041100,0.5033100,0.5034300,13072.0995800
2025-06-19 12:54:00,0.5033200,0.5034800,0.5030000,0.5032500,19162.7354300
2025-06-19 12:55:00,0.5032500,0.5035700,0.5031100,0.5031300,9567.0295600
2025-06-19 12:56:00,0.5031300,0.5032900,0.5028700,0.5031900,2849.6606400
2025-06-19 12:57:00,0.5032500,0.5037300,0.5030600,0.5031500,17451.6553800
2025-06-19 12:58:00,0.5031400,0.5039000,0.5031400,0.5037800,9802.3961300
2025-06-19 12:59:00,0.5037800,0.5037800,0.5032100,0.5032700,16607.6793500
2025-06-19 13:00:00,0.5032800,0.5036200,0.5030400,0.5033000,10656.4996500
2025-06-19 13:01:00,0.5033700,0.5035400,0.5030900,0.5032300,18601.9769700
2025-06-19 13:02:00,0.5032300,0.5043900,0.5031200,0.5042600,21587.5361300
2025-06-19 13:03:00,0.5042800,0.5052700,0.5042400,0.5052600,46434.1676700
2025-06-19 13:04:00,0.5050700,0.5050700,0.5039600,0.5040100,9440.0234700
2025-06-19 13:05:00,0.5040100,0.5040100,0.5030400,0.5030700,27963.2106700
2025-06-19 13:06:00,0.5031200,0.5034000,0.5031200,0.5033200,10480.8622300
2025-06-19 13:07:00,0.5033600,0.5035300,0.5031600,0.5031600,10774.8673800
2025-06-19 13:08:00,0.5031100,0.5033900,0.5028900,0.5033600,16661.7575400
2025-06-19 13:09:00,0.5033100,0.5033100,0.5029500,0.5031300,5844.8119200
2025-06-19 13:10:00,0.5030900,0.5031400,0.5027400,0.5030700,26353.9624800
2025-06-19 13:11:00,0.5030700,0.5046900,0.5028500,0.5041900,79240.1046300
2025-06-19 13:12:00,0.5042300,0.5052000,0.5041000,0.5041000,68525.7125200
2025-06-19 13:13:00,0.5041800,0.5043400,0.5039200,0.5039200,28363.5389900
2025-06-19 13:14:00,0.5039100,0.5043300,0.5037700,0.5037700,9849.4696900
2025-06-19 13:15:00,0.5037700,0.5038200,0.5033200,0.5034500,15065.2611900
2025-06-19 13:16:00,0.5034900,0.5038100,0.5033100,0.5038100,17555.0770700
2025-06-19 13:17:00,0.5037700,0.5047900,0.5037700,0.5047000,69446.3173100
2025-06-19 13:18:00,0.5046500,0.5050300,0.5039200,0.5041100,26691.2208200
2025-06-19 13:19:00,0.5040000,0.5048300,0.5038700,0.5040000,19874.6265300
2025-06-19 13:20:00,0.5040100,0.5044200,0.5037600,0.5041600,12571.4413300
2025-06-19 13:21:00,0.5041600,0.5049300,0.5029500,0.5047900,73397.6153000
2025-06-19 13:22:00,0.5049100,0.5050900,0.5044100,0.5050900,43984.7872500
2025-06-19 13:23:00,0.5050900,0.5053900,0.5046000,0.5053000,24126.6632900
2025-06-19 13:24:00,0.5052600,0.5060800,0.5051900,0.5052200,55107.5275000
2025-06-19 13:25:00,0.5051800,0.5062700,0.5050600,0.5061700,56589.5417600
2025-06-19 13:26:00,0.5061700,0.5083400,0.5061700,0.5080000,128356.9656300
2025-06-19 13:27:00,0.5079500,0.5088300,0.5078700,0.5087100,66219.7966400
2025-06-19 13:28:00,0.5087300,0.5089000,0.5076400,0.5078700,63677.9987700
2025-06-19 13:29:00,0.5079200,0.5084600,0.5077100,0.5079600,24729.4692000
2025-06-19 13:30:00,0.5079500,0.5087300,0.5079000,0.5080000,60282.2976000
2025-06-19 13:31:00,0.5080500,0.5096200,0.5079400,0.5085000,95245.1885500
2025-06-19 13:32:00,0.5084800,0.5086400,0.5064200,0.5064200,77988.8138800
2025-06-19 13:33:00,0.5064100,0.5064100,0.5042900,0.5044200,41745.4314800
2025-06-19 13:34:00,0.5044000,0.5044100,0.5036500,0.5043000,48726.7095400
2025-06-19 13:35:00,0.5043500,0.5044800,0.5036800,0.5037500,20439.0211200
2025-06-19 13:36:00,0.5037500,0.5041800,0.5030500,0.5031000,38917.1277400
2025-06-19 13:37:00,0.5030400,0.5036000,0.5029500,0.5034900,58586.6907600
2025-06-19 13:38:00,0.5034900,0.5035100,0.5025100,0.5026400,89406.9125400
2025-06-19 13:39:00,0.5025600,0.5028200,0.5018900,0.5020100,62070.5836100
2025-06-19 13:40:00,0.5019300,0.5021900,0.5011800,0.5021900,102224.7578100
2025-06-19 13:41:00,0.5021900,0.5022300,0.5016600,0.5019800,30623.5165200
2025-06-19 13:42:00,0.5019200,0.5023200,0.5013600,0.5019900,74348.2660700
2025-06-19 13:43:00,0.5020400,0.5020600,0.5009100,0.5010700,16285.0141400
2025-06-19 13:44:00,0.5010700,0.5014100,0.5008400,0.5010000,42968.9277300
2025-06-19 13:45:00,0.5009300,0.5010900,0.5001500,0.5003500,63911.4355700
2025-06-19 13:46:00,0.5003600,0.5003800,0.4995500,0.4998700,89257.8276400
2025-06-19 13:47:00,0.4997500,0.5006200,0.4995200,0.5001600,109733.0485300
2025-06-19 13:48:00,0.5000800,0.5000800,0.4993900,0.4997600,37616.5840800
2025-06-19 13:49:00,0.4997800,0.5001300,0.4996100,0.5000200,22318.0539500
2025-06-19 13:50:00,0.4999900,0.5009400,0.4997000,0.5001600,104409.4800300
2025-06-19 13:51:00,0.5001300,0.5001800,0.4995700,0.4999300,32922.0005700
2025-06-19 13:52:00,0.4998900,0.5004500,0.4996100,0.5001800,41247.0974500
2025-06-19 13:53:00,0.5001200,0.5002000,0.4996400,0.5001400,26332.5359100
2025-06-19 13:54:00,0.5001500,0.5005200,0.4996300,0.5000000,48295.9342100
2025-06-19 13:55:00,0.5000400,0.5000900,0.4995700,0.4998200,29530.8473900
2025-06-19 13:56:00,0.4998600,0.5006600,0.4998600,0.5001300,38306.4804700
2025-06-19 13:57:00,0.5002400,0.5004900,0.4996600,0.4996700,33638.7767900
2025-06-19 13:58:00,0.4996600,0.5002500,0.4996200,0.5002500,13448.2612500
2025-06-19 13:59:00,0.5002700,0.5005300,0.5001600,0.5005300,8234.2066800
2025-06-19 14:00:00,0.5005500,0.5009200,0.5000600,0.5000600,28837.7115300
2025-06-19 14:01:00,0.5001700,0.5008400,0.4997100,0.5001900,45688.1412100
2025-06-19 14:02:00,0.5001800,0.5007700,0.5001200,0.5007300,26533.7007100
2025-06-19 14:03:00,0.5007400,0.5013600,0.5007400,0.5011600,26959.4251200
2025-06-19 14:04:00,0.5011700,0.5016500,0.5011100,0.5015600,41482.3303800
2025-06-19 14:05:00,0.5016200,0.5020900,0.5013700,0.5017700,42927.9655800
2025-06-19 14:06:00,0.5018000,0.5022800,0.5016800,0.5019700,25942.9412600
2025-06-19 14:07:00,0.5020100,0.5024700,0.5010300,0.5010500,53997.1948500
2025-06-19 14:08:00,0.5011400,0.5013100,0.5007000,0.5007000,19980.7032300
2025-06-19 14:09:00,0.5007000,0.5010000,0.5003500,0.5009200,18276.9342400
2025-06-19 14:10:00,0.5009700,0.5015900,0.5007600,0.5009300,43675.9194500
2025-06-19 14:11:00,0.5009200,0.5017300,0.5005300,0.5016500,23427.3114700
2025-06-19 14:12:00,0.5017000,0.5017000,0.5011200,0.5013700,11568.5999800
2025-06-19 14:13:00,0.5013000,0.5015300,0.5010500,0.5015300,10090.0990500
2025-06-19 14:14:00,0.5015400,0.5023400,0.5015400,0.5023400,30021.0420700
2025-06-19 14:15:00,0.5023500,0.5026200,0.5015100,0.5015900,24496.4927900
2025-06-19 14:16:00,0.5016800,0.5024500,0.5013100,0.5023600,13838.6152300
2025-06-19 14:17:00,0.5023000,0.5023000,0.5015700,0.5019000,16847.0405500
2025-06-19 14:18:00,0.5019400,0.5020800,0.5015100,0.5016100,12504.9391700
2025-06-19 14:19:00,0.5016500,0.5025100,0.5010800,0.5025100,29280.2156300
2025-06-19 14:20:00,0.5023500,0.5023900,0.5016900,0.5016900,16950.7839000
2025-06-19 14:21:00,0.5017000,0.5017500,0.5008600,0.5008600,30558.8082300
2025-06-19 14:22:00,0.5009200,0.5013200,0.5003800,0.5003800,19614.4930000
2025-06-19 14:23:00,0.5003800,0.5005500,0.5000800,0.5001100,12680.5307400
2025-06-19 14:24:00,0.5001000,0.5003000,0.4996100,0.5000500,24540.7008000
2025-06-19 14:25:00,0.5000700,0.5003100,0.4992500,0.4994400,103331.4051400
2025-06-19 14:26:00,0.4994300,0.5000100,0.4991800,0.4999300,46837.7760500
2025-06-19 14:27:00,0.4999800,0.5001300,0.4992200,0.4998700,35975.9224700
2025-06-19 14:28:00,0.4998600,0.5000800,0.4996700,0.4998900,22950.4983900
2025-06-19 14:29:00,0.4998400,0.4999300,0.4993400,0.4995100,18067.1179700
2025-06-19 14:30:00,0.4994700,0.5007000,0.4991700,0.5005400,56937.1347100
2025-06-19 14:31:00,0.5005300,0.5005300,0.4993900,0.4996200,34483.3354900
2025-06-19 14:32:00,0.4996200,0.4997900,0.4993000,0.4993100,21129.4850500
2025-06-19 14:33:00,0.4993000,0.4996800,0.4992000,0.4994100,26759.1497500
2025-06-19 14:34:00,0.4993100,0.4994400,0.4989800,0.4993800,56350.6381700
2025-06-19 14:35:00,0.4993200,0.4996500,0.4991200,0.4995200,31747.5876200
2025-06-19 14:36:00,0.4995500,0.4999000,0.4992600,0.4992600,15243.3979800
2025-06-19 14:37:00,0.4992800,0.4994000,0.4990000,0.4991000,16411.6966600
2025-06-19 14:38:00,0.4990700,0.4994500,0.4989600,0.4991300,34096.1215500
2025-06-19 14:39:00,0.4991200,0.4992000,0.4976900,0.4988300,90029.3628800
2025-06-19 14:40:00,0.4987900,0.4987900,0.4978500,0.4980800,38243.2369300
2025-06-19 14:41:00,0.4980300,0.4980300,0.4972500,0.4977200,61617.9948200
2025-06-19 14:42:00,0.4976900,0.4979000,0.4973200,0.4976500,36384.6524900
2025-06-19 14:43:00,0.4976400,0.4977900,0.4972300,0.4974900,18180.7124200
2025-06-19 14:44:00,0.4976000,0.4977000,0.4971900,0.4971900,11964.0485700
2025-06-19 14:45:00,0.4973100,0.4974700,0.4966700,0.4967500,31267.5252800
2025-06-19 14:46:00,0.4967500,0.4970200,0.4959200,0.4968400,89429.9346200
2025-06-19 14:47:00,0.4968400,0.4971500,0.4967400,0.4967500,29948.3068000
2025-06-19 14:48:00,0.4966800,0.4967000,0.4959300,0.4964000,60038.6495600
2025-06-19 14:49:00,0.4964000,0.4972000,0.4963500,0.4972000,44185.6682500
2025-06-19 14:50:00,0.4971900,0.4976200,0.4969800,0.4974300,38767.3100700
2025-06-19 14:51:00,0.4973900,0.4987900,0.4973900,0.4985200,52099.1156500
2025-06-19 14:52:00,0.4985500,0.4985500,0.4977000,0.4981700,57996.4994000
2025-06-19 14:53:00,0.4981700,0.4985600,0.4975400,0.4975400,28656.8841800
2025-06-19 14:54:00,0.4976500,0.4984700,0.4960100,0.4972100,165356.7956900
2025-06-19 14:55:00,0.4972000,0.4972600,0.4960500,0.4962900,51591.8292100
2025-06-19 14:56:00,0.4962600,0.4968500,0.4957600,0.4959400,38882.8712300
2025-06-19 14:57:00,0.4959500,0.4961600,0.4956600,0.4960400,15855.2313600
2025-06-19 14:58:00,0.4960400,0.4960500,0.4953600,0.4958400,31571.2731900
2025-06-19 14:59:00,0.4958100,0.4965500,0.4958000,0.4963600,18009.5460000
2025-06-19 15:00:00,0.4963500,0.4973400,0.4963500,0.4971000,46820.4387100
2025-06-19 15:01:00,0.4970600,0.4970600,0.4954800,0.4961000,49225.5785300
2025-06-19 15:02:00,0.4961400,0.4961400,0.4950000,0.4950600,69371.3851800
2025-06-19 15:03:00,0.4950900,0.4959800,0.4947700,0.4948100,111103.6242500
2025-06-19 15:04:00,0.4948600,0.4951300,0.4946800,0.4949400,17214.2218100
2025-06-19 15:05:00,0.4949000,0.4949000,0.4940500,0.4945400,86239.6400500
2025-06-19 15:06:00,0.4945400,0.4947200,0.4940600,0.4941400,49897.0576300
2025-06-19 15:07:00,0.4941200,0.4949900,0.4941200,0.4948400,34796.2198500
2025-06-19 15:08:00,0.4948500,0.4963400,0.4948300,0.4961700,57583.3434500
2025-06-19 15:09:00,0.4961800,0.4972600,0.4961800,0.4972600,35367.0820500
2025-06-19 15:10:00,0.4972700,0.4975000,0.4968600,0.4973000,34424.9043900
2025-06-19 15:11:00,0.4974000,0.4987900,0.4973300,0.4983900,93400.9164100
2025-06-19 15:12:00,0.4983600,0.4996200,0.4983500,0.4995100,63379.4709200
2025-06-19 15:13:00,0.4994700,0.4994700,0.4974900,0.4979300,57772.5477500
2025-06-19 15:14:00,0.4978600,0.4992500,0.4970400,0.4988600,89099.2489600
2025-06-19 15:15:00,0.4988300,0.4988400,0.4979800,0.4985400,26939.5361900
2025-06-19 15:16:00,0.4985100,0.4985100,0.4973000,0.4975200,25320.1919600
2025-06-19 15:17:00,0.4975500,0.4977900,0.4972900,0.4976300,8514.0588500
2025-06-19 15:18:00,0.4976300,0.4983500,0.4973900,0.4980300,19745.9313800
2025-06-19 15:19:00,0.4980200,0.4984300,0.4977700,0.4984300,15758.3062100
2025-06-19 15:20:00,0.4984200,0.4988000,0.4981700,0.4987800,16327.9388700
2025-06-19 15:21:00,0.4987700,0.4994900,0.4987200,0.4992800,23258.0597000
2025-06-19 15:22:00,0.4991600,0.4992300,0.4986400,0.4989600,17421.7373100
2025-06-19 15:23:00,0.4989700,0.4990900,0.4980700,0.4982600,8604.1169000
2025-06-19 15:24:00,0.4982600,0.4982600,0.4970300,0.4970300,54666.1966000
2025-06-19 15:25:00,0.4970500,0.4973500,0.4969600,0.4973500,14937.5124600
2025-06-19 15:26:00,0.4973400,0.4981500,0.4969300,0.4970500,36329.4433400
2025-06-19 15:27:00,0.4970800,0.4977700,0.4970800,0.4974600,16498.9844300
2025-06-19 15:28:00,0.4974800,0.4978500,0.4973600,0.4976400,17727.5384400
2025-06-19 15:29:00,0.4976100,0.4982400,0.4974000,0.4976200,24528.7245400
2025-06-19 15:30:00,0.4976200,0.4984200,0.4975700,0.4980500,50673.9346300
2025-06-19 15:31:00,0.4978800,0.4981600,0.4975600,0.4978300,11920.3687600
2025-06-19 15:32:00,0.4978100,0.4979500,0.4970800,0.4972800,19380.1429500
2025-06-19 15:33:00,0.4972900,0.4975000,0.4969300,0.4969300,20894.6900700
2025-06-19 15:34:00,0.4969500,0.4969500,0.4959000,0.4961300,69831.0183300
2025-06-19 15:35:00,0.4961200,0.4963900,0.4957700,0.4960900,32921.5439600
2025-06-19 15:36:00,0.4961300,0.4966000,0.4958400,0.4958500,21398.3696100
2025-06-19 15:37:00,0.4958600,0.4960600,0.4955200,0.4958600,12348.0101900
2025-06-19 15:38:00,0.4959300,0.4962500,0.4956700,0.4956700,17679.3500300
2025-06-19 15:39:00,0.4957000,0.4958400,0.4951000,0.4951000,9311.3154300
2025-06-19 15:40:00,0.4952200,0.4953700,0.4950000,0.4951700,23813.1489400
2025-06-19 15:41:00,0.4951600,0.4951800,0.4945000,0.4945800,17982.2885000
2025-06-19 15:42:00,0.4945800,0.4946100,0.4939000,0.4941200,35235.8090000
2025-06-19 15:43:00,0.4940900,0.4944300,0.4937100,0.4938100,43448.9780300
2025-06-19 15:44:00,0.4938300,0.4941000,0.4938200,0.4941000,17524.1241700
2025-06-19 15:45:00,0.4940600,0.4940600,0.4935200,0.4937800,15362.1188400
2025-06-19 15:46:00,0.4937700,0.4941000,0.4934700,0.4935000,47051.3506500
2025-06-19 15:47:00,0.4934800,0.4940400,0.4931200,0.4936000,45689.4712500
2025-06-19 15:48:00,0.4935800,0.4939000,0.4934100,0.4936400,40809.8458500
2025-06-19 15:49:00,0.4936600,0.4947800,0.4918300,0.4922500,157131.3005600
2025-06-19 15:50:00,0.4922500,0.4934200,0.4922500,0.4931800,68296.3143900
2025-06-19 15:51:00,0.4931300,0.4933200,0.4922800,0.4926200,33391.7400300
2025-06-19 15:52:00,0.4926400,0.4933400,0.4923100,0.4932400,26580.6514600
2025-06-19 15:53:00,0.4932500,0.4937400,0.4932300,0.4933800,14606.2807700
2025-06-19 15:54:00,0.4933700,0.4933700,0.4928000,0.4930800,20415.6019400
2025-06-19 15:55:00,0.4931800,0.4932200,0.4924600,0.4927800,18130.1332400
2025-06-19 15:56:00,0.4927800,0.4930300,0.4925700,0.4928400,26924.2325300
2025-06-19 15:57:00,0.4928600,0.4930200,0.4926000,0.4929400,12939.3291500
2025-06-19 15:58:00,0.4929200,0.4932200,0.4927600,0.4928700,9096.0791400
2025-06-19 15:59:00,0.4927600,0.4931900,0.4925000,0.4930100,19877.4990600
2025-06-19 16:00:00,0.4930300,0.4938300,0.4929300,0.4930400,24317.1581000
2025-06-19 16:01:00,0.4930500,0.4936800,0.4926700,0.4933500,53588.8520600
2025-06-19 16:02:00,0.4933500,0.4954100,0.4932600,0.4954100,110979.5910300
2025-06-19 16:03:00,0.4953200,0.4959300,0.4950400,0.4956800,63793.7028400
2025-06-19 16:04:00,0.4956900,0.4956900,0.4948100,0.4948300,23677.6854500
2025-06-19 16:05:00,0.4948000,0.4950400,0.4938100,0.4950400,61434.3735200
2025-06-19 16:06:00,0.4950400,0.4950400,0.4939800,0.4940700,17207.6188800
2025-06-19 16:07:00,0.4940600,0.4944400,0.4930300,0.4935400,42454.5629900
2025-06-19 16:08:00,0.4936000,0.4939500,0.4935500,0.4936100,20257.6835200
2025-06-19 16:09:00,0.4936100,0.4936200,0.4927600,0.4928400,14644.0179600
2025-06-19 16:10:00,0.4928500,0.4934200,0.4928200,0.4929500,16041.0076900
2025-06-19 16:11:00,0.4929600,0.4934700,0.4927500,0.4931200,31196.7549400
2025-06-19 16:12:00,0.4931500,0.4935700,0.4924900,0.4925700,43435.5657100
2025-06-19 16:13:00,0.4926000,0.4926000,0.4922500,0.4924400,31138.9303200
2025-06-19 16:14:00,0.4923800,0.4931900,0.4922000,0.4929600,56586.7494300
2025-06-19 16:15:00,0.4929500,0.4932000,0.4915100,0.4923000,117445.2254400
2025-06-19 16:16:00,0.4922900,0.4928800,0.4915300,0.4916800,55020.0197900
2025-06-19 16:17:00,0.4918300,0.4924400,0.4916000,0.4924400,35422.5839600
2025-06-19 16:18:00,0.4924200,0.4924600,0.4920000,0.4920000,38283.0279100
2025-06-19 16:19:00,0.4921500,0.4925600,0.4917000,0.4917600,22444.4493200
2025-06-19 16:20:00,0.4917000,0.4917000,0.4911000,0.4913800,32918.0992700
2025-06-19 16:21:00,0.4913700,0.4920800,0.4912600,0.4915600,35013.7612700
2025-06-19 16:22:00,0.4915500,0.4915500,0.4898000,0.4907000,216301.3865300
2025-06-19 16:23:00,0.4907400,0.4912500,0.4905900,0.4911000,38771.8767800
2025-06-19 16:24:00,0.4911100,0.4914100,0.4907800,0.4911500,35108.8075400
2025-06-19 16:25:00,0.4911000,0.4912900,0.4906500,0.4910200,19699.8481300
2025-06-19 16:26:00,0.4910900,0.4919400,0.4910800,0.4913000,41683.6497300
2025-06-19 16:27:00,0.4913400,0.4920100,0.4907000,0.4920100,29362.2279300
2025-06-19 16:28:00,0.4920300,0.4923700,0.4916200,0.4919900,93062.0436600
2025-06-19 16:29:00,0.4919500,0.4926300,0.4917300,0.4917300,37351.0734800
2025-06-19 16:30:00,0.4917200,0.4917700,0.4906000,0.4909300,35041.4171000
2025-06-19 16:31:00,0.4909400,0.4912500,0.4903500,0.4905600,55261.8759500
2025-06-19 16:32:00,0.4905700,0.4910400,0.4903600,0.4909200,30471.4637300
2025-06-19 16:33:00,0.4909100,0.4912200,0.4894700,0.4898400,86911.3608100
2025-06-19 16:34:00,0.4897600,0.4902300,0.4890500,0.4895000,145505.9330600
2025-06-19 16:35:00,0.4895000,0.4897500,0.4865700,0.4875400,432869.7278300
2025-06-19 16:36:00,0.4874900,0.4879000,0.4873100,0.4874000,110819.9751200
2025-06-19 16:37:00,0.4873500,0.4883700,0.4870200,0.4882500,122364.3028800
2025-06-19 16:38:00,0.4882600,0.4892400,0.4881600,0.4883200,74117.3323400
2025-06-19 16:39:00,0.4883000,0.4885700,0.4870800,0.4881700,111924.6870500
2025-06-19 16:40:00,0.4881800,0.4881800,0.4875000,0.4876000,25058.4510800
2025-06-19 16:41:00,0.4876000,0.4884500,0.4876000,0.4884500,38599.1833700
2025-06-19 16:42:00,0.4884100,0.4888500,0.4879400,0.4881200,32215.7176400
2025-06-19 16:43:00,0.4881300,0.4888700,0.4878500,0.4888700,31411.1161400
2025-06-19 16:44:00,0.4888000,0.4894000,0.4884600,0.4888300,71634.4500200
2025-06-19 16:45:00,0.4888500,0.4898900,0.4888200,0.4888500,82329.4095700
2025-06-19 16:46:00,0.4888700,0.4891900,0.4881700,0.4883100,91740.4644400
2025-06-19 16:47:00,0.4883100,0.4883600,0.4868800,0.4870300,37672.4098600
2025-06-19 16:48:00,0.4870400,0.4876700,0.4868700,0.4869300,90247.5132200
2025-06-19 16:49:00,0.4869100,0.4874300,0.4868200,0.4870400,67555.2017300
2025-06-19 16:50:00,0.4872400,0.4880100,0.4870800,0.4874400,64452.9387300
2025-06-19 16:51:00,0.4874300,0.4876000,0.4868900,0.4872900,74490.7103800
2025-06-19 16:52:00,0.4873100,0.4873500,0.4865400,0.4871600,77329.7984600
2025-06-19 16:53:00,0.4871400,0.4871400,0.4846500,0.4852900,345449.9872600
2025-06-19 16:54:00,0.4853100,0.4853100,0.4836100,0.4846100,284095.3459900
2025-06-19 16:55:00,0.4847100,0.4847100,0.4828300,0.4838300,214015.9172200
2025-06-19 16:56:00,0.4839300,0.4843500,0.4830700,0.4842000,115938.7103500
2025-06-19 16:57:00,0.4842000,0.4842500,0.4830700,0.4836500,45088.1763400
2025-06-19 16:58:00,0.4835000,0.4840200,0.4833300,0.4834200,33204.8797300
2025-06-19 16:59:00,0.4834800,0.4842100,0.4829400,0.4832800,71214.3984600
2025-06-19 17:00:00,0.4831900,0.4831900,0.4817800,0.4824400,145013.8517900
2025-06-19 17:01:00,0.4824800,0.4827400,0.4812400,0.4826500,165483.7359900
2025-06-19 17:02:00,0.4826200,0.4833900,0.4822000,0.4830000,206948.7742300
2025-06-19 17:03:00,0.4829000,0.4835800,0.4825600,0.4833300,95695.0427700
2025-06-19 17:04:00,0.4833400,0.4841400,0.4833400,0.4838000,50787.9430400
2025-06-19 17:05:00,0.4839200,0.4857200,0.4839200,0.4854300,287393.1481500
2025-06-19 17:06:00,0.4854100,0.4861600,0.4846100,0.4852100,213180.7970100
2025-06-19 17:07:00,0.4852200,0.4860000,0.4848600,0.4860000,62504.2244800
2025-06-19 17:08:00,0.4860300,0.4865200,0.4854600,0.4856800,86735.8945600
2025-06-19 17:09:00,0.4856600,0.4860400,0.4847300,0.4853500,48976.6692100
2025-06-19 17:10:00,0.4853400,0.4858300,0.4851200,0.4855200,77925.1540000
2025-06-19 17:11:00,0.4855900,0.4866900,0.4855900,0.4866000,58198.6895900
2025-06-19 17:12:00,0.4866900,0.4869300,0.4863200,0.4867900,64998.1998900
2025-06-19 17:13:00,0.4867900,0.4876000,0.4865400,0.4873200,44663.4631000
2025-06-19 17:14:00,0.4873200,0.4884600,0.4871400,0.4874000,113996.2935600
2025-06-19 17:15:00,0.4874800,0.4880300,0.4869300,0.4871900,76806.9578000
2025-06-19 17:16:00,0.4872700,0.4872900,0.4860600,0.4861600,67925.7427900
2025-06-19 17:17:00,0.4861400,0.4867900,0.4859800,0.4861000,53633.5293600
2025-06-19 17:18:00,0.4863200,0.4863300,0.4855400,0.4861900,49875.3856400
2025-06-19 17:19:00,0.4861500,0.4871700,0.4860700,0.4868100,53160.8299300
2025-06-19 17:20:00,0.4868100,0.4869000,0.4860300,0.4861900,51939.6604900
2025-06-19 17:21:00,0.4862000,0.4873400,0.4862000,0.4872400,67719.5312900
2025-06-19 17:22:00,0.4872300,0.4886100,0.4872300,0.4884400,75179.7069700
2025-06-19 17:23:00,0.4885100,0.4900900,0.4883000,0.4897100,152052.8367900
2025-06-19 17:24:00,0.4897100,0.4901900,0.4887000,0.4894700,112522.8390200
2025-06-19 17:25:00,0.4894700,0.4913800,0.4894700,0.4913800,99527.8136100
2025-06-19 17:26:00,0.4913700,0.4928200,0.4904500,0.4906400,261502.5716400
2025-06-19 17:27:00,0.4905000,0.4916300,0.4900500,0.4901600,221988.9795500
2025-06-19 17:28:00,0.4901300,0.4905800,0.4900000,0.4900000,24532.9954900
2025-06-19 17:29:00,0.4900500,0.4900900,0.4892000,0.4894300,32761.9516600
2025-06-19 17:30:00,0.4894300,0.4898000,0.4892900,0.4898000,42227.6922300
2025-06-19 17:31:00,0.4898000,0.4904700,0.4894700,0.4895300,45757.5434700
2025-06-19 17:32:00,0.4895300,0.4895300,0.4873700,0.4874100,185965.6039000
2025-06-19 17:33:00,0.4875400,0.4883800,0.4860100,0.4861500,226024.2288400
2025-06-19 17:34:00,0.4860500,0.4862700,0.4852800,0.4852800,119426.2921600
2025-06-19 17:35:00,0.4855000,0.4862700,0.4853000,0.4857400,103591.2639400
2025-06-19 17:36:00,0.4856200,0.4858200,0.4850000,0.4853500,60950.3119600
2025-06-19 17:37:00,0.4852900,0.4863200,0.4852900,0.4862800,48990.2136700
2025-06-19 17:38:00,0.4861700,0.4862000,0.4847000,0.4849300,46078.0013700
2025-06-19 17:39:00,0.4848300,0.4855400,0.4842800,0.4843400,40277.7520500
2025-06-19 17:40:00,0.4843200,0.4844700,0.4837800,0.4841400,83701.5480300
2025-06-19 17:41:00,0.4841200,0.4855900,0.4840800,0.4847600,69660.2317800
2025-06-19 17:42:00,0.4847700,0.4853000,0.4844700,0.4852600,45628.2364400
2025-06-19 17:43:00,0.4851600,0.4851600,0.4840200,0.4849500,61848.8516700
2025-06-19 17:44:00,0.4849200,0.4852800,0.4845100,0.4850000,27407.2481800
2025-06-19 17:45:00,0.4850800,0.4853500,0.4843000,0.4851200,112467.9188900
2025-06-19 17:46:00,0.4851200,0.4851200,0.4843800,0.4845700,36004.7637600
2025-06-19 17:47:00,0.4845700,0.4845700,0.4834100,0.4835300,46727.8070000
2025-06-19 17:48:00,0.4834900,0.4837400,0.4832900,0.4834400,26620.1751400
2025-06-19 17:49:00,0.4833600,0.4837200,0.4832000,0.4834200,25317.9435500
2025-06-19 17:50:00,0.4833200,0.4835700,0.4826400,0.4829900,43951.5918400
2025-06-19 17:51:00,0.4829400,0.4831400,0.4822800,0.4825200,142319.4567700
2025-06-19 17:52:00,0.4825800,0.4829000,0.4821000,0.4827800,123028.3580400
2025-06-19 17:53:00,0.4828000,0.4828000,0.4821400,0.4828000,36294.8003500
2025-06-19 17:54:00,0.4827900,0.4838100,0.4825200,0.4838100,87783.6808200
2025-06-19 17:55:00,0.4837100,0.4843300,0.4831500,0.4835400,70465.1370300
2025-06-19 17:56:00,0.4835200,0.4839800,0.4831800,0.4837200,57994.6007900
2025-06-19 17:57:00,0.4837000,0.4841700,0.4833800,0.4840800,45641.8673900
2025-06-19 17:58:00,0.4840300,0.4840400,0.4825100,0.4826800,45915.4329400
2025-06-19 17:59:00,0.4826800,0.4833400,0.4826800,0.4832300,15441.3863200
2025-06-19 18:00:00,0.4832300,0.4840700,0.4832300,0.4837100,31007.6060900
2025-06-19 18:01:00,0.4837100,0.4846000,0.4836100,0.4843000,45145.0836000
2025-06-19 18:02:00,0.4843200,0.4851200,0.4838600,0.4850500,44934.9421400
2025-06-19 18:03:00,0.4850500,0.4858300,0.4850500,0.4852000,65379.7343600
2025-06-19 18:04:00,0.4851800,0.4863000,0.4851300,0.4861200,43814.3548900
2025-06-19 18:05:00,0.4861200,0.4861700,0.4858400,0.4861700,34003.9850900
2025-06-19 18:06:00,0.4861900,0.4862000,0.4850600,0.4855200,55261.8432400
2025-06-19 18:07:00,0.4854400,0.4859700,0.4852800,0.4859700,28765.8286800
2025-06-19 18:08:00,0.4859300,0.4859400,0.4845900,0.4848600,54326.2847200
2025-06-19 18:09:00,0.4848800,0.4852300,0.4848000,0.4849100,14721.0548900
2025-06-19 18:10:00,0.4849000,0.4849400,0.4844700,0.4845300,56439.1506200
2025-06-19 18:11:00,0.4845300,0.4848900,0.4841500,0.4845400,37921.3936000
2025-06-19 18:12:00,0.4845900,0.4850100,0.4841400,0.4847300,33783.9903400
2025-06-19 18:13:00,0.4848000,0.4859400,0.4847900,0.4856100,49676.5217500
2025-06-19 18:14:00,0.4856000,0.4867400,0.4854800,0.4860600,43446.9078600
2025-06-19 18:15:00,0.4859700,0.4872600,0.4857800,0.4869000,51469.9493600
2025-06-19 18:16:00,0.4868400,0.4874800,0.4864400,0.4867200,90224.0263400
2025-06-19 18:17:00,0.4867500,0.4879900,0.4867500,0.4877000,20827.7585500
2025-06-19 18:18:00,0.4876800,0.4877300,0.4867000,0.4868600,34605.0285200
2025-06-19 18:19:00,0.4868400,0.4873300,0.4861900,0.4871300,24053.9531000
2025-06-19 18:20:00,0.4869600,0.4871000,0.4860900,0.4865600,34035.0917200
2025-06-19 18:21:00,0.4865300,0.4869300,0.4862900,0.4868000,24385.2285100
2025-06-19 18:22:00,0.4869000,0.4886900,0.4869000,0.4884800,43059.2843500
2025-06-19 18:23:00,0.4883900,0.4895400,0.4881900,0.4886800,47851.7925600
2025-06-19 18:24:00,0.4886400,0.4889700,0.4884500,0.4886900,28613.0518500
2025-06-19 18:25:00,0.4887100,0.4899900,0.4887100,0.4896300,69734.2042500
2025-06-19 18:26:00,0.4895300,0.4896700,0.4888400,0.4895900,36684.6430600
2025-06-19 18:27:00,0.4895900,0.4899800,0.4894500,0.4895800,28815.4155600
2025-06-19 18:28:00,0.4895800,0.4895800,0.4890100,0.4892500,16212.3988900
2025-06-19 18:29:00,0.4892400,0.4898000,0.4891500,0.4894900,20659.4119100
2025-06-19 18:30:00,0.4895200,0.4899800,0.4892800,0.4893400,52200.0610500
2025-06-19 18:31:00,0.4893400,0.4898300,0.4893400,0.4893800,24750.5354100
2025-06-19 18:32:00,0.4893600,0.4899900,0.4892000,0.4897900,59400.7823800
2025-06-19 18:33:00,0.4897300,0.4900700,0.4893000,0.4899600,37618.5960600
2025-06-19 18:34:00,0.4900000,0.4904800,0.4900000,0.4902900,33929.2140100
2025-06-19 18:35:00,0.4904100,0.4906000,0.4899600,0.4903200,79333.4264500
2025-06-19 18:36:00,0.4902800,0.4907200,0.4901900,0.4907200,48095.0915500
2025-06-19 18:37:00,0.4906100,0.4908100,0.4903800,0.4907600,44442.3293900
2025-06-19 18:38:00,0.4907200,0.4907800,0.4901000,0.4902200,48350.7273300
2025-06-19 18:39:00,0.4902500,0.4909000,0.4901200,0.4901900,40278.7591700
2025-06-19 18:40:00,0.4901700,0.4904000,0.4892800,0.4895000,93551.9396400
2025-06-19 18:41:00,0.4895200,0.4903800,0.4895100,0.4900300,36319.6926700
2025-06-19 18:42:00,0.4899600,0.4901600,0.4895900,0.4898200,26435.7014300
2025-06-19 18:43:00,0.4898500,0.4899000,0.4895400,0.4897500,25085.7543300
2025-06-19 18:44:00,0.4896900,0.4903400,0.4895700,0.4898100,65485.1557500
2025-06-19 18:45:00,0.4898000,0.4898300,0.4867200,0.4883800,174218.7580900
2025-06-19 18:46:00,0.4883400,0.4888600,0.4878500,0.4887600,28039.6771500
2025-06-19 18:47:00,0.4887300,0.4896400,0.4882800,0.4894000,96449.7174400
2025-06-19 18:48:00,0.4893400,0.4905200,0.4892300,0.4905200,93347.0821200
2025-06-19 18:49:00,0.4905200,0.4914000,0.4903900,0.4909300,61910.7842600
2025-06-19 18:50:00,0.4909200,0.4913000,0.4906900,0.4907000,39960.0860000
2025-06-19 18:51:00,0.4907500,0.4913100,0.4902900,0.4907400,54658.5599200
2025-06-19 18:52:00,0.4907300,0.4907600,0.4894900,0.4894900,36375.3566000
2025-06-19 18:53:00,0.4895700,0.4897600,0.4884400,0.4886900,58201.1529000
2025-06-19 18:54:00,0.4888200,0.4897400,0.4885000,0.4893000,54445.2121900
2025-06-19 18:55:00,0.4892700,0.4907500,0.4888000,0.4894300,81784.2119100
2025-06-19 18:56:00,0.4895200,0.4899000,0.4885400,0.4891600,54386.9272300
2025-06-19 18:57:00,0.4891000,0.4895100,0.4889000,0.4890800,10595.5699400
2025-06-19 18:58:00,0.4891000,0.4892400,0.4880800,0.4881500,42607.4500600
2025-06-19 18:59:00,0.4881500,0.4902800,0.4881400,0.4902800,35639.1898300
2025-06-19 19:00:00,0.4902800,0.4916800,0.4902700,0.4914900,33108.6675000
2025-06-19 19:01:00,0.4914400,0.4917900,0.4904300,0.4908900,55472.5356700
2025-06-19 19:02:00,0.4909100,0.4916600,0.4901300,0.4903600,67034.6736300
2025-06-19 19:03:00,0.4903600,0.4903900,0.4897200,0.4901400,9971.1444200
2025-06-19 19:04:00,0.4900400,0.4900600,0.4892300,0.4896400,25492.4009400
2025-06-19 19:05:00,0.4896500,0.4912300,0.4896500,0.4908300,37270.6957500
2025-06-19 19:06:00,0.4908800,0.4913200,0.4903600,0.4904500,26725.9247000
2025-06-19 19:07:00,0.4904000,0.4905800,0.4900100,0.4901600,32712.9331300
2025-06-19 19:08:00,0.4901900,0.4911200,0.4900200,0.4910300,40784.3617100
2025-06-19 19:09:00,0.4910100,0.4911200,0.4902200,0.4910900,34378.0622500
2025-06-19 19:10:00,0.4910500,0.4923200,0.4909400,0.4921700,50357.3140300
2025-06-19 19:11:00,0.4921800,0.4938300,0.4921800,0.4935800,128804.5766300
2025-06-19 19:12:00,0.4936000,0.4944600,0.4935800,0.4936400,105970.2527600
2025-06-19 19:13:00,0.4937300,0.4954200,0.4937300,0.4950600,154732.3719700
2025-06-19 19:14:00,0.4949600,0.4957900,0.4948500,0.4954300,99195.2924400
2025-06-19 19:15:00,0.4955000,0.4960200,0.4946700,0.4953200,91150.9231900
2025-06-19 19:16:00,0.4953900,0.4982500,0.4951400,0.4979500,196604.1890500
2025-06-19 19:17:00,0.4979000,0.4985300,0.4967300,0.4978300,232179.8436000
2025-06-19 19:18:00,0.4979000,0.4981900,0.4956200,0.4956200,81827.0941200
2025-06-19 19:19:00,0.4956000,0.4956100,0.4936500,0.4936500,100532.2475100
2025-06-19 19:20:00,0.4936900,0.4937500,0.4923200,0.4937500,100711.5724300
2025-06-19 19:21:00,0.4937500,0.4939600,0.4924300,0.4932000,56324.8712100
2025-06-19 19:22:00,0.4931600,0.4943400,0.4916300,0.4917100,67518.5245400
2025-06-19 19:23:00,0.4916100,0.4926300,0.4915500,0.4921500,38766.0638200
2025-06-19 19:24:00,0.4921600,0.4924400,0.4917400,0.4918400,13618.6159700
2025-06-19 19:25:00,0.4918100,0.4925800,0.4918100,0.4924100,20431.1691900
2025-06-19 19:26:00,0.4924400,0.4926300,0.4921300,0.4922400,16897.5915600
2025-06-19 19:27:00,0.4922500,0.4927900,0.4920700,0.4920700,12482.7931200
2025-06-19 19:28:00,0.4920800,0.4925300,0.4917300,0.4919600,23876.0672400
2025-06-19 19:29:00,0.4919700,0.4922200,0.4917000,0.4919600,12063.8217800
2025-06-19 19:30:00,0.4919700,0.4924300,0.4915500,0.4920300,19592.4191400
2025-06-19 19:31:00,0.4920400,0.4923200,0.4918200,0.4918500,11472.2335800
2025-06-19 19:32:00,0.4918700,0.4918800,0.4910500,0.4915200,52022.6792300
2025-06-19 19:33:00,0.4915300,0.4928400,0.4913500,0.4919300,32080.7302700
2025-06-19 19:34:00,0.4919800,0.4925400,0.4919800,0.4922700,20482.2508300
2025-06-19 19:35:00,0.4923200,0.4929100,0.4922000,0.4927900,35960.6457000
2025-06-19 19:36:00,0.4927800,0.4931300,0.4921500,0.4924600,60066.4250400
2025-06-19 19:37:00,0.4924700,0.4924700,0.4911800,0.4915300,34228.7198400
2025-06-19 19:38:00,0.4915300,0.4915500,0.4910300,0.4913000,13768.5360600
2025-06-19 19:39:00,0.4913500,0.4914900,0.4910100,0.4914900,21001.7163700
2025-06-19 19:40:00,0.4914600,0.4923700,0.4913200,0.4923700,25227.4452100
2025-06-19 19:41:00,0.4923800,0.4929700,0.4918900,0.4922400,86700.5526900
2025-06-19 19:42:00,0.4922400,0.4932300,0.4919300,0.4932200,25808.9287600
2025-06-19 19:43:00,0.4932200,0.4938400,0.4931900,0.4938400,39799.0123500
2025-06-19 19:44:00,0.4938300,0.4947400,0.4938300,0.4943600,22862.4298800
2025-06-19 19:45:00,0.4943300,0.4945900,0.4930200,0.4930200,26004.6220400
2025-06-19 19:46:00,0.4930800,0.4933100,0.4926600,0.4927800,26291.2260800
2025-06-19 19:47:00,0.4927900,0.4939200,0.4927900,0.4930400,25010.5988100
2025-06-19 19:48:00,0.4930700,0.4933300,0.4923500,0.4929400,23197.6727300
2025-06-19 19:49:00,0.4929600,0.4930300,0.4920900,0.4924300,39882.1766100
2025-06-19 19:50:00,0.4924400,0.4926200,0.4919800,0.4921700,12218.9828000
2025-06-19 19:51:00,0.4922000,0.4922200,0.4906800,0.4917300,83466.9475800
2025-06-19 19:52:00,0.4917600,0.4922400,0.4913000,0.4913800,26876.4417000
2025-06-19 19:53:00,0.4914000,0.4916300,0.4908000,0.4912500,37830.4305800
2025-06-19 19:54:00,0.4912200,0.4913600,0.4907400,0.4910000,38772.0970500
2025-06-19 19:55:00,0.4910900,0.4912600,0.4908800,0.4909900,18723.0485200
2025-06-19 19:56:00,0.4910800,0.4916700,0.4907300,0.4910100,47949.9330100
2025-06-19 19:57:00,0.4909400,0.4912800,0.4903700,0.4912500,76361.7548000
2025-06-19 19:58:00,0.4912800,0.4912800,0.4906000,0.4906800,23466.8186300
2025-06-19 19:59:00,0.4907100,0.4907300,0.4892400,0.4903100,93519.6723700
2025-06-19 20:00:00,0.4904800,0.4907700,0.4896500,0.4898000,45253.1901400
2025-06-19 20:01:00,0.4898800,0.4901500,0.4895400,0.4899600,61221.2161700
2025-06-19 20:02:00,0.4899600,0.4905600,0.4899600,0.4905200,51236.8349700
2025-06-19 20:03:00,0.4905600,0.4905900,0.4882500,0.4887300,47126.1775200
2025-06-19 20:04:00,0.4887500,0.4891500,0.4864100,0.4867700,153709.2363500
2025-06-19 20:05:00,0.4867700,0.4872800,0.4853800,0.4861800,81665.3584900
2025-06-19 20:06:00,0.4861700,0.4866600,0.4860500,0.4864900,38816.7964000
2025-06-19 20:07:00,0.4864600,0.4867700,0.4856300,0.4864100,83208.4514200
2025-06-19 20:08:00,0.4864200,0.4866800,0.4850900,0.4853200,50893.0453300
2025-06-19 20:09:00,0.4853500,0.4862200,0.4853500,0.4856600,36790.4629000
2025-06-19 20:10:00,0.4856600,0.4869300,0.4852000,0.4869300,35593.1102300
2025-06-19 20:11:00,0.4869300,0.4876900,0.4867500,0.4876900,58841.4160700
2025-06-19 20:12:00,0.4876900,0.4883900,0.4876900,0.4880100,18154.4309800
2025-06-19 20:13:00,0.4880500,0.4880900,0.4866300,0.4871700,47952.9690400
2025-06-19 20:14:00,0.4871700,0.4872800,0.4865200,0.4870600,20624.0985100
2025-06-19 20:15:00,0.4870800,0.4884500,0.4870800,0.4880000,65666.7410200
2025-06-19 20:16:00,0.4880000,0.4883900,0.4878500,0.4879300,39492.9252100
2025-06-19 20:17:00,0.4879300,0.4881100,0.4874900,0.4880100,18369.6180600
2025-06-19 20:18:00,0.4880100,0.4880400,0.4870200,0.4870200,11190.4354100
2025-06-19 20:19:00,0.4870200,0.4880400,0.4870200,0.4880400,23189.1078100
2025-06-19 20:20:00,0.4879900,0.4880500,0.4871300,0.4871500,31230.7379700
2025-06-19 20:21:00,0.4872400,0.4879000,0.4872400,0.4873500,21205.8381000
2025-06-19 20:22:00,0.4873200,0.4875500,0.4871900,0.4875300,14031.6174600
2025-06-19 20:23:00,0.4874800,0.4879900,0.4870500,0.4870500,16578.3076900
2025-06-19 20:24:00,0.4870500,0.4873300,0.4867300,0.4872300,20832.2942400
2025-06-19 20:25:00,0.4871900,0.4882800,0.4871300,0.4881600,13145.6674900
2025-06-19 20:26:00,0.4882800,0.4887500,0.4876600,0.4877000,24249.0460500
2025-06-19 20:27:00,0.4876600,0.4877000,0.4868500,0.4870000,19710.8011400
2025-06-19 20:28:00,0.4870100,0.4876300,0.4870000,0.4875900,14352.4638700
2025-06-19 20:29:00,0.4876000,0.4876700,0.4870000,0.4870000,14620.0839700
2025-06-19 20:30:00,0.4869900,0.4877500,0.4868600,0.4868600,31197.6364500
2025-06-19 20:31:00,0.4868700,0.4873500,0.4868000,0.4868000,20453.3887200
2025-06-19 20:32:00,0.4868200,0.4881000,0.4868200,0.4876600,14449.5620400
2025-06-19 20:33:00,0.4878000,0.4885200,0.4871300,0.4884400,28652.9277000
2025-06-19 20:34:00,0.4885100,0.4910400,0.4883200,0.4904000,147129.6653700
2025-06-19 20:35:00,0.4905700,0.4913800,0.4897300,0.4908200,121160.8226200
2025-06-19 20:36:00,0.4909600,0.4947200,0.4909400,0.4937500,254055.8401400
2025-06-19 20:37:00,0.4937800,0.4940200,0.4918600,0.4926600,163998.5240600
2025-06-19 20:38:00,0.4925600,0.4926200,0.4909800,0.4919500,189200.5244900
2025-06-19 20:39:00,0.4920100,0.4920100,0.4887200,0.4889200,135481.0346600
2025-06-19 20:40:00,0.4889200,0.4898400,0.4889200,0.4893100,82194.6036800
2025-06-19 20:41:00,0.4894000,0.4912900,0.4892600,0.4904900,64187.4981500
2025-06-19 20:42:00,0.4905000,0.4905300,0.4890000,0.4898400,40244.6856500
2025-06-19 20:43:00,0.4898800,0.4907800,0.4896900,0.4907800,32994.0730200
2025-06-19 20:44:00,0.4908000,0.4909100,0.4898700,0.4902000,27585.3834800
2025-06-19 20:45:00,0.4901800,0.4911700,0.4901800,0.4909000,34724.1002700
2025-06-19 20:46:00,0.4909200,0.4922900,0.4908100,0.4920300,33068.0794400
2025-06-19 20:47:00,0.4920200,0.4926000,0.4915400,0.4920000,65011.1114600
2025-06-19 20:48:00,0.4920400,0.4920400,0.4901900,0.4903600,64123.1395900
2025-06-19 20:49:00,0.4904600,0.4906600,0.4898000,0.4899300,40456.5971800
2025-06-19 20:50:00,0.4899200,0.4900700,0.4881000,0.4881900,53407.6422100
2025-06-19 20:51:00,0.4881900,0.4891500,0.4874600,0.4884600,91626.8647900
2025-06-19 20:52:00,0.4884700,0.4886300,0.4880000,0.4882000,32128.0935300
2025-06-19 20:53:00,0.4881900,0.4893900,0.4879200,0.4885400,38426.8722100
2025-06-19 20:54:00,0.4886100,0.4893400,0.4883000,0.4892400,43463.0362000
2025-06-19 20:55:00,0.4892100,0.4893600,0.4880100,0.4882500,47989.7758200
2025-06-19 20:56:00,0.4883400,0.4883800,0.4863000,0.4865100,44344.9624500
2025-06-19 20:57:00,0.4865300,0.4876600,0.4862900,0.4875400,65529.5108700
2025-06-19 20:58:00,0.4876100,0.4876200,0.4863600,0.4864000,54674.8035000
2025-06-19 20:59:00,0.4864100,0.4870900,0.4864100,0.4866100,32973.7956000
2025-06-19 21:00:00,0.4866000,0.4874400,0.4861100,0.4872100,58662.8242000
2025-06-19 21:01:00,0.4872100,0.4872100,0.4864600,0.4866500,21505.7554400
2025-06-19 21:02:00,0.4865800,0.4868500,0.4859400,0.4868400,34864.3863300
2025-06-19 21:03:00,0.4867700,0.4876400,0.4867700,0.4870500,19882.9465900
2025-06-19 21:04:00,0.4870300,0.4878400,0.4868800,0.4876800,52371.6587300
2025-06-19 21:05:00,0.4877400,0.4897600,0.4873100,0.4891400,102287.6711000
2025-06-19 21:06:00,0.4891700,0.4891700,0.4882600,0.4883200,76773.6862600
2025-06-19 21:07:00,0.4883200,0.4889000,0.4881600,0.4885000,46106.4765300
2025-06-19 21:08:00,0.4884700,0.4894400,0.4881500,0.4884100,49451.2849200
2025-06-19 21:09:00,0.4886000,0.4887700,0.4860700,0.4862800,183557.4121100
2025-06-19 21:10:00,0.4862800,0.4872700,0.4857000,0.4863000,152193.3817900
2025-06-19 21:11:00,0.4862800,0.4875400,0.4855200,0.4862800,126352.1826000
2025-06-19 21:12:00,0.4862600,0.4867800,0.4859100,0.4864300,53995.8351600
2025-06-19 21:13:00,0.4864800,0.4867500,0.4856800,0.4865800,41423.0016400
2025-06-19 21:14:00,0.4865100,0.4872900,0.4861600,0.4861600,33336.7387600
2025-06-19 21:15:00,0.4862500,0.4880200,0.4862500,0.4875600,95490.7019200
2025-06-19 21:16:00,0.4877300,0.4877300,0.4852600,0.4854200,99913.2292800
2025-06-19 21:17:00,0.4854400,0.4860000,0.4851800,0.4856100,52428.2143700
2025-06-19 21:18:00,0.4855600,0.4862400,0.4852100,0.4852900,38424.6955100
2025-06-19 21:19:00,0.4852700,0.4855200,0.4843800,0.4848900,66661.7060000
2025-06-19 21:20:00,0.4849300,0.4850100,0.4843400,0.4847400,49207.3849500
2025-06-19 21:21:00,0.4847700,0.4848500,0.4841300,0.4847800,29135.2510500
2025-06-19 21:22:00,0.4847900,0.4852300,0.4841800,0.4844000,33540.9416600
2025-06-19 21:23:00,0.4843900,0.4848100,0.4842700,0.4845300,38541.0868700
2025-06-19 21:24:00,0.4845000,0.4847900,0.4842000,0.4842000,35201.8068300
2025-06-19 21:25:00,0.4841900,0.4842600,0.4835600,0.4841200,34079.3369500
2025-06-19 21:26:00,0.4840500,0.4841100,0.4836600,0.4837400,26610.8859300
2025-06-19 21:27:00,0.4837500,0.4839700,0.4836500,0.4839000,29213.0722000
2025-06-19 21:28:00,0.4839000,0.4846400,0.4838000,0.4838700,55162.9716800
2025-06-19 21:29:00,0.4839000,0.4839800,0.4834100,0.4838800,29705.7894800
2025-06-19 21:30:00,0.4839100,0.4843400,0.4838000,0.4843300,39417.8004400
2025-06-19 21:31:00,0.4843300,0.4845100,0.4838500,0.4838700,31708.2500200
2025-06-19 21:32:00,0.4838700,0.4842100,0.4830700,0.4832000,81195.0448200
2025-06-19 21:33:00,0.4831400,0.4831700,0.4826200,0.4826800,61585.2488500
2025-06-19 21:34:00,0.4827200,0.4834200,0.4825000,0.4827200,91747.0399800
2025-06-19 21:35:00,0.4827500,0.4847300,0.4827500,0.4846800,54912.8566500
2025-06-19 21:36:00,0.4846100,0.4846600,0.4836500,0.4836500,29788.2713300
2025-06-19 21:37:00,0.4837300,0.4838000,0.4833900,0.4834200,20017.2759400
2025-06-19 21:38:00,0.4834300,0.4834300,0.4827400,0.4828600,28118.9142200
2025-06-19 21:39:00,0.4828700,0.4832000,0.4825900,0.4831900,28878.4729200
2025-06-19 21:40:00,0.4831400,0.4833000,0.4829000,0.4832700,14916.3433300
2025-06-19 21:41:00,0.4832600,0.4832600,0.4821100,0.4823800,32847.0679900
2025-06-19 21:42:00,0.4823900,0.4827600,0.4823900,0.4826700,26521.3334200
2025-06-19 21:43:00,0.4827500,0.4835400,0.4827400,0.4829600,22690.2803400
2025-06-19 21:44:00,0.4830500,0.4830500,0.4821600,0.4824000,24353.6962900
2025-06-19 21:45:00,0.4823600,0.4825800,0.4821400,0.4825800,18788.4260600
2025-06-19 21:46:00,0.4824600,0.4829600,0.4817700,0.4818400,70011.7882600
2025-06-19 21:47:00,0.4818700,0.4820700,0.4802400,0.4805800,318838.2450900
2025-06-19 21:48:00,0.4805000,0.4806500,0.4786400,0.4792100,263966.7407300
2025-06-19 21:49:00,0.4792300,0.4792600,0.4782300,0.4791800,82202.0926100
2025-06-19 21:50:00,0.4791800,0.4800000,0.4791800,0.4794100,53830.6317300
2025-06-19 21:51:00,0.4794200,0.4795300,0.4771400,0.4772600,89190.0997100
2025-06-19 21:52:00,0.4771400,0.4779200,0.4758600,0.4772700,274363.3713100
2025-06-19 21:53:00,0.4772700,0.4777900,0.4769500,0.4773100,40517.1508900
2025-06-19 21:54:00,0.4773700,0.4780400,0.4772500,0.4780300,43226.4953000
2025-06-19 21:55:00,0.4779500,0.4780900,0.4776200,0.4780200,30059.6514200
2025-06-19 21:56:00,0.4780100,0.4780900,0.4775100,0.4775700,37259.9090200
2025-06-19 21:57:00,0.4775700,0.4780200,0.4771600,0.4779300,33865.7810700
2025-06-19 21:58:00,0.4779300,0.4790500,0.4779000,0.4789000,33674.9131100
2025-06-19 21:59:00,0.4789100,0.4797200,0.4787900,0.4790900,104701.9270300
2025-06-19 22:00:00,0.4790900,0.4803000,0.4790300,0.4797700,109873.4234100
2025-06-19 22:01:00,0.4798100,0.4809200,0.4792300,0.4805500,34789.7948100
2025-06-19 22:02:00,0.4805700,0.4826700,0.4805700,0.4821400,110004.6590700
2025-06-19 22:03:00,0.4820900,0.4838200,0.4820900,0.4836300,105412.6022400
2025-06-19 22:04:00,0.4835800,0.4837000,0.4821700,0.4823400,39934.3757600
2025-06-19 22:05:00,0.4823600,0.4830400,0.4809800,0.4815000,126043.9562800
2025-06-19 22:06:00,0.4814200,0.4817000,0.4812900,0.4815300,15762.1465800
2025-06-19 22:07:00,0.4815300,0.4815300,0.4809000,0.4811000,25153.0752100
2025-06-19 22:08:00,0.4811000,0.4814400,0.4802600,0.4812200,78857.2725500
2025-06-19 22:09:00,0.4812300,0.4818000,0.4807100,0.4814600,38787.4079400
2025-06-19 22:10:00,0.4813700,0.4816300,0.4802400,0.4802400,37914.7984800
2025-06-19 22:11:00,0.4802400,0.4813800,0.4802400,0.4811800,17761.4102100
2025-06-19 22:12:00,0.4811900,0.4823000,0.4811900,0.4819600,14931.1608900
2025-06-19 22:13:00,0.4819200,0.4819700,0.4811100,0.4817200,45775.6698100
2025-06-19 22:14:00,0.4816700,0.4826200,0.4816700,0.4820200,30982.6522600
2025-06-19 22:15:00,0.4820400,0.4826200,0.4810900,0.4813900,42689.5858800
2025-06-19 22:16:00,0.4813800,0.4814100,0.4796100,0.4799200,100739.5647400
2025-06-19 22:17:00,0.4799200,0.4806500,0.4799200,0.4803200,26027.9870400
2025-06-19 22:18:00,0.4803100,0.4809600,0.4798600,0.4798600,29455.2797300
2025-06-19 22:19:00,0.4798600,0.4799400,0.4793000,0.4797900,19166.2019600
2025-06-19 22:20:00,0.4798500,0.4798500,0.4790000,0.4792700,22357.5672300
2025-06-19 22:21:00,0.4792800,0.4793600,0.4787700,0.4790900,28174.4613700
2025-06-19 22:22:00,0.4791100,0.4799000,0.4787200,0.4794600,82247.7946300
2025-06-19 22:23:00,0.4795200,0.4797400,0.4790200,0.4790500,17773.3981800
2025-06-19 22:24:00,0.4791100,0.4797500,0.4790500,0.4794200,17105.4521700
2025-06-19 22:25:00,0.4793700,0.4799000,0.4793000,0.4799000,16710.2779700
2025-06-19 22:26:00,0.4799100,0.4801100,0.4792200,0.4800800,13576.0930700
2025-06-19 22:27:00,0.4800500,0.4800500,0.4792400,0.4792400,37205.4146700
2025-06-19 22:28:00,0.4792400,0.4793100,0.4789500,0.4791000,21567.5759100
2025-06-19 22:29:00,0.4791000,0.4793500,0.4785900,0.4787400,32080.2292700
2025-06-19 22:30:00,0.4787700,0.4796200,0.4787600,0.4789900,44099.5301500
2025-06-19 22:31:00,0.4790400,0.4790400,0.4781000,0.4782500,25021.8377500
2025-06-19 22:32:00,0.4782300,0.4785900,0.4758400,0.4760800,199463.9456600
2025-06-19 22:33:00,0.4761100,0.4764400,0.4723000,0.4739600,692386.8856200
2025-06-19 22:34:00,0.4739400,0.4750300,0.4734600,0.4750300,76904.8871700
2025-06-19 22:35:00,0.4749900,0.4754700,0.4748100,0.4749400,64606.1877000
2025-06-19 22:36:00,0.4749500,0.4759000,0.4744100,0.4758300,90988.7631800
2025-06-19 22:37:00,0.4758200,0.4759800,0.4744500,0.4746100,58069.0723900
2025-06-19 22:38:00,0.4745800,0.4749300,0.4744200,0.4747400,19292.1891900
2025-06-19 22:39:00,0.4746900,0.4746900,0.4742000,0.4742200,27366.1997700
2025-06-19 22:40:00,0.4742400,0.4745900,0.4731900,0.4740000,48384.6599600
2025-06-19 22:41:00,0.4740000,0.4740100,0.4732100,0.4737700,70834.8622300
2025-06-19 22:42:00,0.4736800,0.4736800,0.4732600,0.4736100,20168.6980500
2025-06-19 22:43:00,0.4735000,0.4735600,0.4731200,0.4733900,36507.1879100
2025-06-19 22:44:00,0.4733900,0.4735700,0.4725600,0.4727700,67425.7019300
2025-06-19 22:45:00,0.4727300,0.4730000,0.4724800,0.4728400,42217.4854200
2025-06-19 22:46:00,0.4728800,0.4738300,0.4725200,0.4736100,99412.3719200
2025-06-19 22:47:00,0.4737000,0.4740300,0.4731700,0.4731700,47046.2089300
2025-06-19 22:48:00,0.4733000,0.4736200,0.4732000,0.4735600,39869.0057200
2025-06-19 22:49:00,0.4735400,0.4740200,0.4728800,0.4733900,102731.4274700
2025-06-19 22:50:00,0.4733800,0.4735300,0.4723200,0.4731300,98334.8180900
2025-06-19 22:51:00,0.4731400,0.4731900,0.4721600,0.4724100,67967.6267200
2025-06-19 22:52:00,0.4724200,0.4727000,0.4720200,0.4721500,47687.4563400
2025-06-19 22:53:00,0.4721600,0.4722300,0.4710400,0.4711700,58392.0145000
2025-06-19 22:54:00,0.4711500,0.4716300,0.4709300,0.4711200,69071.0234100
2025-06-19 22:55:00,0.4711500,0.4724800,0.4711000,0.4723100,55552.7919100
2025-06-19 22:56:00,0.4723100,0.4729600,0.4722300,0.4726400,32936.5208700
2025-06-19 22:57:00,0.4726300,0.4733900,0.4726300,0.4727400,47762.8768400
2025-06-19 22:58:00,0.4727400,0.4727500,0.4716800,0.4717500,44116.5730000
2025-06-19 22:59:00,0.4717300,0.4717400,0.4712000,0.4714800,28899.7828200
2025-06-19 23:00:00,0.4714800,0.4718700,0.4711300,0.4711300,38620.4179600
2025-06-19 23:01:00,0.4711400,0.4727300,0.4711300,0.4724100,63441.3474800
2025-06-19 23:02:00,0.4724300,0.4725600,0.4717600,0.4719500,52637.2729300
2025-06-19 23:03:00,0.4719100,0.4719200,0.4711100,0.4711900,20976.5396600
2025-06-19 23:04:00,0.4711900,0.4720100,0.4711300,0.4719600,47434.3286700
2025-06-19 23:05:00,0.4719300,0.4726300,0.4718100,0.4721700,44712.7659000
2025-06-19 23:06:00,0.4721800,0.4725100,0.4717700,0.4718200,27035.7369900
2025-06-19 23:07:00,0.4718100,0.4720000,0.4717600,0.4719000,30648.8686900
2025-06-19 23:08:00,0.4718800,0.4738400,0.4717100,0.4738400,160822.4981200
2025-06-19 23:09:00,0.4738400,0.4738400,0.4730100,0.4731200,35383.2430500
2025-06-19 23:10:00,0.4731200,0.4735600,0.4730100,0.4735200,62240.7776300
2025-06-19 23:11:00,0.4734800,0.4735300,0.4729600,0.4734400,24732.6813100
2025-06-19 23:12:00,0.4734500,0.4749100,0.4732100,0.4746800,74278.9593100
2025-06-19 23:13:00,0.4748400,0.4750100,0.4732400,0.4739800,66900.8407200
2025-06-19 23:14:00,0.4739700,0.4743000,0.4733900,0.4738500,34015.0769300
2025-06-19 23:15:00,0.4738200,0.4744000,0.4735200,0.4744000,25719.6112300
2025-06-19 23:16:00,0.4744300,0.4750100,0.4741000,0.4748200,42823.8995500
2025-06-19 23:17:00,0.4748100,0.4757000,0.4743700,0.4744600,71012.7062900
2025-06-19 23:18:00,0.4744300,0.4744400,0.4738900,0.4739900,61241.3495000
2025-06-19 23:19:00,0.4740400,0.4744600,0.4735500,0.4744100,22336.5612500
2025-06-19 23:20:00,0.4743900,0.4746500,0.4741600,0.4742900,39161.0869200
2025-06-19 23:21:00,0.4743100,0.4743100,0.4738000,0.4741800,29075.7386600
2025-06-19 23:22:00,0.4741700,0.4755200,0.4741300,0.4741600,34265.0572300
2025-06-19 23:23:00,0.4741600,0.4741600,0.4731500,0.4736400,44226.8758300
2025-06-19 23:24:00,0.4736000,0.4736900,0.4727600,0.4727600,24787.2289200
2025-06-19 23:25:00,0.4728700,0.4729500,0.4720100,0.4721800,41929.3878600
2025-06-19 23:26:00,0.4722600,0.4722600,0.4714200,0.4719500,70504.7167300
2025-06-19 23:27:00,0.4718400,0.4727700,0.4716900,0.4722600,28384.9620600
2025-06-19 23:28:00,0.4723100,0.4733000,0.4720200,0.4731500,41005.6707300
2025-06-19 23:29:00,0.4731500,0.4744000,0.4731500,0.4744000,36077.8422300
2025-06-19 23:30:00,0.4744200,0.4747000,0.4732500,0.4733600,35950.0585800
2025-06-19 23:31:00,0.4733400,0.4745100,0.4732600,0.4744300,37703.3078600
2025-06-19 23:32:00,0.4744200,0.4744200,0.4735100,0.4743600,34944.2868100
2025-06-19 23:33:00,0.4743300,0.4743300,0.4734400,0.4738300,11141.7390000
2025-06-19 23:34:00,0.4738100,0.4743100,0.4738100,0.4741800,18251.3676500
2025-06-19 23:35:00,0.4741800,0.4741800,0.4733700,0.4733700,26763.5019800
2025-06-19 23:36:00,0.4734700,0.4737100,0.4734400,0.4734400,7520.3672400
2025-06-19 23:37:00,0.4734300,0.4734300,0.4723700,0.4727400,28427.3118100
2025-06-19 23:38:00,0.4727400,0.4730300,0.4725400,0.4730200,10001.8047800
2025-06-19 23:39:00,0.4729900,0.4731600,0.4725800,0.4725900,36134.2708900
2025-06-19 23:40:00,0.4726500,0.4728300,0.4724000,0.4724000,18180.9702800
2025-06-19 23:41:00,0.4724900,0.4724900,0.4715000,0.4717000,17588.3004400
2025-06-19 23:42:00,0.4716900,0.4721600,0.4713200,0.4720900,31697.2954200
2025-06-19 23:43:00,0.4720800,0.4724200,0.4718200,0.4723800,25958.1475100
2025-06-19 23:44:00,0.4723500,0.4724100,0.4719600,0.4719600,18444.2942600
2025-06-19 23:45:00,0.4719700,0.4725000,0.4714300,0.4715400,43459.2895400
2025-06-19 23:46:00,0.4715300,0.4715300,0.4711600,0.4713600,20363.5092900
2025-06-19 23:47:00,0.4713500,0.4714300,0.4710500,0.4711200,21728.4753500
2025-06-19 23:48:00,0.4711600,0.4719200,0.4711300,0.4718600,31503.7437300
2025-06-19 23:49:00,0.4719400,0.4731100,0.4717600,0.4727600,31889.0200300
2025-06-19 23:50:00,0.4727500,0.4732200,0.4723800,0.4726700,45090.1544400
2025-06-19 23:51:00,0.4726000,0.4732800,0.4719600,0.4721600,63193.4636400
2025-06-19 23:52:00,0.4721700,0.4733200,0.4716000,0.4729100,21626.5628700
2025-06-19 23:53:00,0.4728700,0.4730100,0.4721500,0.4723200,15797.0549700
2025-06-19 23:54:00,0.4723200,0.4727300,0.4721800,0.4723200,13999.2314500
2025-06-19 23:55:00,0.4723000,0.4727100,0.4718600,0.4720300,27401.1431500
2025-06-19 23:56:00,0.4720300,0.4720300,0.4717700,0.4718500,9275.7357200
2025-06-19 23:57:00,0.4718600,0.4721500,0.4714400,0.4716000,32306.8459400
2025-06-19 23:58:00,0.4716500,0.4717300,0.4709600,0.4711000,41161.3211500
2025-06-19 23:59:00,0.4711500,0.4715000,0.4705900,0.4715000,65775.1227400
2025-06-20 00:00:00,0.4714700,0.4725400,0.4714700,0.4725400,48424.1571200
2025-06-20 00:01:00,0.4725600,0.4727000,0.4721400,0.4726400,26753.4375700
2025-06-20 00:02:00,0.4726400,0.4735000,0.4726400,0.4731100,39784.3690700
2025-06-20 00:03:00,0.4731100,0.4743700,0.4731100,0.4740400,30444.4257000
2025-06-20 00:04:00,0.4740200,0.4744500,0.4740200,0.4740700,28818.2333500
2025-06-20 00:05:00,0.4740800,0.4748800,0.4733300,0.4734100,56208.8934700
2025-06-20 00:06:00,0.4734000,0.4739500,0.4730300,0.4737100,73703.1521500
2025-06-20 00:07:00,0.4736400,0.4739600,0.4735600,0.4738200,40162.3534700
2025-06-20 00:08:00,0.4738100,0.4738100,0.4734200,0.4735200,12322.0308400
2025-06-20 00:09:00,0.4735200,0.4736800,0.4725800,0.4726500,47078.2719400
2025-06-20 00:10:00,0.4726400,0.4730200,0.4718100,0.4719200,103873.6280400
2025-06-20 00:11:00,0.4719100,0.4724500,0.4717600,0.4719600,36211.6446300
2025-06-20 00:12:00,0.4719600,0.4724500,0.4716100,0.4716100,42171.9761800
2025-06-20 00:13:00,0.4716300,0.4718500,0.4713400,0.4713700,25700.7601100
2025-06-20 00:14:00,0.4713700,0.4714000,0.4686400,0.4690400,270361.4962800
2025-06-20 00:15:00,0.4691200,0.4700800,0.4691200,0.4696000,30754.6231200
2025-06-20 00:16:00,0.4696400,0.4704100,0.4696400,0.4702800,19205.6064900
2025-06-20 00:17:00,0.4702900,0.4703300,0.4698400,0.4702200,16919.9323100
2025-06-20 00:18:00,0.4702100,0.4702100,0.4692700,0.4698300,22784.3764200
2025-06-20 00:19:00,0.4699100,0.4704300,0.4692400,0.4703000,89777.3690800
2025-06-20 00:20:00,0.4703000,0.4703200,0.4697200,0.4700500,19347.6573000
2025-06-20 00:21:00,0.4700800,0.4703000,0.4698400,0.4699200,13709.4649000
2025-06-20 00:22:00,0.4699500,0.4699500,0.4692600,0.4693200,56315.7640700
2025-06-20 00:23:00,0.4693000,0.4699700,0.4686400,0.4691000,64160.4303500
2025-06-20 00:24:00,0.4690900,0.4710100,0.4690900,0.4709500,93549.6093200
2025-06-20 00:25:00,0.4709900,0.4723600,0.4709900,0.4721600,60972.2869300
2025-06-20 00:26:00,0.4721800,0.4721800,0.4705400,0.4710000,43440.9615000
2025-06-20 00:27:00,0.4709900,0.4710400,0.4704800,0.4708300,14757.7054500
2025-06-20 00:28:00,0.4708600,0.4718400,0.4708400,0.4717100,26316.6577100
2025-06-20 00:29:00,0.4717300,0.4721100,0.4703900,0.4704900,111257.1317600
2025-06-20 00:30:00,0.4705700,0.4707300,0.4699600,0.4702800,22854.5448700
2025-06-20 00:31:00,0.4702500,0.4704000,0.4699100,0.4702000,30421.3350900
2025-06-20 00:32:00,0.4701600,0.4705700,0.4699200,0.4705700,10173.2823800
2025-06-20 00:33:00,0.4705600,0.4709600,0.4705100,0.4706800,19593.4228400
2025-06-20 00:34:00,0.4706400,0.4709200,0.4701900,0.4702400,16457.0499900
2025-06-20 00:35:00,0.4702200,0.4705600,0.4700800,0.4701100,12760.6435700
2025-06-20 00:36:00,0.4701100,0.4701100,0.4700100,0.4700300,1193.5257900
2025-06-20 00:37:00,0.4700100,0.4723700,0.4700100,0.4721700,151273.5407500
2025-06-20 00:38:00,0.4721800,0.4739600,0.4721800,0.4733900,36884.9144400
2025-06-20 00:39:00,0.4734100,0.4734100,0.4711400,0.4717000,130782.4163400
2025-06-20 00:40:00,0.4718000,0.4730000,0.4718000,0.4724400,50410.2554500
2025-06-20 00:41:00,0.4724300,0.4727400,0.4724200,0.4724300,19616.3128800
2025-06-20 00:42:00,0.4724300,0.4724300,0.4721400,0.4721400,6568.1234300
2025-06-20 00:43:00,0.4721300,0.4734000,0.4721200,0.4733000,19347.0077300
2025-06-20 00:44:00,0.4732900,0.4735300,0.4732100,0.4735300,12675.5207700
2025-06-20 00:45:00,0.4734000,0.4734100,0.4727800,0.4729300,7130.8103600
2025-06-20 00:46:00,0.4729300,0.4731200,0.4728800,0.4730200,6723.3165100
2025-06-20 00:47:00,0.4730200,0.4736700,0.4730200,0.4736300,13700.4832900
2025-06-20 00:48:00,0.4736300,0.4738600,0.4736300,0.4738600,9860.1007600
2025-06-20 00:49:00,0.4737900,0.4741600,0.4737200,0.4741600,24454.4483000
2025-06-20 00:50:00,0.4741700,0.4753900,0.4741700,0.4752400,72051.8406500
2025-06-20 00:51:00,0.4752400,0.4752800,0.4746700,0.4748100,22600.4745500
2025-06-20 00:52:00,0.4748100,0.4755100,0.4748000,0.4754700,14602.1338900
2025-06-20 00:53:00,0.4754700,0.4764600,0.4754700,0.4764600,30467.5298400
2025-06-20 00:54:00,0.4764600,0.4765600,0.4748500,0.4748700,26148.1633700
2025-06-20 00:55:00,0.4749200,0.4749400,0.4734200,0.4736600,67976.5954300
2025-06-20 00:56:00,0.4736600,0.4743600,0.4736600,0.4743300,18733.5140800
2025-06-20 00:57:00,0.4743300,0.4743300,0.4742000,0.4742600,6286.0680000
2025-06-20 00:58:00,0.4742700,0.4757500,0.4742600,0.4757500,38846.8484100
2025-06-20 00:59:00,0.4757600,0.4759200,0.4755200,0.4756100,18196.2640600
2025-06-20 01:00:00,0.4756100,0.4769100,0.4755600,0.4760000,66459.3846400
2025-06-20 01:01:00,0.4760100,0.4775900,0.4759700,0.4759900,49535.0318200
2025-06-20 01:02:00,0.4759700,0.4766100,0.4757300,0.4760400,31346.6207200
2025-06-20 01:03:00,0.4759500,0.4766500,0.4757000,0.4765200,17244.6500500
2025-06-20 01:04:00,0.4765100,0.4770100,0.4764200,0.4765100,32127.6018400
2025-06-20 01:05:00,0.4764400,0.4764400,0.4758400,0.4760900,11348.1537500
2025-06-20 01:06:00,0.4760800,0.4767400,0.4760800,0.4761000,12435.8727300
2025-06-20 01:07:00,0.4761000,0.4764600,0.4761000,0.4763900,21429.9960700
2025-06-20 01:08:00,0.4764100,0.4766800,0.4759200,0.4762400,13058.1582800
2025-06-20 01:09:00,0.4762800,0.4763100,0.4752500,0.4757200,28174.1943000
2025-06-20 01:10:00,0.4756800,0.4770200,0.4756800,0.4766100,28146.0062300
2025-06-20 01:11:00,0.4766100,0.4782600,0.4766100,0.4774400,70385.3920700
2025-06-20 01:12:00,0.4774200,0.4774900,0.4766600,0.4766600,32125.5527800
2025-06-20 01:13:00,0.4766500,0.4766500,0.4762100,0.4763800,46038.0949400
2025-06-20 01:14:00,0.4763600,0.4763600,0.4756700,0.4757900,20510.1182400
2025-06-20 01:15:00,0.4757200,0.4760900,0.4756000,0.4758600,17806.1581200
2025-06-20 01:16:00,0.4759200,0.4777700,0.4758500,0.4770300,71349.2395700
2025-06-20 01:17:00,0.4770400,0.4776200,0.4762200,0.4763500,29613.8619900
2025-06-20 01:18:00,0.4763400,0.4768000,0.4759000,0.4759600,41800.9025900
2025-06-20 01:19:00,0.4759100,0.4759100,0.4748200,0.4750700,27518.2045000
2025-06-20 01:20:00,0.4750700,0.4754000,0.4745000,0.4746000,22122.1268700
2025-06-20 01:21:00,0.4746000,0.4752700,0.4745800,0.4747200,19816.3134100
2025-06-20 01:22:00,0.4747200,0.4760700,0.4745600,0.4760700,13724.5946000
2025-06-20 01:23:00,0.4760200,0.4762300,0.4754600,0.4762300,12398.0871000
2025-06-20 01:24:00,0.4762400,0.4765900,0.4752700,0.4755900,22908.2269400
2025-06-20 01:25:00,0.4755600,0.4762000,0.4755400,0.4755600,11303.2047900
2025-06-20 01:26:00,0.4755400,0.4759300,0.4751600,0.4758900,28336.6566100
2025-06-20 01:27:00,0.4759200,0.4761500,0.4757300,0.4758000,4845.4364800
2025-06-20 01:28:00,0.4758100,0.4761100,0.4757300,0.4760800,5915.5632900
2025-06-20 01:29:00,0.4760400,0.4760400,0.4757000,0.4760200,25008.4676000
2025-06-20 01:30:00,0.4760400,0.4765600,0.4760400,0.4763600,13241.9161600
2025-06-20 01:31:00,0.4763900,0.4765700,0.4760200,0.4761900,19955.0787800
2025-06-20 01:32:00,0.4761900,0.4773500,0.4761500,0.4773300,15263.1949500
2025-06-20 01:33:00,0.4773400,0.4777500,0.4773400,0.4774400,7728.0360700
2025-06-20 01:34:00,0.4774700,0.4783000,0.4770000,0.4777400,40335.4370700
2025-06-20 01:35:00,0.4777400,0.4784800,0.4777200,0.4784300,17172.1588100
2025-06-20 01:36:00,0.4783000,0.4790300,0.4783000,0.4787800,39075.0904300
2025-06-20 01:37:00,0.4788900,0.4791000,0.4780400,0.4780400,40891.3957100
2025-06-20 01:38:00,0.4780500,0.4790300,0.4778000,0.4784700,37607.7802300
2025-06-20 01:39:00,0.4784600,0.4784600,0.4768700,0.4768700,38988.4703100
2025-06-20 01:40:00,0.4768600,0.4768600,0.4762800,0.4763600,25322.2143800
2025-06-20 01:41:00,0.4762900,0.4773500,0.4761200,0.4772400,27567.6863700
2025-06-20 01:42:00,0.4772000,0.4778800,0.4771600,0.4774500,39543.5643100
2025-06-20 01:43:00,0.4774800,0.4796600,0.4774800,0.4794800,95651.6572100
2025-06-20 01:44:00,0.4794300,0.4794500,0.4777600,0.4785200,42163.1339100
2025-06-20 01:45:00,0.4785600,0.4788000,0.4778800,0.4781300,13555.6840500
2025-06-20 01:46:00,0.4781500,0.4789100,0.4781500,0.4787700,37817.2557300
2025-06-20 01:47:00,0.4787800,0.4795100,0.4786200,0.4795100,36036.3515500
2025-06-20 01:48:00,0.4795200,0.4796100,0.4790000,0.4792300,46365.7151900
2025-06-20 01:49:00,0.4792300,0.4809300,0.4791900,0.4802900,168679.9889900
2025-06-20 01:50:00,0.4802500,0.4803400,0.4791200,0.4791200,34456.8041600
2025-06-20 01:51:00,0.4790900,0.4794800,0.4787800,0.4794800,46354.9535100
2025-06-20 01:52:00,0.4794700,0.4796000,0.4790800,0.4790800,13654.3469600
2025-06-20 01:53:00,0.4790800,0.4798300,0.4789100,0.4793400,18408.1950500
2025-06-20 01:54:00,0.4794400,0.4794900,0.4785600,0.4786500,20103.2206900
2025-06-20 01:55:00,0.4786800,0.4786800,0.4781700,0.4782800,12812.1554000
2025-06-20 01:56:00,0.4782900,0.4783700,0.4780000,0.4780000,9649.9029600
2025-06-20 01:57:00,0.4779800,0.4780700,0.4772300,0.4775100,15581.9161800
2025-06-20 01:58:00,0.4775000,0.4775100,0.4770800,0.4772600,34925.2349100
2025-06-20 01:59:00,0.4772500,0.4772800,0.4770300,0.4771000,11306.6918200
2025-06-20 02:00:00,0.4771500,0.4772900,0.4768900,0.4769900,19216.6209200
2025-06-20 02:01:00,0.4770000,0.4777300,0.4764100,0.4765800,33571.3524800
2025-06-20 02:02:00,0.4766000,0.4768800,0.4760600,0.4767800,21487.7688200
2025-06-20 02:03:00,0.4768300,0.4771200,0.4763500,0.4770400,9890.3332800
2025-06-20 02:04:00,0.4769900,0.4770900,0.4763900,0.4770700,21460.8438500
2025-06-20 02:05:00,0.4770800,0.4773000,0.4763500,0.4764300,15998.1586400
2025-06-20 02:06:00,0.4764400,0.4765400,0.4758600,0.4761900,30944.1448200
2025-06-20 02:07:00,0.4762000,0.4764000,0.4761300,0.4762200,7238.6240700
2025-06-20 02:08:00,0.4762200,0.4768000,0.4761600,0.4767500,12714.3724300
2025-06-20 02:09:00,0.4767600,0.4770700,0.4766900,0.4766900,38267.0771400
2025-06-20 02:10:00,0.4766900,0.4773500,0.4766900,0.4768100,19479.4990500
2025-06-20 02:11:00,0.4768500,0.4768700,0.4762400,0.4765400,10467.7457300
2025-06-20 02:12:00,0.4765500,0.4773400,0.4765500,0.4770500,15519.4078000
2025-06-20 02:13:00,0.4770500,0.4775000,0.4768500,0.4770000,15761.8956100
2025-06-20 02:14:00,0.4770200,0.4773200,0.4765000,0.4769200,20009.9401500
2025-06-20 02:15:00,0.4769200,0.4776300,0.4769200,0.4775400,18226.6276900
2025-06-20 02:16:00,0.4775300,0.4779300,0.4771400,0.4771400,20841.4057700
2025-06-20 02:17:00,0.4771800,0.4772600,0.4763400,0.4767700,14309.3267500
2025-06-20 02:18:00,0.4767600,0.4774000,0.4766500,0.4773000,13097.3093400
2025-06-20 02:19:00,0.4772300,0.4773600,0.4771200,0.4772700,4012.6786200
2025-06-20 02:20:00,0.4772800,0.4774300,0.4767400,0.4770300,10808.7539300
2025-06-20 02:21:00,0.4769700,0.4775100,0.4768800,0.4775100,20631.2985100
2025-06-20 02:22:00,0.4775100,0.4777500,0.4772100,0.4772100,23687.4741100
2025-06-20 02:23:00,0.4772100,0.4772100,0.4764800,0.4765200,12911.8496300
2025-06-20 02:24:00,0.4765400,0.4768800,0.4757500,0.4768800,57779.8576600
2025-06-20 02:25:00,0.4769100,0.4769700,0.4760000,0.4760000,8918.2591100
2025-06-20 02:26:00,0.4759700,0.4763100,0.4759400,0.4762100,11098.0757200
2025-06-20 02:27:00,0.4762600,0.4762700,0.4756600,0.4756700,10095.2900300
2025-06-20 02:28:00,0.4756700,0.4759800,0.4754200,0.4755800,22777.6049400
2025-06-20 02:29:00,0.4754900,0.4765200,0.4754900,0.4762200,16219.2966000
2025-06-20 02:30:00,0.4762700,0.4765200,0.4761500,0.4764600,11773.7671900
2025-06-20 02:31:00,0.4765200,0.4770200,0.4765200,0.4769400,8205.9239600
2025-06-20 02:32:00,0.4769100,0.4769300,0.4760900,0.4763100,16786.8489500
2025-06-20 02:33:00,0.4763200,0.4767400,0.4761900,0.4766400,9937.2812200
2025-06-20 02:34:00,0.4766600,0.4766700,0.4762000,0.4765200,15818.2758700
2025-06-20 02:35:00,0.4765300,0.4769100,0.4762400,0.4762400,11757.5836100
2025-06-20 02:36:00,0.4762300,0.4764000,0.4762200,0.4762200,7415.3475900
2025-06-20 02:37:00,0.4762300,0.4766500,0.4762300,0.4765900,8094.3334800
2025-06-20 02:38:00,0.4766100,0.4766700,0.4761800,0.4761900,7057.4643100
2025-06-20 02:39:00,0.4761800,0.4762800,0.4760400,0.4761400,18504.7265100
2025-06-20 02:40:00,0.4761700,0.4769400,0.4761700,0.4767500,30578.6089100
2025-06-20 02:41:00,0.4767400,0.4777600,0.4764900,0.4773600,35135.5536400
2025-06-20 02:42:00,0.4773300,0.4774200,0.4770200,0.4771900,19437.2031500
2025-06-20 02:43:00,0.4772000,0.4774200,0.4770800,0.4772200,6649.3308500
2025-06-20 02:44:00,0.4772100,0.4773200,0.4767600,0.4770100,23339.2936700
2025-06-20 02:45:00,0.4770100,0.4775900,0.4770100,0.4773000,16057.0924700
2025-06-20 02:46:00,0.4772600,0.4772700,0.4762900,0.4765600,34238.6365100
2025-06-20 02:47:00,0.4765800,0.4785500,0.4765800,0.4785100,61373.6818200
2025-06-20 02:48:00,0.4785100,0.4786500,0.4780000,0.4780000,21298.9064500
2025-06-20 02:49:00,0.4780000,0.4781400,0.4775900,0.4777300,24706.1252200
2025-06-20 02:50:00,0.4776900,0.4782100,0.4776900,0.4781700,16522.2758200
2025-06-20 02:51:00,0.4781800,0.4785300,0.4780900,0.4781000,10856.4809300
2025-06-20 02:52:00,0.4781600,0.4785600,0.4781600,0.4783300,8192.4513300
2025-06-20 02:53:00,0.4783400,0.4812500,0.4783400,0.4797200,191120.0113800
2025-06-20 02:54:00,0.4797400,0.4801800,0.4795700,0.4796800,39741.5365100
2025-06-20 02:55:00,0.4796400,0.4797700,0.4787700,0.4796800,33415.8831900
2025-06-20 02:56:00,0.4797000,0.4797100,0.4792700,0.4793000,37546.1533500
2025-06-20 02:57:00,0.4792900,0.4793200,0.4784800,0.4785200,6921.5991100
2025-06-20 02:58:00,0.4785300,0.4785400,0.4781100,0.4781100,12876.4918300
2025-06-20 02:59:00,0.4781600,0.4784100,0.4778200,0.4781900,44709.2380900
2025-06-20 03:00:00,0.4781600,0.4785900,0.4781500,0.4784300,33871.5976300
2025-06-20 03:01:00,0.4784200,0.4790600,0.4781200,0.4781500,26090.8206600
2025-06-20 03:02:00,0.4781700,0.4782100,0.4774500,0.4777600,37203.7746300
2025-06-20 03:03:00,0.4778600,0.4785800,0.4778600,0.4779700,21012.0211800
2025-06-20 03:04:00,0.4779700,0.4783700,0.4778400,0.4779000,23085.1954900
2025-06-20 03:05:00,0.4779200,0.4785800,0.4779200,0.4785800,16237.1039200
2025-06-20 03:06:00,0.4785700,0.4785800,0.4777000,0.4777800,18742.0116100
2025-06-20 03:07:00,0.4777700,0.4781300,0.4777700,0.4777900,18065.1201100
2025-06-20 03:08:00,0.4777800,0.4786800,0.4777800,0.4785200,11494.8382300
2025-06-20 03:09:00,0.4784900,0.4792300,0.4784900,0.4792200,19881.7888600
2025-06-20 03:10:00,0.4792300,0.4799400,0.4792000,0.4797200,24643.6198200
2025-06-20 03:11:00,0.4797200,0.4799600,0.4790000,0.4791900,35915.3091000
2025-06-20 03:12:00,0.4791900,0.4798300,0.4786100,0.4794400,29626.2590700
2025-06-20 03:13:00,0.4794400,0.4795200,0.4790300,0.4790300,12663.3561700
2025-06-20 03:14:00,0.4790200,0.4796300,0.4786900,0.4789200,32595.6109300
2025-06-20 03:15:00,0.4787800,0.4793500,0.4787300,0.4788800,22858.2570600
2025-06-20 03:16:00,0.4788900,0.4789100,0.4782200,0.4782200,10838.4417400
2025-06-20 03:17:00,0.4782300,0.4782400,0.4774000,0.4774000,14813.7320000
2025-06-20 03:18:00,0.4773900,0.4780000,0.4771300,0.4780000,29035.8386800
2025-06-20 03:19:00,0.4780100,0.4786200,0.4779900,0.4782900,11703.0505600
2025-06-20 03:20:00,0.4782400,0.4784000,0.4771800,0.4778300,14748.8997900
2025-06-20 03:21:00,0.4778800,0.4782900,0.4777900,0.4779600,9786.6187300
2025-06-20 03:22:00,0.4779800,0.4781300,0.4778200,0.4778300,3995.0216800
2025-06-20 03:23:00,0.4778300,0.4778300,0.4775300,0.4775900,10390.8971400
2025-06-20 03:24:00,0.4775500,0.4775900,0.4767700,0.4768800,18370.4017700
2025-06-20 03:25:00,0.4769000,0.4769100,0.4760900,0.4764300,51715.0264700
2025-06-20 03:26:00,0.4763400,0.4766000,0.4760800,0.4760800,10416.3247700
2025-06-20 03:27:00,0.4761300,0.4761900,0.4756700,0.4761600,37527.6383700
2025-06-20 03:28:00,0.4761700,0.4771700,0.4761700,0.4764900,59288.3877000
2025-06-20 03:29:00,0.4765300,0.4781600,0.4765300,0.4776300,104460.7334500
2025-06-20 03:30:00,0.4776900,0.4776900,0.4768400,0.4772000,39235.7204300
2025-06-20 03:31:00,0.4772800,0.4779800,0.4772800,0.4779000,11813.2452300
2025-06-20 03:32:00,0.4779100,0.4795800,0.4779100,0.4793500,45463.3217200
2025-06-20 03:33:00,0.4793700,0.4799100,0.4793500,0.4795800,33063.8478800
2025-06-20 03:34:00,0.4795700,0.4801700,0.4792300,0.4800600,31198.2937000
2025-06-20 03:35:00,0.4800800,0.4803200,0.4795900,0.4799600,28411.3920900
2025-06-20 03:36:00,0.4800200,0.4805000,0.4800000,0.4801000,22951.5357900
2025-06-20 03:37:00,0.4801500,0.4806900,0.4798000,0.4798000,37641.2639400
2025-06-20 03:38:00,0.4798100,0.4800300,0.4793700,0.4794400,10644.2407900
2025-06-20 03:39:00,0.4794300,0.4794400,0.4787200,0.4787400,15544.7107700
2025-06-20 03:40:00,0.4787400,0.4788900,0.4783700,0.4788100,19985.1979200
2025-06-20 03:41:00,0.4788100,0.4788400,0.4778400,0.4781100,30935.7109600
2025-06-20 03:42:00,0.4781200,0.4784500,0.4781200,0.4783400,17146.4307600
2025-06-20 03:43:00,0.4783400,0.4809900,0.4783400,0.4808300,115111.5661000
2025-06-20 03:44:00,0.4808800,0.4809300,0.4805900,0.4805900,12090.8144900
2025-06-20 03:45:00,0.4805600,0.4807900,0.4802900,0.4807900,33124.9630500
2025-06-20 03:46:00,0.4808000,0.4811600,0.4803600,0.4811100,27922.5057500
2025-06-20 03:47:00,0.4811700,0.4819200,0.4811700,0.4813800,21870.5955100
2025-06-20 03:48:00,0.4813900,0.4816200,0.4807800,0.4807800,11335.7299500
2025-06-20 03:49:00,0.4808400,0.4815300,0.4807000,0.4815200,12614.4479400
2025-06-20 03:50:00,0.4815300,0.4819500,0.4813400,0.4816600,22649.0324100
2025-06-20 03:51:00,0.4817200,0.4818000,0.4813700,0.4816700,30470.6224200
2025-06-20 03:52:00,0.4816800,0.4818400,0.4813800,0.4813800,7997.1031100
2025-06-20 03:53:00,0.4813900,0.4817000,0.4812800,0.4812800,26244.6880500
2025-06-20 03:54:00,0.4813300,0.4813300,0.4802900,0.4802900,29093.5408300
2025-06-20 03:55:00,0.4804000,0.4817600,0.4802000,0.4816400,63987.7753900
2025-06-20 03:56:00,0.4816100,0.4816700,0.4812000,0.4812000,33077.7229600
2025-06-20 03:57:00,0.4812500,0.4817700,0.4801600,0.4805200,87491.7654300
2025-06-20 03:58:00,0.4805600,0.4808900,0.4802000,0.4806300,26308.9691200
2025-06-20 03:59:00,0.4806400,0.4809900,0.4804100,0.4806400,28079.3649900
2025-06-20 04:00:00,0.4806400,0.4807500,0.4803400,0.4804400,8493.2333100
2025-06-20 04:01:00,0.4804000,0.4806300,0.4801700,0.4802900,13995.9736300
2025-06-20 04:02:00,0.4802900,0.4802900,0.4785700,0.4786900,61561.6431800
2025-06-20 04:03:00,0.4786900,0.4786900,0.4773000,0.4773000,27074.4824400
2025-06-20 04:04:00,0.4773000,0.4773500,0.4765600,0.4765600,41830.6487600
2025-06-20 04:05:00,0.4765200,0.4770300,0.4764200,0.4765500,36513.2885700
2025-06-20 04:06:00,0.4765200,0.4765600,0.4757500,0.4759700,30230.4570000
2025-06-20 04:07:00,0.4759600,0.4769700,0.4759600,0.4766100,28765.9370100
2025-06-20 04:08:00,0.4766000,0.4772000,0.4761900,0.4770800,32496.6850900
2025-06-20 04:09:00,0.4770600,0.4780000,0.4766800,0.4771700,46442.0061500
2025-06-20 04:10:00,0.4770900,0.4776300,0.4756800,0.4759900,35737.2578000
2025-06-20 04:11:00,0.4759300,0.4766000,0.4759300,0.4765200,11027.9918400
2025-06-20 04:12:00,0.4764800,0.4769800,0.4762800,0.4767000,13980.9983100
2025-06-20 04:13:00,0.4766900,0.4773800,0.4766300,0.4769600,47231.4996600
2025-06-20 04:14:00,0.4769700,0.4778300,0.4769700,0.4778300,41850.3219500
2025-06-20 04:15:00,0.4778300,0.4783000,0.4777200,0.4782900,12088.8383600
2025-06-20 04:16:00,0.4783000,0.4788700,0.4782200,0.4782200,17196.6007000
2025-06-20 04:17:00,0.4782700,0.4782700,0.4779700,0.4779700,13157.5257200
2025-06-20 04:18:00,0.4780500,0.4781100,0.4775900,0.4778800,16699.6613100
2025-06-20 04:19:00,0.4778800,0.4784300,0.4778800,0.4783600,4092.2245600
2025-06-20 04:20:00,0.4783500,0.4783900,0.4776200,0.4782300,22408.6629300
2025-06-20 04:21:00,0.4782500,0.4785400,0.4775300,0.4777900,16805.4139800
2025-06-20 04:22:00,0.4778400,0.4780200,0.4774800,0.4774800,9202.9976700
2025-06-20 04:23:00,0.4774500,0.4774500,0.4769000,0.4770800,18408.0322600
2025-06-20 04:24:00,0.4771000,0.4771900,0.4768200,0.4768200,5555.8192600
2025-06-20 04:25:00,0.4769000,0.4769000,0.4763200,0.4763200,6439.9460100
2025-06-20 04:26:00,0.4764000,0.4764000,0.4760100,0.4760900,7214.5029900
2025-06-20 04:27:00,0.4760500,0.4762800,0.4752600,0.4753100,51849.1707300
2025-06-20 04:28:00,0.4753100,0.4755700,0.4742500,0.4752200,94805.7547300
2025-06-20 04:29:00,0.4753800,0.4757100,0.4752100,0.4754700,18013.4644300
2025-06-20 04:30:00,0.4754700,0.4755300,0.4746500,0.4755300,32610.1806800
2025-06-20 04:31:00,0.4755300,0.4755600,0.4749900,0.4754800,28392.7169500
2025-06-20 04:32:00,0.4754700,0.4758100,0.4752500,0.4755500,22869.2415700
2025-06-20 04:33:00,0.4755600,0.4761600,0.4755600,0.4761600,10818.9907100
2025-06-20 04:34:00,0.4761500,0.4767100,0.4760200,0.4766500,36820.4309400
2025-06-20 04:35:00,0.4766500,0.4769500,0.4762100,0.4768900,46681.1002800
2025-06-20 04:36:00,0.4769300,0.4774100,0.4769100,0.4773200,21466.9564100
2025-06-20 04:37:00,0.4772900,0.4775400,0.4772800,0.4774000,9348.5738500
2025-06-20 04:38:00,0.4773900,0.4786900,0.4773900,0.4786900,31825.9543500
2025-06-20 04:39:00,0.4785900,0.4793200,0.4785900,0.4793200,29538.3508800
2025-06-20 04:40:00,0.4793200,0.4795400,0.4789700,0.4793800,41733.6801100
2025-06-20 04:41:00,0.4793700,0.4794300,0.4788200,0.4788200,8179.1035800
2025-06-20 04:42:00,0.4788000,0.4794000,0.4785900,0.4794000,14355.3977100
2025-06-20 04:43:00,0.4793900,0.4797700,0.4793900,0.4797400,6556.0374100
2025-06-20 04:44:00,0.4797500,0.4799500,0.4794700,0.4794700,16196.0998000
2025-06-20 04:45:00,0.4794800,0.4798300,0.4790900,0.4791400,11541.9211600
2025-06-20 04:46:00,0.4791700,0.4794400,0.4789800,0.4790300,13356.4274700
2025-06-20 04:47:00,0.4790700,0.4794600,0.4790700,0.4792300,12156.0756700
2025-06-20 04:48:00,0.4792500,0.4799300,0.4791500,0.4799300,18132.3582600
2025-06-20 04:49:00,0.4799600,0.4807600,0.4792800,0.4793500,26546.3671300
2025-06-20 04:50:00,0.4794000,0.4794300,0.4784600,0.4785400,8616.5949600
2025-06-20 04:51:00,0.4785600,0.4789400,0.4784100,0.4789400,18854.4502100
2025-06-20 04:52:00,0.4789300,0.4789300,0.4785300,0.4788000,24795.3907700
2025-06-20 04:53:00,0.4787900,0.4787900,0.4779600,0.4779600,7407.0285000
2025-06-20 04:54:00,0.4779600,0.4793800,0.4779600,0.4793000,29590.9138200
2025-06-20 04:55:00,0.4792900,0.4793500,0.4784500,0.4788800,17162.7334000
2025-06-20 04:56:00,0.4789100,0.4793300,0.4781300,0.4782000,31736.1113700
2025-06-20 04:57:00,0.4781900,0.4788700,0.4781900,0.4783000,11325.3364200
2025-06-20 04:58:00,0.4782500,0.4794000,0.4782500,0.4792000,21350.2443800
2025-06-20 04:59:00,0.4792300,0.4796700,0.4792200,0.4794000,8995.4085400
2025-06-20 05:00:00,0.4794100,0.4795200,0.4789000,0.4794500,7733.8726900
2025-06-20 05:01:00,0.4794600,0.4797700,0.4788800,0.4797700,11206.6030200
2025-06-20 05:02:00,0.4797700,0.4797700,0.4792200,0.4796900,29594.0419700
2025-06-20 05:03:00,0.4796900,0.4796900,0.4782000,0.4783500,32950.5924500
2025-06-20 05:04:00,0.4783500,0.4784100,0.4774000,0.4774300,16324.3714100
2025-06-20 05:05:00,0.4774300,0.4798200,0.4774300,0.4791700,119429.2921700
2025-06-20 05:06:00,0.4791400,0.4791600,0.4789600,0.4790000,6687.4765100
2025-06-20 05:07:00,0.4790100,0.4794900,0.4790100,0.4792000,23538.9309900
2025-06-20 05:08:00,0.4792200,0.4796800,0.4792200,0.4796000,10724.9367700
2025-06-20 05:09:00,0.4796000,0.4798700,0.4788600,0.4789200,15864.3899900
2025-06-20 05:10:00,0.4789500,0.4798900,0.4789500,0.4798900,12770.8872100
2025-06-20 05:11:00,0.4799000,0.4799300,0.4794400,0.4796500,15643.0559200
2025-06-20 05:12:00,0.4796500,0.4796500,0.4784100,0.4784900,29078.6410600
2025-06-20 05:13:00,0.4784900,0.4791800,0.4784900,0.4788600,39278.6772200
2025-06-20 05:14:00,0.4788000,0.4792000,0.4787400,0.4790900,6594.4111700
2025-06-20 05:15:00,0.4791500,0.4793300,0.4787000,0.4792200,39288.3798800
2025-06-20 05:16:00,0.4792100,0.4792100,0.4784300,0.4785600,24584.6752000
2025-06-20 05:17:00,0.4785300,0.4785300,0.4778600,0.4782800,22877.0201600
2025-06-20 05:18:00,0.4783700,0.4787200,0.4781700,0.4783900,7533.4386100
2025-06-20 05:19:00,0.4783700,0.4789900,0.4783700,0.4788900,7921.9006600
2025-06-20 05:20:00,0.4789800,0.4792500,0.4783100,0.4784500,18318.5716300
2025-06-20 05:21:00,0.4783600,0.4788300,0.4783600,0.4788300,5194.6142900
2025-06-20 05:22:00,0.4788200,0.4788200,0.4781100,0.4786600,21444.1129100
2025-06-20 05:23:00,0.4786700,0.4788900,0.4786700,0.4788900,2589.7226300
2025-06-20 05:24:00,0.4788800,0.4788800,0.4780400,0.4783700,8645.6148300
2025-06-20 05:25:00,0.4783600,0.4791600,0.4782900,0.4787100,25849.6499900
2025-06-20 05:26:00,0.4787600,0.4795600,0.4787200,0.4794400,19737.4926300
2025-06-20 05:27:00,0.4795500,0.4796000,0.4792300,0.4794200,8997.1529600
2025-06-20 05:28:00,0.4794300,0.4799200,0.4793300,0.4798400,14800.7121800
2025-06-20 05:29:00,0.4798200,0.4802400,0.4794000,0.4794000,52430.4579200
2025-06-20 05:30:00,0.4794000,0.4801200,0.4788800,0.4797300,39237.2770100
2025-06-20 05:31:00,0.4797900,0.4803200,0.4791200,0.4800200,42587.9675900
2025-06-20 05:32:00,0.4800000,0.4807900,0.4799600,0.4803500,68977.2533200
2025-06-20 05:33:00,0.4803200,0.4803200,0.4797000,0.4797000,14520.5341700
2025-06-20 05:34:00,0.4796800,0.4796800,0.4792400,0.4794000,23237.4188500
2025-06-20 05:35:00,0.4793900,0.4793900,0.4783100,0.4786100,17316.7311600
2025-06-20 05:36:00,0.4785700,0.4795800,0.4784100,0.4794400,31181.1262600
2025-06-20 05:37:00,0.4794500,0.4800900,0.4790400,0.4799700,13592.0450400
2025-06-20 05:38:00,0.4798800,0.4806800,0.4798300,0.4801400,22080.6436800
2025-06-20 05:39:00,0.4800800,0.4805400,0.4795600,0.4795700,29243.7980700
2025-06-20 05:40:00,0.4795600,0.4799600,0.4794100,0.4799500,13617.4996900
2025-06-20 05:41:00,0.4799500,0.4803100,0.4798000,0.4798500,20453.4269200
2025-06-20 05:42:00,0.4798500,0.4798500,0.4787600,0.4789500,36687.4680600
2025-06-20 05:43:00,0.4789500,0.4794000,0.4787200,0.4790800,22740.7084600
2025-06-20 05:44:00,0.4791800,0.4796300,0.4790900,0.4794900,9993.0552900
2025-06-20 05:45:00,0.4794900,0.4794900,0.4786100,0.4789800,10232.0662400
2025-06-20 05:46:00,0.4789800,0.4792500,0.4784600,0.4784600,28765.0770000
2025-06-20 05:47:00,0.4784400,0.4785000,0.4779200,0.4785000,22789.0193200
2025-06-20 05:48:00,0.4785100,0.4789700,0.4783700,0.4789700,15569.3207100
2025-06-20 05:49:00,0.4789900,0.4791200,0.4785800,0.4790600,13932.0657700
2025-06-20 05:50:00,0.4790500,0.4793200,0.4786400,0.4790700,22357.9365200
2025-06-20 05:51:00,0.4790900,0.4790900,0.4784600,0.4784900,9764.1871800
2025-06-20 05:52:00,0.4785400,0.4787400,0.4782400,0.4782400,8455.9669300
2025-06-20 05:53:00,0.4782000,0.4782000,0.4778200,0.4780000,13331.1002200
2025-06-20 05:54:00,0.4779900,0.4787600,0.4779700,0.4786800,11542.2241100
2025-06-20 05:55:00,0.4786300,0.4790300,0.4784500,0.4785600,17863.4434400
2025-06-20 05:56:00,0.4785500,0.4790500,0.4784900,0.4786700,9467.3147100
2025-06-20 05:57:00,0.4786600,0.4788100,0.4785300,0.4788000,4818.1447300
2025-06-20 05:58:00,0.4787200,0.4795200,0.4787200,0.4795200,14833.9487100
2025-06-20 05:59:00,0.4793600,0.4797100,0.4792000,0.4794800,16128.5246200
2025-06-20 06:00:00,0.4795200,0.4795200,0.4789700,0.4790500,9940.9267500
2025-06-20 06:01:00,0.4790200,0.4790200,0.4780700,0.4781500,13589.0876300
2025-06-20 06:02:00,0.4781500,0.4787300,0.4780300,0.4781700,24398.6598600
2025-06-20 06:03:00,0.4780700,0.4788300,0.4780400,0.4780700,31431.0927500
2025-06-20 06:04:00,0.4780300,0.4791200,0.4780300,0.4789000,20243.1676300
2025-06-20 06:05:00,0.4788900,0.4788900,0.4785000,0.4785200,9294.1263200
2025-06-20 06:06:00,0.4784900,0.4786800,0.4782800,0.4782800,9804.0657600
2025-06-20 06:07:00,0.4782800,0.4786100,0.4777700,0.4785500,18044.5755200
2025-06-20 06:08:00,0.4785500,0.4785800,0.4780200,0.4780200,12879.3294600
2025-06-20 06:09:00,0.4780600,0.4793600,0.4780600,0.4792600,21853.5923300
2025-06-20 06:10:00,0.4790800,0.4796800,0.4786500,0.4792000,34347.7766900
2025-06-20 06:11:00,0.4792000,0.4793000,0.4783300,0.4786900,12034.7671700
2025-06-20 06:12:00,0.4785500,0.4785800,0.4782100,0.4785100,12320.4419800
2025-06-20 06:13:00,0.4784900,0.4789000,0.4780500,0.4784800,18974.0494800
2025-06-20 06:14:00,0.4785200,0.4792000,0.4785200,0.4792000,5313.2080400
2025-06-20 06:15:00,0.4792100,0.4794700,0.4788900,0.4790800,36703.8889200
2025-06-20 06:16:00,0.4790900,0.4790900,0.4784600,0.4785700,15937.9410900
2025-06-20 06:17:00,0.4785600,0.4792600,0.4785400,0.4792600,4574.9000800
2025-06-20 06:18:00,0.4792700,0.4797200,0.4791800,0.4796100,30244.0367900
2025-06-20 06:19:00,0.4796300,0.4801500,0.4795300,0.4800700,30916.6309800
2025-06-20 06:20:00,0.4800800,0.4802100,0.4800400,0.4800900,7076.4235100
2025-06-20 06:21:00,0.4800900,0.4803900,0.4799600,0.4801900,17356.0303300
2025-06-20 06:22:00,0.4801900,0.4809000,0.4801900,0.4809000,34427.9088100
2025-06-20 06:23:00,0.4808800,0.4810000,0.4805200,0.4805200,21600.0716900
2025-06-20 06:24:00,0.4805200,0.4808100,0.4797300,0.4798600,41127.6129600
2025-06-20 06:25:00,0.4797200,0.4797200,0.4787300,0.4793900,24587.2364700
2025-06-20 06:26:00,0.4794000,0.4799500,0.4794000,0.4796600,17374.9405000
2025-06-20 06:27:00,0.4796400,0.4800000,0.4795900,0.4796900,5732.3940800
2025-06-20 06:28:00,0.4796900,0.4804400,0.4796900,0.4803600,17738.7088600
2025-06-20 06:29:00,0.4803500,0.4807300,0.4801600,0.4801600,10284.4115700
2025-06-20 06:30:00,0.4801500,0.4801600,0.4788300,0.4789500,17551.1856200
2025-06-20 06:31:00,0.4789400,0.4794000,0.4787000,0.4790700,15866.3300000
2025-06-20 06:32:00,0.4790600,0.4790600,0.4787100,0.4788000,9027.5453200
2025-06-20 06:33:00,0.4788100,0.4792000,0.4781200,0.4781200,24852.9980600
2025-06-20 06:34:00,0.4781700,0.4785800,0.4781700,0.4785800,21807.3686700
2025-06-20 06:35:00,0.4784900,0.4786700,0.4782800,0.4785900,9951.4787300
2025-06-20 06:36:00,0.4786300,0.4787700,0.4785600,0.4786600,4571.8148700
2025-06-20 06:37:00,0.4786800,0.4786800,0.4782800,0.4784500,8956.4311500
2025-06-20 06:38:00,0.4785500,0.4788600,0.4781900,0.4782900,16951.8270200
2025-06-20 06:39:00,0.4782800,0.4783000,0.4781000,0.4781900,4618.9489800
2025-06-20 06:40:00,0.4781200,0.4781200,0.4778000,0.4778000,7272.7079000
2025-06-20 06:41:00,0.4778000,0.4778000,0.4772000,0.4772000,7439.8432100
2025-06-20 06:42:00,0.4771800,0.4774400,0.4767200,0.4767200,26630.7749200
2025-06-20 06:43:00,0.4767000,0.4771100,0.4766600,0.4766600,14832.3412500
2025-06-20 06:44:00,0.4767200,0.4776000,0.4763800,0.4772600,48747.3029300
2025-06-20 06:45:00,0.4772200,0.4774400,0.4770000,0.4771200,20764.3529300
2025-06-20 06:46:00,0.4770700,0.4777000,0.4769300,0.4770600,24808.3636700
2025-06-20 06:47:00,0.4770700,0.4776800,0.4770700,0.4772500,24508.6375900
2025-06-20 06:48:00,0.4772800,0.4777000,0.4772800,0.4777000,4891.3677400
2025-06-20 06:49:00,0.4777000,0.4777000,0.4767400,0.4770500,9868.9116600
2025-06-20 06:50:00,0.4770500,0.4771500,0.4765000,0.4766700,25440.6826200
2025-06-20 06:51:00,0.4766800,0.4766800,0.4762400,0.4763200,10069.1229600
2025-06-20 06:52:00,0.4763300,0.4767500,0.4763300,0.4764000,11196.4498400
2025-06-20 06:53:00,0.4763800,0.4764100,0.4761000,0.4763000,12956.2987900
2025-06-20 06:54:00,0.4762100,0.4765600,0.4762100,0.4764900,7310.5656600
2025-06-20 06:55:00,0.4764500,0.4767200,0.4755200,0.4757500,45626.4344100
2025-06-20 06:56:00,0.4757500,0.4757800,0.4754300,0.4755800,7419.2604900
2025-06-20 06:57:00,0.4756400,0.4758800,0.4753500,0.4754600,22203.0303300
2025-06-20 06:58:00,0.4755000,0.4760400,0.4754500,0.4755700,23730.1755800
2025-06-20 06:59:00,0.4755700,0.4767000,0.4755700,0.4764600,27897.0113600
2025-06-20 07:00:00,0.4764500,0.4764500,0.4754600,0.4756700,26162.4734900
2025-06-20 07:01:00,0.4757400,0.4758900,0.4754800,0.4756100,9263.3386500
2025-06-20 07:02:00,0.4756200,0.4762200,0.4755200,0.4755200,24667.5675700
2025-06-20 07:03:00,0.4755100,0.4759200,0.4754400,0.4758800,8694.6385800
2025-06-20 07:04:00,0.4758000,0.4758000,0.4751800,0.4752600,18693.9981500
2025-06-20 07:05:00,0.4752400,0.4761000,0.4751800,0.4759400,18752.0020000
2025-06-20 07:06:00,0.4759600,0.4762900,0.4757200,0.4757400,11095.7440900
2025-06-20 07:07:00,0.4757200,0.4758700,0.4745700,0.4755500,79591.5312000
2025-06-20 07:08:00,0.4755300,0.4762800,0.4754300,0.4762800,9841.9660100
2025-06-20 07:09:00,0.4762700,0.4762800,0.4759400,0.4762000,8440.7129300
2025-06-20 07:10:00,0.4762000,0.4763300,0.4752800,0.4753500,13006.2129100
2025-06-20 07:11:00,0.4754100,0.4755100,0.4750300,0.4750300,9755.9296200
2025-06-20 07:12:00,0.4750200,0.4754400,0.4749000,0.4752600,34586.7613700
2025-06-20 07:13:00,0.4752300,0.4761400,0.4752000,0.4759500,15807.5967900
2025-06-20 07:14:00,0.4759400,0.4760700,0.4756000,0.4759500,7843.1706600
2025-06-20 07:15:00,0.4759500,0.4763700,0.4758800,0.4760800,9267.6201500
2025-06-20 07:16:00,0.4760500,0.4767700,0.4760500,0.4763900,11007.9213400
2025-06-20 07:17:00,0.4763000,0.4763100,0.4758400,0.4759100,10539.5476600
2025-06-20 07:18:00,0.4759100,0.4760300,0.4750300,0.4750900,55705.3778500
2025-06-20 07:19:00,0.4750900,0.4753800,0.4743200,0.4744600,32313.7264100
2025-06-20 07:20:00,0.4744600,0.4751200,0.4744300,0.4747100,13653.2666400
2025-06-20 07:21:00,0.4747600,0.4748300,0.4721700,0.4730000,312975.7208100
2025-06-20 07:22:00,0.4727900,0.4728200,0.4714000,0.4716800,62513.6209700
2025-06-20 07:23:00,0.4716400,0.4726200,0.4714100,0.4724200,63227.4742900
2025-06-20 07:24:00,0.4725800,0.4725900,0.4721000,0.4721100,22392.0976000
2025-06-20 07:25:00,0.4721700,0.4721900,0.4710400,0.4710400,56880.4817800
2025-06-20 07:26:00,0.4711000,0.4721500,0.4710000,0.4721000,32824.0818900
2025-06-20 07:27:00,0.4720200,0.4725900,0.4714800,0.4719700,34647.9778600
2025-06-20 07:28:00,0.4719700,0.4725000,0.4719300,0.4725000,12795.1769100
2025-06-20 07:29:00,0.4724900,0.4727700,0.4721200,0.4724300,35250.0804900
2025-06-20 07:30:00,0.4724400,0.4724900,0.4716500,0.4717000,32002.0172600
2025-06-20 07:31:00,0.4717500,0.4717500,0.4710500,0.4711900,30706.0528500
2025-06-20 07:32:00,0.4711700,0.4712100,0.4702700,0.4707600,67152.0714300
2025-06-20 07:33:00,0.4707600,0.4707600,0.4700400,0.4701500,23982.2189600
2025-06-20 07:34:00,0.4701500,0.4720000,0.4699600,0.4710600,105647.6899000
2025-06-20 07:35:00,0.4711100,0.4711100,0.4698800,0.4700100,75137.4513500
2025-06-20 07:36:00,0.4700100,0.4702000,0.4694600,0.4696000,27570.9545200
2025-06-20 07:37:00,0.4696000,0.4702400,0.4695900,0.4701900,15778.6528700
2025-06-20 07:38:00,0.4701700,0.4701700,0.4693200,0.4693200,24264.3070500
2025-06-20 07:39:00,0.4692800,0.4705000,0.4692700,0.4702400,28612.9746400
2025-06-20 07:40:00,0.4702700,0.4704000,0.4694400,0.4694400,28969.4121100
2025-06-20 07:41:00,0.4694400,0.4695400,0.4686900,0.4687600,31143.0649600
2025-06-20 07:42:00,0.4687600,0.4689000,0.4679200,0.4688600,123022.7705200
2025-06-20 07:43:00,0.4688700,0.4693400,0.4686000,0.4686000,56084.4135600
2025-06-20 07:44:00,0.4685800,0.4698000,0.4685800,0.4691900,39647.5979900
2025-06-20 07:45:00,0.4692000,0.4699900,0.4689400,0.4698800,28000.2958100
2025-06-20 07:46:00,0.4699100,0.4700000,0.4695500,0.4695500,39914.2925900
2025-06-20 07:47:00,0.4697000,0.4697700,0.4690100,0.4691600,34129.1021900
2025-06-20 07:48:00,0.4691800,0.4697400,0.4689800,0.4689800,25140.5216000
2025-06-20 07:49:00,0.4690100,0.4691400,0.4683100,0.4684200,27595.8321100
2025-06-20 07:50:00,0.4685100,0.4686300,0.4676900,0.4677000,67004.5329900
2025-06-20 07:51:00,0.4677000,0.4684600,0.4666700,0.4671600,128175.0955900
2025-06-20 07:52:00,0.4670800,0.4674500,0.4662400,0.4663800,78279.5948600
2025-06-20 07:53:00,0.4663700,0.4668100,0.4655200,0.4668100,116147.1817700
2025-06-20 07:54:00,0.4668000,0.4679700,0.4667700,0.4673900,93869.5063600
2025-06-20 07:55:00,0.4674000,0.4679900,0.4673900,0.4678500,35002.3191500
2025-06-20 07:56:00,0.4678600,0.4686300,0.4678200,0.4682500,45750.0448200
2025-06-20 07:57:00,0.4682800,0.4683000,0.4677200,0.4677700,21127.1664500
2025-06-20 07:58:00,0.4678200,0.4681700,0.4678200,0.4681700,12918.9997200
2025-06-20 07:59:00,0.4681800,0.4683900,0.4674300,0.4675100,28614.0385300
2025-06-20 08:00:00,0.4675300,0.4678300,0.4673200,0.4677800,22250.7434700
2025-06-20 08:01:00,0.4677900,0.4677900,0.4669900,0.4669900,18172.8078300
2025-06-20 08:02:00,0.4670000,0.4675500,0.4670000,0.4671300,35914.4473600
2025-06-20 08:03:00,0.4671200,0.4678000,0.4669100,0.4678000,48585.0766200
2025-06-20 08:04:00,0.4677900,0.4677900,0.4674000,0.4674600,10114.0076500
2025-06-20 08:05:00,0.4674700,0.4676000,0.4669400,0.4672900,27814.7160000
2025-06-20 08:06:00,0.4672900,0.4684400,0.4670400,0.4677500,36796.8572200
2025-06-20 08:07:00,0.4676900,0.4684100,0.4673000,0.4677100,21277.8131100
2025-06-20 08:08:00,0.4676800,0.4682200,0.4673400,0.4682200,15959.5602100
2025-06-20 08:09:00,0.4682000,0.4682900,0.4676700,0.4682200,18425.3705300
2025-06-20 08:10:00,0.4681600,0.4688400,0.4681300,0.4686400,21258.5414500
2025-06-20 08:11:00,0.4686500,0.4691300,0.4686500,0.4690600,22365.5007600
2025-06-20 08:12:00,0.4690600,0.4693600,0.4689200,0.4692600,24655.6782000
2025-06-20 08:13:00,0.4692800,0.4696000,0.4690100,0.4693500,53658.3160200
2025-06-20 08:14:00,0.4692900,0.4695100,0.4690500,0.4693900,37166.1868100
2025-06-20 08:15:00,0.4694000,0.4696900,0.4691300,0.4696900,36542.7809100
2025-06-20 08:16:00,0.4696400,0.4696900,0.4691400,0.4695200,30661.9156100
2025-06-20 08:17:00,0.4695200,0.4695200,0.4692400,0.4693700,12337.4337900
2025-06-20 08:18:00,0.4693700,0.4698400,0.4693500,0.4696300,17644.8377700
2025-06-20 08:19:00,0.4695400,0.4697000,0.4687200,0.4687700,51100.3080900
2025-06-20 08:20:00,0.4687700,0.4692100,0.4687700,0.4688600,23849.0083300
2025-06-20 08:21:00,0.4688500,0.4689500,0.4680000,0.4680200,30553.4701300
2025-06-20 08:22:00,0.4680100,0.4680100,0.4673600,0.4677400,9453.2896100
2025-06-20 08:23:00,0.4677300,0.4683400,0.4675000,0.4678900,41631.3119200
2025-06-20 08:24:00,0.4678900,0.4683200,0.4678900,0.4681500,16523.2312300
2025-06-20 08:25:00,0.4682100,0.4685600,0.4676100,0.4684000,20264.1065600
2025-06-20 08:26:00,0.4684100,0.4684500,0.4680800,0.4681500,13933.0317300
2025-06-20 08:27:00,0.4681200,0.4681200,0.4672900,0.4672900,21938.9727600
2025-06-20 08:28:00,0.4673800,0.4681500,0.4673100,0.4680800,39654.3503300
2025-06-20 08:29:00,0.4680900,0.4683000,0.4679000,0.4680100,13389.2731200
2025-06-20 08:30:00,0.4680700,0.4683400,0.4676000,0.4680900,61751.6207000
2025-06-20 08:31:00,0.4681200,0.4683500,0.4677100,0.4683200,23954.9157000
2025-06-20 08:32:00,0.4683500,0.4690800,0.4679400,0.4690800,34476.3281200
2025-06-20 08:33:00,0.4691200,0.4692900,0.4677100,0.4677100,31683.4774900
2025-06-20 08:34:00,0.4676900,0.4677000,0.4671200,0.4675600,23487.9273400
2025-06-20 08:35:00,0.4675900,0.4685800,0.4675200,0.4685800,55631.6094300
2025-06-20 08:36:00,0.4685200,0.4685600,0.4681600,0.4683100,16159.7105800
2025-06-20 08:37:00,0.4683600,0.4686300,0.4682500,0.4686200,11513.8739600
2025-06-20 08:38:00,0.4686400,0.4694600,0.4686400,0.4687100,38451.4574000
2025-06-20 08:39:00,0.4686900,0.4686900,0.4683300,0.4685100,17558.1531000
2025-06-20 08:40:00,0.4686000,0.4691500,0.4686000,0.4691100,18788.1116800
2025-06-20 08:41:00,0.4690900,0.4691300,0.4688200,0.4689600,15314.8063900
2025-06-20 08:42:00,0.4689500,0.4689500,0.4683300,0.4685300,47619.9384900
2025-06-20 08:43:00,0.4684800,0.4686000,0.4681100,0.4685200,13374.6794900
2025-06-20 08:44:00,0.4685300,0.4688600,0.4685300,0.4687100,12366.6945100
2025-06-20 08:45:00,0.4687200,0.4690800,0.4687200,0.4690800,16163.8735500
2025-06-20 08:46:00,0.4690200,0.4690600,0.4683100,0.4683600,18882.4036200
2025-06-20 08:47:00,0.4683500,0.4683500,0.4679100,0.4683000,11188.0176400
2025-06-20 08:48:00,0.4683000,0.4685000,0.4683000,0.4683300,5522.6650000
2025-06-20 08:49:00,0.4683500,0.4698600,0.4683500,0.4697000,106934.0918200
2025-06-20 08:50:00,0.4697000,0.4709900,0.4692200,0.4709900,103900.5475000
2025-06-20 08:51:00,0.4709000,0.4713100,0.4705600,0.4712200,38779.7808700
2025-06-20 08:52:00,0.4711900,0.4719900,0.4711700,0.4716300,38171.2919900
2025-06-20 08:53:00,0.4716400,0.4718600,0.4713600,0.4714000,22235.4588400
2025-06-20 08:54:00,0.4714900,0.4714900,0.4706700,0.4708200,32190.3935000
2025-06-20 08:55:00,0.4707600,0.4714000,0.4707600,0.4713300,27778.4077600
2025-06-20 08:56:00,0.4713300,0.4719000,0.4711300,0.4712200,29517.5198100
2025-06-20 08:57:00,0.4712200,0.4713900,0.4710000,0.4710500,10665.7410600
2025-06-20 08:58:00,0.4710500,0.4718900,0.4710500,0.4716300,30581.9954900
2025-06-20 08:59:00,0.4716300,0.4716300,0.4708400,0.4709600,20802.9687500
2025-06-20 09:00:00,0.4709600,0.4713800,0.4704600,0.4706400,29762.8246900
2025-06-20 09:01:00,0.4706300,0.4713100,0.4704500,0.4708900,20657.1444300
2025-06-20 09:02:00,0.4708800,0.4715900,0.4706900,0.4712600,42069.6690400
2025-06-20 09:03:00,0.4712400,0.4716000,0.4710100,0.4715900,17234.5706300
2025-06-20 09:04:00,0.4715700,0.4715700,0.4712600,0.4715100,11892.4956800
2025-06-20 09:05:00,0.4714900,0.4714900,0.4702800,0.4703000,31136.9756100
2025-06-20 09:06:00,0.4703100,0.4706400,0.4697400,0.4704400,28609.7569700
2025-06-20 09:07:00,0.4704100,0.4704100,0.4700000,0.4703400,23358.7770200
2025-06-20 09:08:00,0.4703400,0.4709300,0.4702400,0.4708300,17371.1786600
2025-06-20 09:09:00,0.4707600,0.4707600,0.4700700,0.4701200,7903.7294900
2025-06-20 09:10:00,0.4701500,0.4703100,0.4692000,0.4692400,12773.5252700
2025-06-20 09:11:00,0.4692300,0.4696300,0.4689200,0.4696300,26581.1812200
2025-06-20 09:12:00,0.4695100,0.4698800,0.4692700,0.4698800,17448.7847500
2025-06-20 09:13:00,0.4698400,0.4716300,0.4698100,0.4714900,51458.1530900
2025-06-20 09:14:00,0.4715100,0.4722100,0.4715000,0.4716000,36199.0721900
2025-06-20 09:15:00,0.4716200,0.4719800,0.4711900,0.4711900,57540.8732900
2025-06-20 09:16:00,0.4712000,0.4712000,0.4704400,0.4704400,10628.1562500
2025-06-20 09:17:00,0.4704400,0.4709800,0.4699800,0.4709800,14608.4005900
2025-06-20 09:18:00,0.4709300,0.4709300,0.4706800,0.4707100,10062.5835900
2025-06-20 09:19:00,0.4707400,0.4714800,0.4707000,0.4709100,35355.2478700
2025-06-20 09:20:00,0.4708500,0.4708500,0.4701900,0.4703200,11000.9248000
2025-06-20 09:21:00,0.4702900,0.4717900,0.4702800,0.4717200,31036.8991600
2025-06-20 09:22:00,0.4717200,0.4727900,0.4716000,0.4727900,27275.9818000
2025-06-20 09:23:00,0.4727800,0.4731700,0.4726200,0.4726400,42793.2899600
2025-06-20 09:24:00,0.4727100,0.4727100,0.4721200,0.4722000,37038.2633800
2025-06-20 09:25:00,0.4721600,0.4724500,0.4718100,0.4724500,19399.0720600
2025-06-20 09:26:00,0.4724300,0.4729600,0.4724100,0.4725800,21496.9361900
2025-06-20 09:27:00,0.4724700,0.4727200,0.4724400,0.4725700,8038.4997500
2025-06-20 09:28:00,0.4725600,0.4725600,0.4713100,0.4714200,19045.7537600
2025-06-20 09:29:00,0.4714200,0.4715500,0.4713800,0.4713800,12477.9485700
2025-06-20 09:30:00,0.4713600,0.4726000,0.4713500,0.4724300,20014.9797400
2025-06-20 09:31:00,0.4724000,0.4729900,0.4722200,0.4729900,32885.9559500
2025-06-20 09:32:00,0.4728800,0.4728800,0.4723700,0.4724300,12017.2018700
2025-06-20 09:33:00,0.4724300,0.4737100,0.4723800,0.4736400,36277.3441500
2025-06-20 09:34:00,0.4736600,0.4752500,0.4736200,0.4749800,115421.5208500
2025-06-20 09:35:00,0.4749400,0.4772500,0.4749200,0.4770800,203615.6665900
2025-06-20 09:36:00,0.4770200,0.4787800,0.4767800,0.4767800,172226.3235000
2025-06-20 09:37:00,0.4767700,0.4782000,0.4762500,0.4781300,70743.2836400
2025-06-20 09:38:00,0.4780800,0.4782600,0.4774200,0.4775200,28601.5913800
2025-06-20 09:39:00,0.4774400,0.4777000,0.4762100,0.4762100,49019.9366300
2025-06-20 09:40:00,0.4762200,0.4775000,0.4761500,0.4772000,32805.2274200
2025-06-20 09:41:00,0.4772200,0.4772700,0.4764600,0.4769100,35423.8697700
2025-06-20 09:42:00,0.4769000,0.4772100,0.4765200,0.4765200,27825.3105100
2025-06-20 09:43:00,0.4765600,0.4778700,0.4765600,0.4777600,25571.9267600
2025-06-20 09:44:00,0.4777200,0.4777200,0.4766200,0.4767200,18291.5715900
2025-06-20 09:45:00,0.4766800,0.4767400,0.4758900,0.4760600,6878.7446800
2025-06-20 09:46:00,0.4760500,0.4767000,0.4760500,0.4766400,20293.8395600
2025-06-20 09:47:00,0.4766400,0.4766400,0.4757400,0.4765200,26268.4404700
2025-06-20 09:48:00,0.4764500,0.4764500,0.4753600,0.4757900,31488.4559100
2025-06-20 09:49:00,0.4757800,0.4763300,0.4757100,0.4762500,16797.4538000
2025-06-20 09:50:00,0.4762400,0.4765800,0.4760100,0.4760500,9686.4055200
2025-06-20 09:51:00,0.4760200,0.4768800,0.4758700,0.4766200,17558.2898100
2025-06-20 09:52:00,0.4766000,0.4766100,0.4762500,0.4764200,8482.5206800
2025-06-20 09:53:00,0.4763600,0.4766200,0.4761200,0.4765200,13114.3995000
2025-06-20 09:54:00,0.4764900,0.4772800,0.4763300,0.4772800,19182.5718100
2025-06-20 09:55:00,0.4772700,0.4778900,0.4769600,0.4778900,28649.5822700
2025-06-20 09:56:00,0.4778900,0.4779600,0.4771000,0.4772800,22654.4974700
2025-06-20 09:57:00,0.4772900,0.4775600,0.4770900,0.4770900,18558.2276000
2025-06-20 09:58:00,0.4771000,0.4773100,0.4768500,0.4770700,24292.6184700
2025-06-20 09:59:00,0.4770600,0.4773200,0.4766700,0.4770000,14547.1704900
2025-06-20 10:00:00,0.4769700,0.4772100,0.4760700,0.4760700,20172.8821600
2025-06-20 10:01:00,0.4761600,0.4772200,0.4761600,0.4767600,35390.9588400
2025-06-20 10:02:00,0.4767800,0.4768900,0.4755300,0.4756900,56079.7942300
2025-06-20 10:03:00,0.4757500,0.4759200,0.4755600,0.4757800,15804.4219900
2025-06-20 10:04:00,0.4758000,0.4766400,0.4758000,0.4762900,24378.0193000
2025-06-20 10:05:00,0.4763600,0.4764400,0.4760300,0.4762100,12162.2070600
2025-06-20 10:06:00,0.4761800,0.4767800,0.4761700,0.4762800,13837.4208200
2025-06-20 10:07:00,0.4762700,0.4768100,0.4762500,0.4768000,14441.0616800
2025-06-20 10:08:00,0.4767900,0.4768400,0.4764600,0.4765700,6235.1230800
2025-06-20 10:09:00,0.4765700,0.4768200,0.4764300,0.4764300,15721.4406000
2025-06-20 10:10:00,0.4764800,0.4766500,0.4756900,0.4757300,9959.5883400
2025-06-20 10:11:00,0.4757300,0.4760400,0.4754400,0.4756600,24591.0970500
2025-06-20 10:12:00,0.4756300,0.4760600,0.4754600,0.4760000,11960.3826300
2025-06-20 10:13:00,0.4760000,0.4761600,0.4759000,0.4759700,7653.2709500
2025-06-20 10:14:00,0.4759700,0.4767900,0.4759700,0.4765600,35472.2767300
2025-06-20 10:15:00,0.4765200,0.4769000,0.4764800,0.4767500,13853.0127600
2025-06-20 10:16:00,0.4767500,0.4776500,0.4763400,0.4764200,71206.1375400
2025-06-20 10:17:00,0.4764200,0.4768100,0.4761300,0.4765200,12212.7480100
2025-06-20 10:18:00,0.4765400,0.4774100,0.4765400,0.4774100,11650.6014600
2025-06-20 10:19:00,0.4774300,0.4780100,0.4774000,0.4777600,25114.6342500
2025-06-20 10:20:00,0.4777500,0.4799200,0.4777500,0.4796500,92584.4939300
2025-06-20 10:21:00,0.4796500,0.4816700,0.4791300,0.4813900,177220.8035200
2025-06-20 10:22:00,0.4814000,0.4839300,0.4809400,0.4838800,253601.4292500
2025-06-20 10:23:00,0.4838000,0.4841000,0.4819500,0.4824400,189960.5195000
2025-06-20 10:24:00,0.4824400,0.4825800,0.4812700,0.4816200,50493.0159000
2025-06-20 10:25:00,0.4815800,0.4820600,0.4812600,0.4813400,40095.1681200
2025-06-20 10:26:00,0.4814000,0.4823500,0.4812400,0.4816400,37392.3766200
2025-06-20 10:27:00,0.4817400,0.4823700,0.4809700,0.4813200,55225.6104300
2025-06-20 10:28:00,0.4813300,0.4822100,0.4812200,0.4820000,43436.1071000
2025-06-20 10:29:00,0.4819200,0.4822800,0.4810600,0.4810600,58970.4176800
2025-06-20 10:30:00,0.4810600,0.4825100,0.4810400,0.4817600,28277.9309400
2025-06-20 10:31:00,0.4817800,0.4822500,0.4816100,0.4819400,58066.3574500
2025-06-20 10:32:00,0.4818700,0.4818700,0.4801200,0.4808300,85076.2826300
2025-06-20 10:33:00,0.4808300,0.4816300,0.4803700,0.4815100,40351.8406500
2025-06-20 10:34:00,0.4815100,0.4837500,0.4809900,0.4833600,218601.9050600
2025-06-20 10:35:00,0.4833800,0.4846400,0.4833700,0.4838900,96145.7140500
2025-06-20 10:36:00,0.4840000,0.4850000,0.4832000,0.4847400,120742.6338500
2025-06-20 10:37:00,0.4846900,0.4858900,0.4841500,0.4854400,134966.5368900
2025-06-20 10:38:00,0.4853400,0.4863100,0.4849300,0.4857500,109788.9883200
2025-06-20 10:39:00,0.4857400,0.4869300,0.4853900,0.4858500,138602.4093500
2025-06-20 10:40:00,0.4859300,0.4876900,0.4858400,0.4873900,95395.4706700
2025-06-20 10:41:00,0.4873600,0.4909500,0.4871400,0.4904500,413780.1773900
2025-06-20 10:42:00,0.4904100,0.4911800,0.4892100,0.4892200,118425.2410700
2025-06-20 10:43:00,0.4893100,0.4900000,0.4891000,0.4898000,97979.7432700
2025-06-20 10:44:00,0.4898700,0.4899500,0.4890400,0.4893700,55920.1105200
2025-06-20 10:45:00,0.4893900,0.4910400,0.4893900,0.4899000,77710.7617900
2025-06-20 10:46:00,0.4898300,0.4898300,0.4866600,0.4866600,94493.1136800
2025-06-20 10:47:00,0.4867500,0.4874700,0.4857000,0.4869500,106363.0916900
2025-06-20 10:48:00,0.4869600,0.4886700,0.4869400,0.4881100,80903.9624600
2025-06-20 10:49:00,0.4882200,0.4885200,0.4872500,0.4875200,55204.3699900
2025-06-20 10:50:00,0.4874900,0.4889700,0.4870000,0.4885200,94964.4414400
2025-06-20 10:51:00,0.4884800,0.4899900,0.4881800,0.4895700,71822.4903500
2025-06-20 10:52:00,0.4897100,0.4900000,0.4880400,0.4880400,34219.5844800
2025-06-20 10:53:00,0.4880100,0.4884300,0.4863700,0.4864900,36848.7974600
2025-06-20 10:54:00,0.4865800,0.4880000,0.4865400,0.4880000,28305.1784000
2025-06-20 10:55:00,0.4880100,0.4894400,0.4880100,0.4892900,43673.5960000
2025-06-20 10:56:00,0.4893000,0.4893000,0.4877800,0.4878200,32897.8583100
2025-06-20 10:57:00,0.4878700,0.4883100,0.4876900,0.4876900,12091.1314600
2025-06-20 10:58:00,0.4876800,0.4876800,0.4873300,0.4874400,16209.3493200
2025-06-20 10:59:00,0.4874200,0.4879100,0.4874100,0.4877800,28127.5728500
2025-06-20 11:00:00,0.4878000,0.4882200,0.4870500,0.4872400,29052.3410200
2025-06-20 11:01:00,0.4872500,0.4874200,0.4860500,0.4862700,79727.9516200
2025-06-20 11:02:00,0.4861800,0.4886100,0.4861800,0.4877800,99822.2570600
2025-06-20 11:03:00,0.4877800,0.4885200,0.4873400,0.4884800,47318.4609700
2025-06-20 11:04:00,0.4885500,0.4899500,0.4880800,0.4898200,59376.9886300
2025-06-20 11:05:00,0.4898000,0.4910100,0.4894500,0.4895100,63437.8154000
2025-06-20 11:06:00,0.4894900,0.4907500,0.4890400,0.4907500,41055.4905500
2025-06-20 11:07:00,0.4906100,0.4917500,0.4905300,0.4913000,50995.4150200
2025-06-20 11:08:00,0.4913200,0.4913200,0.4895500,0.4898700,62680.1597700
2025-06-20 11:09:00,0.4898900,0.4916900,0.4898900,0.4905700,58628.2939400
2025-06-20 11:10:00,0.4905900,0.4923700,0.4905900,0.4920900,75769.6132000
2025-06-20 11:11:00,0.4920900,0.4927600,0.4909800,0.4918200,162960.2491100
2025-06-20 11:12:00,0.4918400,0.4936200,0.4918300,0.4927400,172629.3562700
2025-06-20 11:13:00,0.4927300,0.4935800,0.4922500,0.4933500,68237.4127200
2025-06-20 11:14:00,0.4933300,0.4944300,0.4930000,0.4942300,96794.0626100
2025-06-20 11:15:00,0.4942200,0.4953200,0.4938300,0.4952400,181510.6700400
2025-06-20 11:16:00,0.4952400,0.4953700,0.4942300,0.4942600,95469.2881300
2025-06-20 11:17:00,0.4943000,0.4943900,0.4931500,0.4934900,51612.9669600
2025-06-20 11:18:00,0.4934700,0.4946000,0.4932400,0.4942900,97414.1645000
2025-06-20 11:19:00,0.4942900,0.4949400,0.4938500,0.4947800,46847.2169200
2025-06-20 11:20:00,0.4947800,0.4947800,0.4937800,0.4940400,65141.7132400
2025-06-20 11:21:00,0.4940500,0.4955900,0.4935500,0.4951100,51628.7041100
2025-06-20 11:22:00,0.4950900,0.4963400,0.4948200,0.4959400,106674.8951800
2025-06-20 11:23:00,0.4959400,0.4967100,0.4958900,0.4962700,74011.7581400
2025-06-20 11:24:00,0.4962200,0.4969000,0.4961400,0.4969000,48666.2398700
2025-06-20 11:25:00,0.4969000,0.4969400,0.4959100,0.4965400,68420.5011900
2025-06-20 11:26:00,0.4965600,0.4982400,0.4958000,0.4982400,137170.7787600
2025-06-20 11:27:00,0.4982300,0.4996400,0.4981800,0.4992500,168397.0708800
2025-06-20 11:28:00,0.4991700,0.5000000,0.4984400,0.4996100,122014.3247300
2025-06-20 11:29:00,0.4995900,0.5016000,0.4995600,0.5004200,227492.3515200
2025-06-20 11:30:00,0.5003500,0.5015100,0.4977400,0.4990700,164935.3907900
2025-06-20 11:31:00,0.4990800,0.5003000,0.4983200,0.4998200,124363.7463900
2025-06-20 11:32:00,0.4998300,0.4998300,0.4958900,0.4966400,153200.6062800
2025-06-20 11:33:00,0.4965900,0.4969300,0.4948700,0.4958700,61571.8348100
2025-06-20 11:34:00,0.4957900,0.4961800,0.4946000,0.4961100,73283.0104500
2025-06-20 11:35:00,0.4961600,0.4964800,0.4960000,0.4964700,70460.8099100
2025-06-20 11:36:00,0.4964700,0.4991700,0.4963600,0.4989200,85700.7335800
2025-06-20 11:37:00,0.4989200,0.4992200,0.4976300,0.4977200,67461.4751600
2025-06-20 11:38:00,0.4978000,0.4984000,0.4967800,0.4967800,40640.5337900
2025-06-20 11:39:00,0.4968500,0.4968500,0.4949200,0.4956800,77547.6145200
2025-06-20 11:40:00,0.4956900,0.4958000,0.4942600,0.4948400,36705.0609800
2025-06-20 11:41:00,0.4948500,0.4950500,0.4944200,0.4946800,40889.0472000
2025-06-20 11:42:00,0.4946400,0.4953000,0.4936500,0.4946600,53206.4519700
2025-06-20 11:43:00,0.4946600,0.4947500,0.4926800,0.4927700,87365.3981700
2025-06-20 11:44:00,0.4927800,0.4931600,0.4923100,0.4926700,73921.5384900
2025-06-20 11:45:00,0.4926800,0.4965000,0.4926500,0.4950600,165336.7741700
2025-06-20 11:46:00,0.4950600,0.4950600,0.4940400,0.4942800,65649.5754600
2025-06-20 11:47:00,0.4942400,0.4959600,0.4937800,0.4959400,40350.8297800
2025-06-20 11:48:00,0.4957600,0.4978100,0.4955400,0.4968800,117663.9662600
2025-06-20 11:49:00,0.4969000,0.4974000,0.4960500,0.4966700,55519.2766000
2025-06-20 11:50:00,0.4966900,0.4967600,0.4951600,0.4954100,42149.7377300
2025-06-20 11:51:00,0.4953600,0.4966200,0.4953600,0.4960100,34422.4909700
2025-06-20 11:52:00,0.4960700,0.4972600,0.4960700,0.4966500,29119.6046600
2025-06-20 11:53:00,0.4966800,0.4974400,0.4966800,0.4968600,18356.9056900
2025-06-20 11:54:00,0.4969100,0.4978000,0.4963000,0.4964000,34305.0961300
2025-06-20 11:55:00,0.4964700,0.4971100,0.4963200,0.4964100,41985.1683300
2025-06-20 11:56:00,0.4964200,0.4965600,0.4957400,0.4957700,18453.2652400
2025-06-20 11:57:00,0.4957700,0.4961700,0.4947100,0.4949000,29435.1353500
2025-06-20 11:58:00,0.4949000,0.4949500,0.4942500,0.4945200,22748.6839200
2025-06-20 11:59:00,0.4945300,0.4953600,0.4944800,0.4951400,42154.0163100
2025-06-20 12:00:00,0.4951400,0.4982900,0.4951400,0.4971200,120183.9701600
2025-06-20 12:01:00,0.4971500,0.4977700,0.4961400,0.4977000,63619.1501600
2025-06-20 12:02:00,0.4976100,0.4992700,0.4974700,0.4984900,60696.4507000
2025-06-20 12:03:00,0.4984500,0.5002800,0.4983600,0.4998900,125366.4681600
2025-06-20 12:04:00,0.4998300,0.5008700,0.4995100,0.5006900,190423.6559700
2025-06-20 12:05:00,0.5006900,0.5011100,0.4995200,0.4996200,62410.9727100
2025-06-20 12:06:00,0.4997100,0.5008600,0.4991700,0.4993800,116204.0733300
2025-06-20 12:07:00,0.4993900,0.4995700,0.4983800,0.4983800,26362.6800600
2025-06-20 12:08:00,0.4983700,0.4987300,0.4977600,0.4986300,47980.0957300
2025-06-20 12:09:00,0.4986200,0.4986300,0.4969100,0.4969100,46893.9207300
2025-06-20 12:10:00,0.4970000,0.4982400,0.4969800,0.4980700,31874.4117700
2025-06-20 12:11:00,0.4980500,0.4982200,0.4962800,0.4963600,31697.3581700
2025-06-20 12:12:00,0.4963200,0.4975700,0.4958200,0.4975700,57507.2930000
2025-06-20 12:13:00,0.4975800,0.4979800,0.4972400,0.4975900,29472.5269700
2025-06-20 12:14:00,0.4975700,0.4982000,0.4966400,0.4967000,49117.6261700
2025-06-20 12:15:00,0.4967200,0.4984500,0.4967200,0.4967200,34427.3213100
2025-06-20 12:16:00,0.4967100,0.4967100,0.4954400,0.4960700,38107.9573600
2025-06-20 12:17:00,0.4960700,0.4963500,0.4958500,0.4958900,13632.1783900
2025-06-20 12:18:00,0.4959400,0.4964800,0.4958100,0.4964800,22506.1305300
2025-06-20 12:19:00,0.4964600,0.4977100,0.4964100,0.4977100,24177.0507600
2025-06-20 12:20:00,0.4977100,0.4986200,0.4977100,0.4984400,33332.7040700
2025-06-20 12:21:00,0.4984600,0.4991500,0.4981200,0.4988000,43086.6666400
2025-06-20 12:22:00,0.4988300,0.5002000,0.4988300,0.4992700,34730.2816100
2025-06-20 12:23:00,0.4993500,0.4995500,0.4988200,0.4994700,27206.5994800
2025-06-20 12:24:00,0.4994700,0.4998400,0.4983200,0.4989000,77632.5850300
2025-06-20 12:25:00,0.4989000,0.4997900,0.4988300,0.4992400,31537.7511800
2025-06-20 12:26:00,0.4992600,0.4994300,0.4985700,0.4985700,17148.2115700
2025-06-20 12:27:00,0.4985700,0.4989300,0.4981100,0.4981100,17516.2363400
2025-06-20 12:28:00,0.4981100,0.4984300,0.4976700,0.4980600,43823.9853600
2025-06-20 12:29:00,0.4980200,0.4990800,0.4979900,0.4990700,34456.7284800
2025-06-20 12:30:00,0.4990800,0.4995500,0.4987100,0.4994000,20230.2094900
2025-06-20 12:31:00,0.4994300,0.4995800,0.4975200,0.4975300,43881.2983000
2025-06-20 12:32:00,0.4975300,0.4979500,0.4965100,0.4965600,42941.0436300
2025-06-20 12:33:00,0.4965400,0.4974600,0.4959900,0.4974600,29864.4037500
2025-06-20 12:34:00,0.4974700,0.4984500,0.4970200,0.4984500,30908.4126000
2025-06-20 12:35:00,0.4984400,0.4985200,0.4967700,0.4968200,34758.4128900
2025-06-20 12:36:00,0.4968400,0.4976000,0.4964900,0.4975900,17527.7476300
2025-06-20 12:37:00,0.4975800,0.4977300,0.4958500,0.4959300,17247.5041000
2025-06-20 12:38:00,0.4959300,0.4963200,0.4956900,0.4961600,26778.3724800
2025-06-20 12:39:00,0.4961600,0.4962000,0.4953600,0.4960500,46206.4976300
2025-06-20 12:40:00,0.4960800,0.4963100,0.4956400,0.4957200,37197.4814900
2025-06-20 12:41:00,0.4956800,0.4956800,0.4946400,0.4949800,50776.9772500
2025-06-20 12:42:00,0.4949800,0.4986600,0.4949800,0.4981600,186711.7691800
2025-06-20 12:43:00,0.4981600,0.4984200,0.4975700,0.4975700,29210.2488000
2025-06-20 12:44:00,0.4975700,0.4988400,0.4973300,0.4983900,30921.7073500
2025-06-20 12:45:00,0.4983900,0.4991400,0.4983800,0.4985600,19864.1452000
2025-06-20 12:46:00,0.4986400,0.4986400,0.4968500,0.4969000,19456.4210300
2025-06-20 12:47:00,0.4969300,0.4982400,0.4966900,0.4979800,22949.5572800
2025-06-20 12:48:00,0.4979800,0.4981000,0.4975600,0.4979200,15116.7897200
2025-06-20 12:49:00,0.4979400,0.4980900,0.4972800,0.4980200,18948.0700100
2025-06-20 12:50:00,0.4980400,0.4995400,0.4979700,0.4991200,22650.3085000
2025-06-20 12:51:00,0.4991300,0.4992800,0.4984600,0.4985300,33573.7263400
2025-06-20 12:52:00,0.4985300,0.4992700,0.4981300,0.4992700,29800.6623000
2025-06-20 12:53:00,0.4992700,0.5001900,0.4988300,0.4999800,42029.6121900
2025-06-20 12:54:00,0.5000200,0.5002200,0.4993200,0.4997700,63873.1305500
2025-06-20 12:55:00,0.4997700,0.4997800,0.4989400,0.4996900,58696.1181700
2025-06-20 12:56:00,0.4997100,0.4998600,0.4993200,0.4993200,20025.7699500
2025-06-20 12:57:00,0.4994100,0.5002900,0.4992600,0.5002500,52097.4727400
2025-06-20 12:58:00,0.5002800,0.5006300,0.4997800,0.4997800,27436.3264600
2025-06-20 12:59:00,0.4996900,0.5000000,0.4975400,0.4982300,170072.1737100
2025-06-20 13:00:00,0.4981900,0.4996000,0.4978500,0.4991100,113903.6873900
2025-06-20 13:01:00,0.4991700,0.5021200,0.4991200,0.5000000,170432.1849900
2025-06-20 13:02:00,0.4999400,0.5008400,0.4993200,0.5006900,48717.4609800
2025-06-20 13:03:00,0.5005700,0.5006100,0.4995700,0.4995700,34124.6041900
2025-06-20 13:04:00,0.4996100,0.5005200,0.4993800,0.5002500,40032.5350400
2025-06-20 13:05:00,0.5002400,0.5002400,0.4991400,0.4993700,11816.5089500
2025-06-20 13:06:00,0.4993700,0.4993700,0.4985800,0.4986700,38738.3142800
2025-06-20 13:07:00,0.4987100,0.4990800,0.4981600,0.4990000,17318.3873100
2025-06-20 13:08:00,0.4990700,0.4993100,0.4988100,0.4991600,17285.6353300
2025-06-20 13:09:00,0.4992800,0.4995300,0.4987600,0.4987600,14809.1824000
2025-06-20 13:10:00,0.4987600,0.4993200,0.4980000,0.4993200,49376.0830400
2025-06-20 13:11:00,0.4993300,0.4993700,0.4983400,0.4984000,23177.9546300
2025-06-20 13:12:00,0.4983900,0.4987000,0.4980400,0.4985300,48049.2191200
2025-06-20 13:13:00,0.4985600,0.4986200,0.4977800,0.4980800,32888.8548300
2025-06-20 13:14:00,0.4981300,0.4986600,0.4981200,0.4986200,15499.0633600
2025-06-20 13:15:00,0.4986200,0.4995000,0.4986200,0.4994000,24064.3753600
2025-06-20 13:16:00,0.4994400,0.5005800,0.4994400,0.5004100,38103.3172600
2025-06-20 13:17:00,0.5004000,0.5004300,0.4997400,0.5003300,23206.8735500
2025-06-20 13:18:00,0.5003000,0.5012700,0.5003000,0.5008500,85619.0221100
2025-06-20 13:19:00,0.5009100,0.5017600,0.5005200,0.5016900,56549.1337900
2025-06-20 13:20:00,0.5016900,0.5016900,0.4998200,0.5000900,28854.4824200
2025-06-20 13:21:00,0.5001100,0.5005900,0.4992500,0.5005700,130337.6702300
2025-06-20 13:22:00,0.5005700,0.5022800,0.5005700,0.5021400,71735.9853400
2025-06-20 13:23:00,0.5022300,0.5048500,0.5021700,0.5047500,128750.3358900
2025-06-20 13:24:00,0.5046900,0.5049400,0.5025600,0.5030100,145385.9384700
2025-06-20 13:25:00,0.5030200,0.5049900,0.5030200,0.5044400,94572.3644800
2025-06-20 13:26:00,0.5044900,0.5044900,0.5022100,0.5022100,64972.3940400
2025-06-20 13:27:00,0.5022100,0.5024000,0.5013600,0.5013600,51568.0653700
2025-06-20 13:28:00,0.5013300,0.5015500,0.5006000,0.5006000,54182.6717000
2025-06-20 13:29:00,0.5006400,0.5014700,0.5003700,0.5014400,28768.3784700
2025-06-20 13:30:00,0.5014400,0.5014400,0.5001700,0.5009200,34712.3258000
2025-06-20 13:31:00,0.5009100,0.5011500,0.5006100,0.5010500,16860.6872200
2025-06-20 13:32:00,0.5010500,0.5010600,0.4993400,0.4993400,52274.9730700
2025-06-20 13:33:00,0.4993200,0.4994200,0.4981400,0.4983000,144051.6435100
2025-06-20 13:34:00,0.4983000,0.4984600,0.4977400,0.4980800,63333.4099000
2025-06-20 13:35:00,0.4980900,0.4988800,0.4977800,0.4986600,42118.4336200
2025-06-20 13:36:00,0.4986500,0.4992300,0.4983500,0.4986300,44390.5480200
2025-06-20 13:37:00,0.4986200,0.5003200,0.4985300,0.5000400,51319.6309500
2025-06-20 13:38:00,0.5001200,0.5007200,0.4992000,0.5005600,42422.8349100
2025-06-20 13:39:00,0.5004900,0.5008600,0.5001800,0.5004100,32774.3498700
2025-06-20 13:40:00,0.5004700,0.5005200,0.4992100,0.4996800,26077.9544100
2025-06-20 13:41:00,0.4996500,0.4999300,0.4992100,0.4993900,30404.8188700
2025-06-20 13:42:00,0.4993700,0.4995600,0.4987100,0.4988600,23438.9868700
2025-06-20 13:43:00,0.4988100,0.4993400,0.4985200,0.4992300,28339.7220500
2025-06-20 13:44:00,0.4991900,0.4991900,0.4985800,0.4986000,8795.1762600
2025-06-20 13:45:00,0.4986800,0.4998700,0.4986800,0.4993100,34194.5486900
2025-06-20 13:46:00,0.4992900,0.4992900,0.4978100,0.4978700,18900.9758900
2025-06-20 13:47:00,0.4978800,0.4978900,0.4971700,0.4975800,52756.0498700
2025-06-20 13:48:00,0.4974900,0.4975300,0.4967500,0.4973300,35031.2340000
2025-06-20 13:49:00,0.4972900,0.4982600,0.4972000,0.4982000,25891.1169000
2025-06-20 13:50:00,0.4982000,0.4985800,0.4968000,0.4968000,71624.4968400
2025-06-20 13:51:00,0.4969500,0.4975500,0.4968000,0.4968000,20416.2114200
2025-06-20 13:52:00,0.4967700,0.4968800,0.4964600,0.4964600,12873.3394200
2025-06-20 13:53:00,0.4964500,0.4965500,0.4960000,0.4965500,20610.4724000
2025-06-20 13:54:00,0.4965400,0.4965600,0.4956300,0.4963000,92354.1840300
2025-06-20 13:55:00,0.4963100,0.4973600,0.4963100,0.4970800,50662.5151800
2025-06-20 13:56:00,0.4971100,0.4972100,0.4963600,0.4965300,22108.2310100
2025-06-20 13:57:00,0.4965500,0.4966500,0.4958900,0.4959800,27507.4414400
2025-06-20 13:58:00,0.4959900,0.4963500,0.4958500,0.4960200,10604.3023600
2025-06-20 13:59:00,0.4960200,0.4965500,0.4954300,0.4955600,33555.9441100
2025-06-20 14:00:00,0.4955400,0.4966700,0.4951900,0.4963300,44234.6728000
2025-06-20 14:01:00,0.4962600,0.4967100,0.4955200,0.4958600,51459.0506600
2025-06-20 14:02:00,0.4958500,0.4958500,0.4944300,0.4950700,136978.9206000
2025-06-20 14:03:00,0.4950300,0.4955900,0.4946700,0.4950700,87601.5449500
2025-06-20 14:04:00,0.4950700,0.4960800,0.4950700,0.4960800,33413.5313100
2025-06-20 14:05:00,0.4959700,0.4963900,0.4954900,0.4963000,27542.7716000
2025-06-20 14:06:00,0.4963000,0.4964100,0.4958100,0.4960900,45577.7288100
2025-06-20 14:07:00,0.4960800,0.4960900,0.4951900,0.4953300,26364.0696200
2025-06-20 14:08:00,0.4953600,0.4953700,0.4950300,0.4952200,15304.3333000
2025-06-20 14:09:00,0.4953000,0.4958700,0.4951000,0.4951200,12736.1214200
2025-06-20 14:10:00,0.4951800,0.4953900,0.4948900,0.4951200,23567.8625000
2025-06-20 14:11:00,0.4951200,0.4951200,0.4945100,0.4945100,16873.4058500
2025-06-20 14:12:00,0.4945300,0.4947300,0.4933900,0.4938700,71452.9215100
2025-06-20 14:13:00,0.4938800,0.4941900,0.4932900,0.4941900,32916.2303300
2025-06-20 14:14:00,0.4941900,0.4949100,0.4941200,0.4948700,53789.5895700
2025-06-20 14:15:00,0.4948300,0.4955700,0.4936300,0.4936300,81792.1088800
2025-06-20 14:16:00,0.4937200,0.4951000,0.4937200,0.4943000,65574.7519200
2025-06-20 14:17:00,0.4941800,0.4941800,0.4934900,0.4935600,25525.0617500
2025-06-20 14:18:00,0.4936500,0.4951500,0.4936500,0.4947800,23094.8543600
2025-06-20 14:19:00,0.4948300,0.4954500,0.4939200,0.4954500,104069.7926400
2025-06-20 14:20:00,0.4954400,0.4965400,0.4951200,0.4958600,119439.0568000
2025-06-20 14:21:00,0.4959400,0.4963900,0.4958100,0.4962600,19854.6355000
2025-06-20 14:22:00,0.4962300,0.4962400,0.4952800,0.4958200,24808.9761900
2025-06-20 14:23:00,0.4958500,0.4965500,0.4955700,0.4965000,36828.2033100
2025-06-20 14:24:00,0.4964800,0.4966600,0.4960100,0.4965700,40320.7541700
2025-06-20 14:25:00,0.4965700,0.4977100,0.4965700,0.4971700,93554.1471700
2025-06-20 14:26:00,0.4971700,0.4973600,0.4961400,0.4973500,131120.2662000
2025-06-20 14:27:00,0.4971900,0.4971900,0.4967400,0.4968100,5902.6944100
2025-06-20 14:28:00,0.4968000,0.4968600,0.4961300,0.4961300,47370.7141800
2025-06-20 14:29:00,0.4961200,0.4961200,0.4954400,0.4954400,15573.3046200
2025-06-20 14:30:00,0.4954500,0.4960800,0.4952900,0.4958200,15515.3412500
2025-06-20 14:31:00,0.4958400,0.4960200,0.4953300,0.4953300,18058.4182100
2025-06-20 14:32:00,0.4953300,0.4953300,0.4939900,0.4940600,82744.7283800
2025-06-20 14:33:00,0.4940800,0.4940900,0.4928900,0.4932800,123234.1782800
2025-06-20 14:34:00,0.4932700,0.4946000,0.4929300,0.4932100,96268.8382300
2025-06-20 14:35:00,0.4932000,0.4935600,0.4923500,0.4924000,53811.8275100
2025-06-20 14:36:00,0.4924000,0.4924300,0.4912900,0.4917500,123018.2626400
2025-06-20 14:37:00,0.4917200,0.4923400,0.4915600,0.4915800,42467.9513800
2025-06-20 14:38:00,0.4915800,0.4920700,0.4914000,0.4916100,56655.0678700
2025-06-20 14:39:00,0.4916100,0.4926000,0.4915200,0.4918000,53206.0261700
2025-06-20 14:40:00,0.4917400,0.4924400,0.4917200,0.4920200,28430.4287800
2025-06-20 14:41:00,0.4920300,0.4920300,0.4916100,0.4917300,21998.9197000
2025-06-20 14:42:00,0.4917300,0.4928100,0.4916700,0.4917300,130225.7308800
2025-06-20 14:43:00,0.4918400,0.4929500,0.4917500,0.4929500,38626.1883100
2025-06-20 14:44:00,0.4929000,0.4934700,0.4921400,0.4931900,75381.4083300
2025-06-20 14:45:00,0.4931900,0.4945900,0.4931900,0.4933300,168842.3948100
2025-06-20 14:46:00,0.4933900,0.4946300,0.4933900,0.4940400,47636.5735400
2025-06-20 14:47:00,0.4939800,0.4943900,0.4937400,0.4938600,22014.5724900
2025-06-20 14:48:00,0.4938700,0.4945600,0.4938700,0.4944000,23666.2068300
2025-06-20 14:49:00,0.4944000,0.4952700,0.4944000,0.4952600,54745.8328400
2025-06-20 14:50:00,0.4951300,0.4972400,0.4950800,0.4970700,319992.3303400
2025-06-20 14:51:00,0.4970600,0.4988100,0.4964400,0.4988100,134467.6750200
2025-06-20 14:52:00,0.4988400,0.4989500,0.4978400,0.4978800,40878.4264800
2025-06-20 14:53:00,0.4978900,0.4983900,0.4975500,0.4983500,40944.9365700
2025-06-20 14:54:00,0.4983600,0.4989400,0.4980600,0.4985200,74256.3130100
2025-06-20 14:55:00,0.4984200,0.4989100,0.4973100,0.4980300,99213.2343500
2025-06-20 14:56:00,0.4979900,0.4987100,0.4977300,0.4977700,60531.8606200
2025-06-20 14:57:00,0.4977800,0.4978800,0.4974500,0.4976700,17119.3119600
2025-06-20 14:58:00,0.4976800,0.4980500,0.4970600,0.4977000,39350.2134100
2025-06-20 14:59:00,0.4977300,0.4979500,0.4973400,0.4973400,17185.6296600
2025-06-20 15:00:00,0.4973300,0.4982700,0.4965900,0.4965900,113480.8041200
2025-06-20 15:01:00,0.4965600,0.4965600,0.4953000,0.4956300,111451.6034300
2025-06-20 15:02:00,0.4956000,0.4956000,0.4943300,0.4944000,38372.3846700
2025-06-20 15:03:00,0.4943200,0.4951500,0.4939500,0.4945200,67061.9122400
2025-06-20 15:04:00,0.4945200,0.4947900,0.4940200,0.4947800,39480.7069000
2025-06-20 15:05:00,0.4947600,0.4955600,0.4939300,0.4953700,84433.5097500
2025-06-20 15:06:00,0.4952100,0.4952100,0.4938100,0.4944400,70102.4810200
2025-06-20 15:07:00,0.4943200,0.4943200,0.4933500,0.4933700,45079.7790300
2025-06-20 15:08:00,0.4933900,0.4936400,0.4927400,0.4933900,59188.1049400
2025-06-20 15:09:00,0.4933800,0.4950000,0.4932100,0.4949400,74227.2138500
2025-06-20 15:10:00,0.4948900,0.4948900,0.4941200,0.4945200,26764.5546400
2025-06-20 15:11:00,0.4945600,0.4945600,0.4937400,0.4943200,35167.0233800
2025-06-20 15:12:00,0.4943600,0.4953600,0.4942800,0.4948000,29518.0397900
2025-06-20 15:13:00,0.4947000,0.4952400,0.4942100,0.4949800,21475.7930300
2025-06-20 15:14:00,0.4949800,0.4958400,0.4946900,0.4958200,42455.9121300
2025-06-20 15:15:00,0.4958100,0.4967500,0.4956000,0.4961000,46719.8729300
2025-06-20 15:16:00,0.4961300,0.4965800,0.4957500,0.4960800,30804.9218500
2025-06-20 15:17:00,0.4960700,0.4963900,0.4954400,0.4955000,23692.4887200
2025-06-20 15:18:00,0.4955300,0.4962200,0.4955300,0.4956700,18687.8034300
2025-06-20 15:19:00,0.4956100,0.4967700,0.4953000,0.4966300,20751.5728500
2025-06-20 15:20:00,0.4966500,0.4966500,0.4955800,0.4964200,18169.4755900
2025-06-20 15:21:00,0.4964400,0.4969900,0.4964400,0.4969800,21974.8129000
2025-06-20 15:22:00,0.4969800,0.4970600,0.4958900,0.4964400,50985.6936200
2025-06-20 15:23:00,0.4964700,0.4969700,0.4959400,0.4969600,52980.2172600
2025-06-20 15:24:00,0.4969600,0.4970200,0.4954300,0.4956700,40918.4974800
2025-06-20 15:25:00,0.4956200,0.4968800,0.4953200,0.4963800,73886.5396900
2025-06-20 15:26:00,0.4963200,0.4964000,0.4954900,0.4957600,9701.1087300
2025-06-20 15:27:00,0.4958500,0.4967500,0.4952100,0.4959100,92303.6113300
2025-06-20 15:28:00,0.4959300,0.4962800,0.4954300,0.4956700,32152.9937900
2025-06-20 15:29:00,0.4956700,0.4961100,0.4951100,0.4955000,26200.8835200
2025-06-20 15:30:00,0.4955200,0.4955200,0.4945000,0.4945500,30913.6145800
2025-06-20 15:31:00,0.4945600,0.4953300,0.4943000,0.4946400,53709.3756900
2025-06-20 15:32:00,0.4945300,0.4950000,0.4940600,0.4945500,18172.0165500
2025-06-20 15:33:00,0.4945500,0.4957000,0.4941900,0.4954300,14361.9665100
2025-06-20 15:34:00,0.4954300,0.4961200,0.4953400,0.4954800,14295.3986600
2025-06-20 15:35:00,0.4955400,0.4964300,0.4952700,0.4963200,38457.5748400
2025-06-20 15:36:00,0.4962800,0.4962800,0.4951400,0.4955300,17278.3519100
2025-06-20 15:37:00,0.4955900,0.4961400,0.4955900,0.4958800,10487.3949700
2025-06-20 15:38:00,0.4958800,0.4962900,0.4953500,0.4961800,32610.0673700
2025-06-20 15:39:00,0.4962100,0.4964300,0.4957300,0.4961400,17247.9618800
2025-06-20 15:40:00,0.4961600,0.4964800,0.4955200,0.4962800,22469.6924900
2025-06-20 15:41:00,0.4963300,0.4964300,0.4953700,0.4955400,25872.8445400
2025-06-20 15:42:00,0.4953800,0.4956700,0.4948300,0.4950900,38688.3624200
2025-06-20 15:43:00,0.4952000,0.4959600,0.4948000,0.4949400,48847.5117200
2025-06-20 15:44:00,0.4948400,0.4958000,0.4948400,0.4950000,16289.9237200
2025-06-20 15:45:00,0.4950600,0.4957100,0.4948900,0.4953500,42513.3768600
2025-06-20 15:46:00,0.4953600,0.4954300,0.4947500,0.4950400,15063.6993100
2025-06-20 15:47:00,0.4950400,0.4953500,0.4946700,0.4952500,47448.3088200
2025-06-20 15:48:00,0.4951100,0.4955300,0.4947800,0.4949400,27237.2118200
2025-06-20 15:49:00,0.4950000,0.4955900,0.4949800,0.4949800,27213.5745900
2025-06-20 15:50:00,0.4949600,0.4955300,0.4949400,0.4953600,32499.9262000
2025-06-20 15:51:00,0.4953900,0.4956900,0.4949800,0.4955000,38449.1481300
2025-06-20 15:52:00,0.4955000,0.4955000,0.4947600,0.4948000,12107.7403400
2025-06-20 15:53:00,0.4947600,0.4947600,0.4936000,0.4938600,9326.2352800
2025-06-20 15:54:00,0.4939700,0.4942900,0.4931800,0.4934900,55289.2209400
2025-06-20 15:55:00,0.4934900,0.4941100,0.4931900,0.4935200,75802.6348900
2025-06-20 15:56:00,0.4934400,0.4940100,0.4932000,0.4934300,58148.3459200
2025-06-20 15:57:00,0.4934200,0.4934200,0.4923800,0.4926100,31921.9184400
2025-06-20 15:58:00,0.4926700,0.4929400,0.4924200,0.4925700,33857.0745000
2025-06-20 15:59:00,0.4925200,0.4930400,0.4921600,0.4922700,37023.4105600
2025-06-20 16:00:00,0.4921800,0.4929800,0.4919400,0.4921600,53602.5370900
2025-06-20 16:01:00,0.4921600,0.4926300,0.4916400,0.4923800,39698.4429400
2025-06-20 16:02:00,0.4923800,0.4928600,0.4917800,0.4925200,19229.6826900
2025-06-20 16:03:00,0.4924900,0.4928400,0.4921200,0.4927300,20702.4631200
2025-06-20 16:04:00,0.4927300,0.4935400,0.4917500,0.4935400,79100.4653200
2025-06-20 16:05:00,0.4933800,0.4934800,0.4926600,0.4927600,20783.1331200
2025-06-20 16:06:00,0.4927600,0.4930300,0.4923000,0.4923000,20606.7483800
2025-06-20 16:07:00,0.4922800,0.4932200,0.4922200,0.4927500,78387.7808500
2025-06-20 16:08:00,0.4927900,0.4931100,0.4917000,0.4918500,37892.1548400
2025-06-20 16:09:00,0.4918300,0.4926900,0.4918200,0.4922300,31829.0800500
2025-06-20 16:10:00,0.4922100,0.4922400,0.4916400,0.4916400,58186.6022300
2025-06-20 16:11:00,0.4916200,0.4924900,0.4916200,0.4923900,28307.2042400
2025-06-20 16:12:00,0.4923400,0.4924600,0.4918500,0.4924600,32848.8567700
2025-06-20 16:13:00,0.4922400,0.4927900,0.4922300,0.4922700,20078.7959600
2025-06-20 16:14:00,0.4922100,0.4922100,0.4911900,0.4911900,63486.7286900
2025-06-20 16:15:00,0.4912000,0.4917100,0.4903200,0.4914600,104135.4088200
2025-06-20 16:16:00,0.4914600,0.4919800,0.4913600,0.4919700,19906.3375100
2025-06-20 16:17:00,0.4919800,0.4921800,0.4916400,0.4918500,32468.7807700
2025-06-20 16:18:00,0.4917900,0.4918500,0.4914700,0.4914700,15625.3093700
2025-06-20 16:19:00,0.4914500,0.4923400,0.4914400,0.4918400,45984.3131400
2025-06-20 16:20:00,0.4918700,0.4925600,0.4917200,0.4923000,34367.7810400
2025-06-20 16:21:00,0.4922000,0.4927800,0.4921300,0.4927800,25048.4746200
2025-06-20 16:22:00,0.4927900,0.4946100,0.4927900,0.4942600,65676.0979300
2025-06-20 16:23:00,0.4943300,0.4944600,0.4936300,0.4941400,32834.1695900
2025-06-20 16:24:00,0.4941400,0.4943800,0.4932900,0.4940800,22297.7163100
2025-06-20 16:25:00,0.4940900,0.4957100,0.4940900,0.4951200,136836.0108500
2025-06-20 16:26:00,0.4951100,0.4951100,0.4938400,0.4940000,33605.1669800
2025-06-20 16:27:00,0.4940700,0.4946500,0.4937900,0.4944900,40702.5191300
2025-06-20 16:28:00,0.4945600,0.4949900,0.4938100,0.4939000,39562.5754400
2025-06-20 16:29:00,0.4939500,0.4943300,0.4937100,0.4942100,30315.9076800
2025-06-20 16:30:00,0.4941700,0.4948000,0.4935500,0.4943900,39489.5729900
2025-06-20 16:31:00,0.4943400,0.4946000,0.4933500,0.4938200,21261.7052900
2025-06-20 16:32:00,0.4937800,0.4944200,0.4930900,0.4934400,55232.4046100
2025-06-20 16:33:00,0.4934500,0.4940600,0.4929600,0.4930900,31319.1388000
2025-06-20 16:34:00,0.4931100,0.4940000,0.4928000,0.4939800,95255.1807200
2025-06-20 16:35:00,0.4938800,0.4944300,0.4935500,0.4937500,26216.4827000
2025-06-20 16:36:00,0.4937600,0.4943300,0.4928500,0.4934000,82731.1291000
2025-06-20 16:37:00,0.4935900,0.4935900,0.4923400,0.4928200,35745.9002400
2025-06-20 16:38:00,0.4927100,0.4929900,0.4920900,0.4925600,31450.7651500
2025-06-20 16:39:00,0.4926000,0.4939800,0.4924900,0.4936000,41755.2669100
2025-06-20 16:40:00,0.4936300,0.4944700,0.4927900,0.4928600,31440.6954600
2025-06-20 16:41:00,0.4929000,0.4933900,0.4922100,0.4932600,19173.5567100
2025-06-20 16:42:00,0.4932900,0.4934000,0.4927100,0.4931400,36579.8925700
2025-06-20 16:43:00,0.4932000,0.4935000,0.4924100,0.4935000,32230.7298200
2025-06-20 16:44:00,0.4934100,0.4934600,0.4917000,0.4919200,108845.5230500
2025-06-20 16:45:00,0.4919400,0.4920500,0.4900200,0.4900300,108095.3744400
2025-06-20 16:46:00,0.4900500,0.4900500,0.4882000,0.4882000,342712.2657300
2025-06-20 16:47:00,0.4882000,0.4888100,0.4874100,0.4882200,188182.4096600
2025-06-20 16:48:00,0.4881900,0.4882700,0.4860000,0.4869900,141378.7835500
2025-06-20 16:49:00,0.4870000,0.4877400,0.4866600,0.4871500,106960.5205000
2025-06-20 16:50:00,0.4872300,0.4884200,0.4868700,0.4880000,96187.6033700
2025-06-20 16:51:00,0.4880500,0.4888000,0.4869400,0.4880600,177934.2882300
2025-06-20 16:52:00,0.4880700,0.4888600,0.4879700,0.4880300,76440.0918000
2025-06-20 16:53:00,0.4880300,0.4883700,0.4875200,0.4882900,17548.7142600
2025-06-20 16:54:00,0.4882900,0.4912200,0.4878900,0.4885100,461919.6038900
2025-06-20 16:55:00,0.4885400,0.4911600,0.4881100,0.4892800,283983.9629200
2025-06-20 16:56:00,0.4892000,0.4901600,0.4888200,0.4892100,63082.9040500
2025-06-20 16:57:00,0.4892100,0.4895200,0.4887800,0.4892100,43416.0833000
2025-06-20 16:58:00,0.4891900,0.4892300,0.4884600,0.4888100,33766.7952200
2025-06-20 16:59:00,0.4887900,0.4898500,0.4887900,0.4897100,78544.1284100
2025-06-20 17:00:00,0.4897200,0.4900600,0.4889700,0.4893200,41605.2317200
2025-06-20 17:01:00,0.4893000,0.4898800,0.4886600,0.4891000,48131.4882600
2025-06-20 17:02:00,0.4891000,0.4914000,0.4891000,0.4913900,36381.3423100
2025-06-20 17:03:00,0.4913000,0.4914100,0.4905100,0.4914100,54244.3176400
2025-06-20 17:04:00,0.4914100,0.4919600,0.4911900,0.4915600,34202.6801100
2025-06-20 17:05:00,0.4916500,0.4925000,0.4914600,0.4915800,41641.0559100
2025-06-20 17:06:00,0.4915700,0.4917800,0.4910600,0.4912200,32619.1388700
2025-06-20 17:07:00,0.4912400,0.4912500,0.4905500,0.4906700,9632.8193800
2025-06-20 17:08:00,0.4906700,0.4906700,0.4893100,0.4895200,47946.6988900
2025-06-20 17:09:00,0.4895500,0.4897800,0.4891900,0.4891900,36282.2918000
2025-06-20 17:10:00,0.4892400,0.4892500,0.4878500,0.4881900,38562.3365300
2025-06-20 17:11:00,0.4882600,0.4886600,0.4873100,0.4877100,32490.0844900
2025-06-20 17:12:00,0.4875600,0.4876700,0.4869400,0.4875000,62617.9832800
2025-06-20 17:13:00,0.4875000,0.4879200,0.4868500,0.4869300,51084.0941400
2025-06-20 17:14:00,0.4869700,0.4875700,0.4868800,0.4875700,23267.4875600
2025-06-20 17:15:00,0.4875500,0.4879100,0.4861600,0.4876400,73152.0051700
2025-06-20 17:16:00,0.4877200,0.4885300,0.4873000,0.4876200,26924.8760200
2025-06-20 17:17:00,0.4876600,0.4877600,0.4859800,0.4867700,71652.3696600
2025-06-20 17:18:00,0.4868100,0.4868100,0.4859200,0.4862200,32340.9379100
2025-06-20 17:19:00,0.4862600,0.4876600,0.4860800,0.4874100,65358.4787700
2025-06-20 17:20:00,0.4872000,0.4874700,0.4866000,0.4871900,61987.9462800
2025-06-20 17:21:00,0.4871600,0.4871600,0.4855100,0.4855500,34489.8417300
2025-06-20 17:22:00,0.4855900,0.4856200,0.4846600,0.4851700,78196.9927300
2025-06-20 17:23:00,0.4851200,0.4853900,0.4834400,0.4838100,96928.5185800
2025-06-20 17:24:00,0.4838200,0.4842500,0.4825000,0.4832000,159178.6261900
2025-06-20 17:25:00,0.4832100,0.4832100,0.4818800,0.4829200,127594.7668800
2025-06-20 17:26:00,0.4828600,0.4829600,0.4821100,0.4824300,63713.0919600
2025-06-20 17:27:00,0.4824500,0.4826400,0.4816400,0.4824700,145033.8886700
2025-06-20 17:28:00,0.4824700,0.4832400,0.4823500,0.4826400,88328.0633800
2025-06-20 17:29:00,0.4826400,0.4834500,0.4823100,0.4830800,131289.8861800
2025-06-20 17:30:00,0.4831400,0.4833800,0.4825700,0.4832700,56646.3611900
2025-06-20 17:31:00,0.4832700,0.4839400,0.4828800,0.4839400,34110.7832900
2025-06-20 17:32:00,0.4839400,0.4845100,0.4833100,0.4833100,44169.8136000
2025-06-20 17:33:00,0.4833100,0.4837400,0.4829500,0.4830200,35634.8102200
2025-06-20 17:34:00,0.4830200,0.4830200,0.4814800,0.4820300,97904.1238600
2025-06-20 17:35:00,0.4821500,0.4830300,0.4821400,0.4824400,72224.8324100
2025-06-20 17:36:00,0.4824400,0.4830000,0.4824400,0.4829000,43573.6946300
2025-06-20 17:37:00,0.4828900,0.4831800,0.4825400,0.4830300,55051.8463000
2025-06-20 17:38:00,0.4830300,0.4832500,0.4825100,0.4832500,25537.5177000
2025-06-20 17:39:00,0.4831800,0.4831800,0.4818600,0.4824300,38067.3045100
2025-06-20 17:40:00,0.4824300,0.4824300,0.4810700,0.4811200,46361.7660000
2025-06-20 17:41:00,0.4811700,0.4821800,0.4808000,0.4814600,45302.5373900
2025-06-20 17:42:00,0.4814400,0.4816800,0.4804200,0.4804200,81147.6006300
2025-06-20 17:43:00,0.4803900,0.4815300,0.4803900,0.4806600,42893.6452600
2025-06-20 17:44:00,0.4806000,0.4811500,0.4802600,0.4810100,58667.3851600
2025-06-20 17:45:00,0.4809900,0.4809900,0.4800100,0.4801000,66721.9974600
2025-06-20 17:46:00,0.4801100,0.4806000,0.4793100,0.4805300,91485.5668900
2025-06-20 17:47:00,0.4805500,0.4814400,0.4803200,0.4806200,32629.4133500
2025-06-20 17:48:00,0.4805600,0.4811100,0.4805300,0.4806700,19728.3634400
2025-06-20 17:49:00,0.4806700,0.4806900,0.4798800,0.4799300,44326.7419200
2025-06-20 17:50:00,0.4799500,0.4799500,0.4772200,0.4780300,209269.7866000
2025-06-20 17:51:00,0.4779300,0.4779300,0.4767400,0.4773200,112135.3739100
2025-06-20 17:52:00,0.4773300,0.4776900,0.4767200,0.4770100,67792.9710000
2025-06-20 17:53:00,0.4770000,0.4774000,0.4762500,0.4767100,68925.0267300
2025-06-20 17:54:00,0.4767100,0.4767800,0.4758700,0.4764100,69653.1830500
2025-06-20 17:55:00,0.4764000,0.4764100,0.4746800,0.4761500,113968.6918000
2025-06-20 17:56:00,0.4758200,0.4762600,0.4744300,0.4744500,110730.1524600
2025-06-20 17:57:00,0.4744500,0.4749000,0.4738400,0.4745200,154272.6290700
2025-06-20 17:58:00,0.4745200,0.4753900,0.4742800,0.4748700,86045.1952300
2025-06-20 17:59:00,0.4749300,0.4756700,0.4742100,0.4748700,86504.3521900
2025-06-20 18:00:00,0.4749100,0.4753700,0.4735000,0.4741300,118355.1744900
2025-06-20 18:01:00,0.4741100,0.4746600,0.4730700,0.4733900,107475.7960900
2025-06-20 18:02:00,0.4732600,0.4753100,0.4730000,0.4747800,99488.3252400
2025-06-20 18:03:00,0.4747800,0.4758700,0.4745200,0.4752100,151603.3996200
2025-06-20 18:04:00,0.4751900,0.4758600,0.4747600,0.4747600,58375.1886000
2025-06-20 18:05:00,0.4747500,0.4761900,0.4738600,0.4755600,99504.9298400
2025-06-20 18:06:00,0.4755300,0.4759500,0.4748600,0.4758200,42705.2722200
2025-06-20 18:07:00,0.4758400,0.4758400,0.4746500,0.4750400,30726.3444800
2025-06-20 18:08:00,0.4750000,0.4750500,0.4738100,0.4740800,39102.1684400
2025-06-20 18:09:00,0.4740300,0.4754600,0.4739400,0.4748500,53467.7506300
2025-06-20 18:10:00,0.4748200,0.4755400,0.4747900,0.4751800,52893.1345200
2025-06-20 18:11:00,0.4750700,0.4760800,0.4749300,0.4757100,43666.1288300
2025-06-20 18:12:00,0.4758900,0.4760300,0.4751500,0.4759900,73483.3282600
2025-06-20 18:13:00,0.4759900,0.4769600,0.4759200,0.4766600,76561.8282400
2025-06-20 18:14:00,0.4766500,0.4768900,0.4760200,0.4761700,76453.0589000
2025-06-20 18:15:00,0.4761700,0.4779700,0.4758600,0.4775500,83110.3660600
2025-06-20 18:16:00,0.4776200,0.4779000,0.4760300,0.4761100,61624.7634400
2025-06-20 18:17:00,0.4761200,0.4772900,0.4761200,0.4768700,24973.2112700
2025-06-20 18:18:00,0.4768800,0.4787500,0.4768800,0.4786500,86547.5047100
2025-06-20 18:19:00,0.4786800,0.4797000,0.4783100,0.4790100,77977.1754500
2025-06-20 18:20:00,0.4790400,0.4793600,0.4779000,0.4786900,92069.3845900
2025-06-20 18:21:00,0.4785400,0.4785400,0.4775700,0.4780400,13939.0645100
2025-06-20 18:22:00,0.4780700,0.4782300,0.4766100,0.4766100,29128.3469800
2025-06-20 18:23:00,0.4766200,0.4775900,0.4766100,0.4773900,35878.8798000
2025-06-20 18:24:00,0.4774200,0.4779700,0.4771800,0.4773900,38381.6707900
2025-06-20 18:25:00,0.4773800,0.4786900,0.4772000,0.4786600,43449.7880400
2025-06-20 18:26:00,0.4786100,0.4797700,0.4786100,0.4793000,94833.5502200
2025-06-20 18:27:00,0.4792900,0.4802800,0.4792900,0.4798000,52882.2028400
2025-06-20 18:28:00,0.4797900,0.4811700,0.4796800,0.4805800,93484.0348900
2025-06-20 18:29:00,0.4805700,0.4805800,0.4794200,0.4796300,34999.2787800
2025-06-20 18:30:00,0.4794000,0.4799700,0.4789600,0.4792200,56262.0614400
2025-06-20 18:31:00,0.4792100,0.4792100,0.4782700,0.4784600,44061.9853900
2025-06-20 18:32:00,0.4784500,0.4786100,0.4778400,0.4778500,38604.9623500
2025-06-20 18:33:00,0.4778600,0.4788500,0.4771700,0.4772300,71769.7971500
2025-06-20 18:34:00,0.4773000,0.4782800,0.4773000,0.4782800,32782.4212900
2025-06-20 18:35:00,0.4782700,0.4783900,0.4770400,0.4772200,58618.0007400
2025-06-20 18:36:00,0.4772100,0.4787000,0.4765000,0.4786300,53674.7854400
2025-06-20 18:37:00,0.4786800,0.4814200,0.4784300,0.4813100,100713.1968700
2025-06-20 18:38:00,0.4813600,0.4827600,0.4813600,0.4823100,105443.2795100
2025-06-20 18:39:00,0.4825600,0.4833200,0.4820100,0.4823600,85288.9052500
2025-06-20 18:40:00,0.4823500,0.4827600,0.4810300,0.4820200,48485.3753700
2025-06-20 18:41:00,0.4819200,0.4841400,0.4818500,0.4838800,63111.0025200
2025-06-20 18:42:00,0.4838000,0.4841300,0.4832600,0.4840900,45019.5003900
2025-06-20 18:43:00,0.4841200,0.4844000,0.4827000,0.4831800,164579.3388700
2025-06-20 18:44:00,0.4831600,0.4836800,0.4829500,0.4831900,53258.9186200
2025-06-20 18:45:00,0.4831700,0.4832700,0.4812600,0.4819600,73268.5327300
2025-06-20 18:46:00,0.4817800,0.4819500,0.4803200,0.4803200,19563.1114000
2025-06-20 18:47:00,0.4803600,0.4809600,0.4803500,0.4809600,18248.4227900
2025-06-20 18:48:00,0.4809800,0.4810200,0.4802900,0.4803100,15433.7237300
2025-06-20 18:49:00,0.4803600,0.4811800,0.4803000,0.4811800,11608.8608900
2025-06-20 18:50:00,0.4811500,0.4812700,0.4796100,0.4801000,21509.4009100
2025-06-20 18:51:00,0.4801000,0.4804000,0.4795000,0.4796900,25668.2017300
2025-06-20 18:52:00,0.4797000,0.4798400,0.4763900,0.4766100,293981.4813100
2025-06-20 18:53:00,0.4767200,0.4767200,0.4754200,0.4762800,82803.5219000
2025-06-20 18:54:00,0.4762800,0.4762800,0.4712300,0.4717800,1260082.6701700
2025-06-20 18:55:00,0.4717800,0.4721300,0.4684000,0.4711400,532706.5525600
2025-06-20 18:56:00,0.4711200,0.4711700,0.4684300,0.4690400,225563.4705400
2025-06-20 18:57:00,0.4689500,0.4693100,0.4664800,0.4670200,241989.0272400
2025-06-20 18:58:00,0.4670600,0.4675300,0.4643000,0.4646600,291713.3861500
2025-06-20 18:59:00,0.4646600,0.4667500,0.4645500,0.4667000,210176.2077700
2025-06-20 19:00:00,0.4666800,0.4690800,0.4663100,0.4690800,147202.9817500
2025-06-20 19:01:00,0.4690000,0.4704600,0.4678600,0.4682900,221239.1369600
2025-06-20 19:02:00,0.4681900,0.4682800,0.4659000,0.4661100,140869.3808200
2025-06-20 19:03:00,0.4661500,0.4677000,0.4660000,0.4670200,87506.1555100
2025-06-20 19:04:00,0.4669600,0.4672800,0.4653300,0.4656500,76729.7323800
2025-06-20 19:05:00,0.4656500,0.4658700,0.4631200,0.4636300,261608.0585600
2025-06-20 19:06:00,0.4637500,0.4639700,0.4592400,0.4627300,357535.6851000
2025-06-20 19:07:00,0.4627300,0.4629400,0.4613200,0.4619200,90765.9933600
2025-06-20 19:08:00,0.4622300,0.4646700,0.4621900,0.4644600,123088.8946000
2025-06-20 19:09:00,0.4645200,0.4654400,0.4639600,0.4647800,137523.8237600
2025-06-20 19:10:00,0.4647800,0.4653200,0.4630400,0.4653200,91150.5910300
2025-06-20 19:11:00,0.4652500,0.4657900,0.4647000,0.4655000,49564.1906500
2025-06-20 19:12:00,0.4654800,0.4659000,0.4643700,0.4649000,68005.4763700
2025-06-20 19:13:00,0.4649100,0.4653600,0.4637600,0.4643800,54399.3599000
2025-06-20 19:14:00,0.4644200,0.4644200,0.4628400,0.4634300,64347.7968100
2025-06-20 19:15:00,0.4634500,0.4643900,0.4630100,0.4631000,68503.7444600
2025-06-20 19:16:00,0.4632100,0.4632300,0.4610700,0.4617100,125403.3042800
2025-06-20 19:17:00,0.4617700,0.4629300,0.4611400,0.4629300,81764.6418000
2025-06-20 19:18:00,0.4628700,0.4628700,0.4618600,0.4627200,47485.6971800
2025-06-20 19:19:00,0.4626500,0.4635400,0.4621900,0.4623000,101300.9516400
2025-06-20 19:20:00,0.4623000,0.4623200,0.4613800,0.4615200,32772.5308200
2025-06-20 19:21:00,0.4615800,0.4624000,0.4615800,0.4619200,36544.2285900
2025-06-20 19:22:00,0.4620600,0.4621800,0.4604000,0.4615400,63804.2162900
2025-06-20 19:23:00,0.4615000,0.4615800,0.4603400,0.4608400,42455.0564900
2025-06-20 19:24:00,0.4608500,0.4627400,0.4606200,0.4627400,50995.7530600
2025-06-20 19:25:00,0.4627000,0.4632400,0.4619900,0.4631500,37360.3857200
2025-06-20 19:26:00,0.4631200,0.4639600,0.4628500,0.4636300,65499.9741600
2025-06-20 19:27:00,0.4635400,0.4635400,0.4618300,0.4625600,31193.3192200
2025-06-20 19:28:00,0.4625900,0.4631800,0.4625200,0.4625400,32468.2578500
2025-06-20 19:29:00,0.4625500,0.4629800,0.4601500,0.4610700,180754.5739600
2025-06-20 19:30:00,0.4610500,0.4626000,0.4608700,0.4626000,52733.0396400
2025-06-20 19:31:00,0.4626000,0.4628900,0.4609400,0.4614900,127566.0507600
2025-06-20 19:32:00,0.4614900,0.4628600,0.4614900,0.4619700,47273.9197800
2025-06-20 19:33:00,0.4619800,0.4623900,0.4618200,0.4621400,19137.0589500
2025-06-20 19:34:00,0.4621500,0.4623900,0.4613800,0.4617100,59564.6205600
2025-06-20 19:35:00,0.4617200,0.4626400,0.4615500,0.4624200,45216.4395600
2025-06-20 19:36:00,0.4624300,0.4629000,0.4619500,0.4620600,51387.8237100
2025-06-20 19:37:00,0.4618900,0.4624000,0.4612700,0.4622700,39177.2956000
2025-06-20 19:38:00,0.4622700,0.4629200,0.4620800,0.4627000,35318.2888900
2025-06-20 19:39:00,0.4626300,0.4635800,0.4620300,0.4623900,69506.7118500
2025-06-20 19:40:00,0.4623200,0.4625300,0.4618700,0.4623100,21132.2594300
2025-06-20 19:41:00,0.4624200,0.4625700,0.4620600,0.4622500,19881.2951600
2025-06-20 19:42:00,0.4622500,0.4626900,0.4614800,0.4618800,47975.5121600
2025-06-20 19:43:00,0.4618900,0.4625300,0.4612300,0.4620000,30400.0410400
2025-06-20 19:44:00,0.4619600,0.4624200,0.4607300,0.4612900,103921.1761600
2025-06-20 19:45:00,0.4613200,0.4624300,0.4607900,0.4620900,76327.1352800
2025-06-20 19:46:00,0.4620500,0.4622300,0.4615400,0.4616000,33505.3158000
2025-06-20 19:47:00,0.4616200,0.4616200,0.4601600,0.4602000,41677.3743000
2025-06-20 19:48:00,0.4602500,0.4610900,0.4602500,0.4608600,51139.4175200
2025-06-20 19:49:00,0.4608900,0.4612700,0.4605700,0.4606000,47576.8717700
2025-06-20 19:50:00,0.4608300,0.4608300,0.4601800,0.4602200,34959.7064500
2025-06-20 19:51:00,0.4602100,0.4606300,0.4595300,0.4603300,90046.1306300
2025-06-20 19:52:00,0.4602800,0.4603300,0.4597400,0.4597500,26800.1760300
2025-06-20 19:53:00,0.4598500,0.4600800,0.4588100,0.4598100,65123.8561200
2025-06-20 19:54:00,0.4599000,0.4620100,0.4598500,0.4614000,67902.4484800
2025-06-20 19:55:00,0.4613000,0.4622600,0.4612300,0.4621200,25777.0567200
2025-06-20 19:56:00,0.4622000,0.4627900,0.4618200,0.4620900,51092.8829200
2025-06-20 19:57:00,0.4620900,0.4630900,0.4619800,0.4620100,42149.3094500
2025-06-20 19:58:00,0.4619700,0.4619700,0.4612900,0.4614800,52106.3763600
2025-06-20 19:59:00,0.4614700,0.4632400,0.4614600,0.4624100,154522.5490800
2025-06-20 20:00:00,0.4624700,0.4626900,0.4619900,0.4625300,27254.5622100
2025-06-20 20:01:00,0.4624800,0.4633700,0.4623400,0.4630200,16597.5429300
2025-06-20 20:02:00,0.4630200,0.4630200,0.4618300,0.4618600,60869.4581000
2025-06-20 20:03:00,0.4618700,0.4625600,0.4615400,0.4618500,39984.3754600
2025-06-20 20:04:00,0.4618500,0.4622400,0.4612300,0.4612700,29737.6476600
2025-06-20 20:05:00,0.4612700,0.4617100,0.4602300,0.4608200,22710.8629400
2025-06-20 20:06:00,0.4607700,0.4607700,0.4596700,0.4606400,43224.5754400
2025-06-20 20:07:00,0.4606400,0.4613000,0.4606400,0.4611300,23922.2281400
2025-06-20 20:08:00,0.4611700,0.4611700,0.4601500,0.4604700,21891.1554500
2025-06-20 20:09:00,0.4605600,0.4614900,0.4605600,0.4607500,22536.8076500
2025-06-20 20:10:00,0.4607200,0.4614500,0.4604200,0.4614500,24015.3684700
2025-06-20 20:11:00,0.4614000,0.4615700,0.4605800,0.4606800,20543.0450800
2025-06-20 20:12:00,0.4606900,0.4610900,0.4606900,0.4607700,21453.4074500
2025-06-20 20:13:00,0.4607700,0.4609300,0.4604000,0.4606200,22038.5568800
2025-06-20 20:14:00,0.4606200,0.4606700,0.4597900,0.4602000,26581.1388700
2025-06-20 20:15:00,0.4600900,0.4608900,0.4596500,0.4605600,66551.6968900
2025-06-20 20:16:00,0.4605700,0.4606300,0.4590400,0.4591600,64160.5701600
2025-06-20 20:17:00,0.4591600,0.4591600,0.4580200,0.4590000,68797.8665600
2025-06-20 20:18:00,0.4589900,0.4590700,0.4585300,0.4586600,40303.0750500
2025-06-20 20:19:00,0.4587400,0.4594000,0.4580000,0.4582300,111200.7512500
2025-06-20 20:20:00,0.4582800,0.4582800,0.4547500,0.4552600,247107.7528500
2025-06-20 20:21:00,0.4552700,0.4571800,0.4547400,0.4560600,293916.3284000
2025-06-20 20:22:00,0.4559500,0.4562000,0.4552500,0.4556100,148235.9791700
2025-06-20 20:23:00,0.4557000,0.4557100,0.4531000,0.4538000,485265.2642800
2025-06-20 20:24:00,0.4538000,0.4574300,0.4533700,0.4564300,299720.6519400
2025-06-20 20:25:00,0.4564300,0.4570800,0.4551700,0.4567000,122436.0802900
2025-06-20 20:26:00,0.4567300,0.4568400,0.4549000,0.4550000,141059.5879600
2025-06-20 20:27:00,0.4550900,0.4559600,0.4541700,0.4559200,110150.1862400
2025-06-20 20:28:00,0.4558300,0.4565400,0.4555400,0.4559100,84345.9886500
2025-06-20 20:29:00,0.4559100,0.4581800,0.4557600,0.4577800,109958.5925500
2025-06-20 20:30:00,0.4576800,0.4576800,0.4564100,0.4564100,68941.3227600
2025-06-20 20:31:00,0.4564200,0.4564900,0.4554900,0.4560300,44118.3251400
2025-06-20 20:32:00,0.4559700,0.4563100,0.4552200,0.4557400,60143.2219700
2025-06-20 20:33:00,0.4557400,0.4557400,0.4530400,0.4537300,152601.6979600
2025-06-20 20:34:00,0.4537300,0.4546600,0.4536000,0.4542400,51067.1937100
2025-06-20 20:35:00,0.4541800,0.4546100,0.4531600,0.4532800,137575.4049300
2025-06-20 20:36:00,0.4532600,0.4539300,0.4528800,0.4532900,132074.2877900
2025-06-20 20:37:00,0.4532100,0.4533100,0.4508100,0.4516300,420625.6865700
2025-06-20 20:38:00,0.4516800,0.4529500,0.4511900,0.4520800,173578.0563400
2025-06-20 20:39:00,0.4521900,0.4541700,0.4521000,0.4541700,201178.7411900
2025-06-20 20:40:00,0.4541000,0.4541000,0.4527400,0.4534000,101185.1188300
2025-06-20 20:41:00,0.4532700,0.4555100,0.4532700,0.4550100,101279.6651500
2025-06-20 20:42:00,0.4550200,0.4590200,0.4550200,0.4585300,255528.4305700
2025-06-20 20:43:00,0.4584300,0.4611300,0.4579800,0.4603100,273250.2984100
2025-06-20 20:44:00,0.4603000,0.4624000,0.4600400,0.4619300,301649.0779600
2025-06-20 20:45:00,0.4617900,0.4669000,0.4613300,0.4653800,692636.6707500
2025-06-20 20:46:00,0.4653700,0.4665900,0.4646100,0.4657200,256130.7418800
2025-06-20 20:47:00,0.4656900,0.4670100,0.4641300,0.4663600,302202.6788700
2025-06-20 20:48:00,0.4661200,0.4686300,0.4660700,0.4672600,276474.3992100
2025-06-20 20:49:00,0.4673000,0.4689000,0.4665600,0.4687500,269353.8450200
2025-06-20 20:50:00,0.4686400,0.4693700,0.4672700,0.4675700,146485.2695400
2025-06-20 20:51:00,0.4675600,0.4685300,0.4664400,0.4667000,105138.7461000
2025-06-20 20:52:00,0.4667000,0.4668700,0.4655500,0.4664100,80223.5091000
2025-06-20 20:53:00,0.4662100,0.4688000,0.4657000,0.4679800,126289.2463700
2025-06-20 20:54:00,0.4680600,0.4686900,0.4670300,0.4681400,55713.2662400
2025-06-20 20:55:00,0.4682900,0.4698800,0.4680400,0.4697400,177453.0154800
2025-06-20 20:56:00,0.4697400,0.4709500,0.4696000,0.4701000,156988.4572500
2025-06-20 20:57:00,0.4698300,0.4738800,0.4698200,0.4727900,244706.4494800
2025-06-20 20:58:00,0.4728100,0.4755300,0.4727600,0.4752600,227184.2132200
2025-06-20 20:59:00,0.4753300,0.4760400,0.4740700,0.4740700,136671.0842100
2025-06-20 21:00:00,0.4740700,0.4741500,0.4719500,0.4719500,143955.2708900
2025-06-20 21:01:00,0.4721000,0.4729400,0.4714600,0.4715400,173346.7000500
2025-06-20 21:02:00,0.4715000,0.4720700,0.4710200,0.4713500,94564.7582900
2025-06-20 21:03:00,0.4713500,0.4713500,0.4694000,0.4699900,102626.3993700
2025-06-20 21:04:00,0.4699900,0.4702500,0.4692100,0.4692700,36682.1573000
2025-06-20 21:05:00,0.4692700,0.4698600,0.4688400,0.4698500,51837.2398900
2025-06-20 21:06:00,0.4698500,0.4706900,0.4688700,0.4690200,51916.6816900
2025-06-20 21:07:00,0.4690200,0.4697000,0.4687300,0.4691000,27879.8459400
2025-06-20 21:08:00,0.4690400,0.4701900,0.4689800,0.4698400,71929.9308900
2025-06-20 21:09:00,0.4698600,0.4700000,0.4691400,0.4696500,36291.0555100
2025-06-20 21:10:00,0.4696000,0.4709500,0.4691500,0.4709100,34021.2041600
2025-06-20 21:11:00,0.4708800,0.4708800,0.4698400,0.4700600,60418.4397800
2025-06-20 21:12:00,0.4700600,0.4704700,0.4689300,0.4689300,35509.8629200
2025-06-20 21:13:00,0.4689200,0.4692300,0.4684100,0.4687000,26224.0575700
2025-06-20 21:14:00,0.4687100,0.4702800,0.4687100,0.4702700,45940.0426700
2025-06-20 21:15:00,0.4701600,0.4702600,0.4690800,0.4694700,29891.2033500
2025-06-20 21:16:00,0.4694800,0.4698000,0.4688200,0.4694100,52508.9971500
2025-06-20 21:17:00,0.4693500,0.4702800,0.4688200,0.4699000,32321.4213800
2025-06-20 21:18:00,0.4699300,0.4714200,0.4699100,0.4711800,30190.3157100
2025-06-20 21:19:00,0.4711900,0.4712200,0.4701200,0.4703000,27991.8268800
2025-06-20 21:20:00,0.4702600,0.4712200,0.4690700,0.4698100,123283.7886700
2025-06-20 21:21:00,0.4696200,0.4696300,0.4689000,0.4694400,13418.1905700
2025-06-20 21:22:00,0.4693900,0.4693900,0.4683200,0.4690200,58463.7563600
2025-06-20 21:23:00,0.4690100,0.4698200,0.4688400,0.4694500,18969.7507600
2025-06-20 21:24:00,0.4694600,0.4696400,0.4688400,0.4688400,16688.9737600
2025-06-20 21:25:00,0.4688100,0.4699600,0.4686600,0.4697100,61298.2107200
2025-06-20 21:26:00,0.4697100,0.4708100,0.4697100,0.4704400,49375.2607600
2025-06-20 21:27:00,0.4703800,0.4704000,0.4694300,0.4694300,20626.9650700
2025-06-20 21:28:00,0.4694800,0.4694800,0.4683400,0.4692800,33461.7994000
2025-06-20 21:29:00,0.4691400,0.4691700,0.4685200,0.4685800,22022.2144700
2025-06-20 21:30:00,0.4685500,0.4686300,0.4665000,0.4670900,93932.1841000
2025-06-20 21:31:00,0.4671000,0.4673800,0.4663900,0.4669200,52898.0663800
2025-06-20 21:32:00,0.4669900,0.4677600,0.4667500,0.4673700,28716.5188700
2025-06-20 21:33:00,0.4674000,0.4676200,0.4669400,0.4672000,22531.9248600
2025-06-20 21:34:00,0.4672300,0.4682000,0.4672300,0.4675500,14609.5753600
2025-06-20 21:35:00,0.4675300,0.4683000,0.4672200,0.4683000,21897.3733100
2025-06-20 21:36:00,0.4681500,0.4681500,0.4673500,0.4673500,11998.4537500
2025-06-20 21:37:00,0.4672800,0.4678700,0.4653900,0.4653900,140243.4007400
2025-06-20 21:38:00,0.4654200,0.4660400,0.4653500,0.4658200,34374.0520600
2025-06-20 21:39:00,0.4658900,0.4660000,0.4651700,0.4652000,37510.8096800
2025-06-20 21:40:00,0.4652300,0.4656700,0.4642900,0.4654900,68822.2869900
2025-06-20 21:41:00,0.4654900,0.4660900,0.4651300,0.4651400,14691.4344800
2025-06-20 21:42:00,0.4651800,0.4654200,0.4649500,0.4651700,34119.9437100
2025-06-20 21:43:00,0.4651600,0.4651700,0.4642500,0.4646000,30919.0497500
2025-06-20 21:44:00,0.4645900,0.4649300,0.4637500,0.4645100,89175.6342400
2025-06-20 21:45:00,0.4644900,0.4652100,0.4642800,0.4649100,22672.4247200
2025-06-20 21:46:00,0.4648700,0.4653600,0.4645300,0.4646400,18944.5338500
2025-06-20 21:47:00,0.4646300,0.4652200,0.4646300,0.4651600,20022.8221500
2025-06-20 21:48:00,0.4651300,0.4655100,0.4648400,0.4652900,18718.2470100
2025-06-20 21:49:00,0.4652600,0.4661400,0.4652600,0.4657400,31450.5347900
2025-06-20 21:50:00,0.4657200,0.4657200,0.4648300,0.4649600,22982.1845500
2025-06-20 21:51:00,0.4648600,0.4651700,0.4645400,0.4651700,6727.0246900
2025-06-20 21:52:00,0.4650700,0.4655500,0.4649400,0.4649700,19570.1452100
2025-06-20 21:53:00,0.4649600,0.4655900,0.4640200,0.4643100,101385.1573100
2025-06-20 21:54:00,0.4643500,0.4647100,0.4640900,0.4641700,24223.5879500
2025-06-20 21:55:00,0.4641800,0.4642900,0.4637200,0.4637300,29507.6017300
2025-06-20 21:56:00,0.4637400,0.4639200,0.4628300,0.4630200,36897.6817200
2025-06-20 21:57:00,0.4630100,0.4636700,0.4629800,0.4631300,17761.8428800
2025-06-20 21:58:00,0.4631200,0.4632100,0.4628700,0.4628700,14682.1003300
2025-06-20 21:59:00,0.4628700,0.4630200,0.4625500,0.4630200,19921.7485000
2025-06-20 22:00:00,0.4629200,0.4629200,0.4621800,0.4621800,18990.7363100
2025-06-20 22:01:00,0.4621600,0.4623200,0.4580000,0.4603600,608903.2071800
2025-06-20 22:02:00,0.4603900,0.4611000,0.4603900,0.4603900,61473.2623300
2025-06-20 22:03:00,0.4604100,0.4604100,0.4592100,0.4592100,95158.4064300
2025-06-20 22:04:00,0.4593400,0.4595500,0.4586900,0.4590100,70010.8895400
2025-06-20 22:05:00,0.4590100,0.4600200,0.4586400,0.4597800,74487.5482100
2025-06-20 22:06:00,0.4598100,0.4607700,0.4594500,0.4597300,97913.5038900
2025-06-20 22:07:00,0.4596800,0.4596800,0.4588200,0.4591100,29879.1443000
2025-06-20 22:08:00,0.4591100,0.4591200,0.4577100,0.4578800,99184.0693200
2025-06-20 22:09:00,0.4579300,0.4581600,0.4570500,0.4572300,94835.4726900
2025-06-20 22:10:00,0.4572400,0.4578200,0.4569200,0.4570100,32368.7708400
2025-06-20 22:11:00,0.4569800,0.4576800,0.4569600,0.4572900,56696.6328300
2025-06-20 22:12:00,0.4573000,0.4576600,0.4567600,0.4574100,36117.0607600
2025-06-20 22:13:00,0.4574000,0.4574000,0.4566700,0.4567800,17962.4457200
2025-06-20 22:14:00,0.4567000,0.4571500,0.4564300,0.4568200,63021.0489800
2025-06-20 22:15:00,0.4567200,0.4568300,0.4562500,0.4564400,52135.6626600
2025-06-20 22:16:00,0.4564500,0.4572200,0.4564400,0.4568400,22296.0212200
2025-06-20 22:17:00,0.4568400,0.4570100,0.4566700,0.4569900,17279.6004400
2025-06-20 22:18:00,0.4570000,0.4570400,0.4564400,0.4564900,25411.2576800
2025-06-20 22:19:00,0.4564900,0.4565100,0.4557800,0.4558100,34261.1078600
2025-06-20 22:20:00,0.4558100,0.4563800,0.4554300,0.4561100,37126.4345900
2025-06-20 22:21:00,0.4561300,0.4563900,0.4557600,0.4557600,28147.9033400
2025-06-20 22:22:00,0.4557700,0.4568900,0.4557700,0.4568900,54281.8373700
2025-06-20 22:23:00,0.4568300,0.4568400,0.4559700,0.4560800,16197.3499600
2025-06-20 22:24:00,0.4561000,0.4562500,0.4554400,0.4556500,47433.7668500
2025-06-20 22:25:00,0.4554800,0.4560800,0.4553500,0.4559400,28692.8598800
2025-06-20 22:26:00,0.4559400,0.4559400,0.4555600,0.4558300,18681.9193100
2025-06-20 22:27:00,0.4558200,0.4558400,0.4551500,0.4551500,35481.8273300
2025-06-20 22:28:00,0.4551600,0.4552200,0.4549600,0.4551700,26448.0361800
2025-06-20 22:29:00,0.4551800,0.4555100,0.4547500,0.4549000,39104.2080700
2025-06-20 22:30:00,0.4549000,0.4565800,0.4548600,0.4565800,26149.3108400
2025-06-20 22:31:00,0.4565500,0.4573200,0.4563200,0.4564200,55238.5850900
2025-06-20 22:32:00,0.4564300,0.4572900,0.4561500,0.4572900,33394.9250300
2025-06-20 22:33:00,0.4573000,0.4573700,0.4555600,0.4555600,32695.8933700
2025-06-20 22:34:00,0.4556100,0.4561100,0.4555600,0.4557600,12702.6216700
2025-06-20 22:35:00,0.4557600,0.4563000,0.4557100,0.4560300,24715.7966200
2025-06-20 22:36:00,0.4560400,0.4565100,0.4556600,0.4557200,11367.7629800
2025-06-20 22:37:00,0.4557300,0.4557900,0.4548700,0.4553100,25857.6769300
2025-06-20 22:38:00,0.4553200,0.4558200,0.4549300,0.4550300,12200.7776400
2025-06-20 22:39:00,0.4550400,0.4551600,0.4544400,0.4545200,12596.9667700
2025-06-20 22:40:00,0.4545900,0.4546600,0.4541400,0.4543300,29819.1334500
2025-06-20 22:41:00,0.4543800,0.4548600,0.4543800,0.4547000,21551.9331900
2025-06-20 22:42:00,0.4547100,0.4566900,0.4547100,0.4566900,69568.6750400
2025-06-20 22:43:00,0.4566800,0.4580400,0.4566300,0.4576400,99470.1222800
2025-06-20 22:44:00,0.4575500,0.4579100,0.4570000,0.4579000,39956.6108900
2025-06-20 22:45:00,0.4578900,0.4587000,0.4575700,0.4584000,45850.9157900
2025-06-20 22:46:00,0.4583500,0.4591700,0.4580000,0.4584400,26083.3039600
2025-06-20 22:47:00,0.4583500,0.4584300,0.4575200,0.4577100,37090.2861000
2025-06-20 22:48:00,0.4576800,0.4577800,0.4566900,0.4566900,15148.0974700
2025-06-20 22:49:00,0.4567600,0.4572000,0.4566000,0.4567500,22390.8417100
2025-06-20 22:50:00,0.4567500,0.4568800,0.4559400,0.4559400,34690.2988200
2025-06-20 22:51:00,0.4559800,0.4568400,0.4559800,0.4559800,11863.1922000
2025-06-20 22:52:00,0.4559900,0.4568900,0.4559900,0.4567800,15279.5270700
2025-06-20 22:53:00,0.4569000,0.4570100,0.4564800,0.4569300,14283.2580000
2025-06-20 22:54:00,0.4569200,0.4582200,0.4569200,0.4576600,87463.1947400
2025-06-20 22:55:00,0.4576700,0.4584100,0.4576300,0.4580100,25094.0523800
2025-06-20 22:56:00,0.4579000,0.4582200,0.4571500,0.4581200,25623.4186700
2025-06-20 22:57:00,0.4581200,0.4581400,0.4571000,0.4579500,52461.2054900
2025-06-20 22:58:00,0.4579300,0.4579500,0.4576700,0.4577500,8797.2859700
2025-06-20 22:59:00,0.4577500,0.4577500,0.4564800,0.4566600,40831.0070600
2025-06-20 23:00:00,0.4566600,0.4572800,0.4561700,0.4569000,54666.0270600
2025-06-20 23:01:00,0.4569300,0.4581600,0.4569300,0.4580300,26342.3593000
2025-06-20 23:02:00,0.4580600,0.4607300,0.4579900,0.4607300,114811.2852100
2025-06-20 23:03:00,0.4607600,0.4610600,0.4599600,0.4608800,78129.4845100
2025-06-20 23:04:00,0.4608400,0.4608600,0.4598600,0.4598800,24911.0784400
2025-06-20 23:05:00,0.4598900,0.4627200,0.4598900,0.4627200,177482.9843500
2025-06-20 23:06:00,0.4626800,0.4632400,0.4620800,0.4622400,75991.5713600
2025-06-20 23:07:00,0.4622400,0.4626400,0.4618900,0.4626400,24829.8697000
2025-06-20 23:08:00,0.4625700,0.4631600,0.4622400,0.4622700,50218.2634800
2025-06-20 23:09:00,0.4623400,0.4629700,0.4621000,0.4628000,21012.4240100
2025-06-20 23:10:00,0.4627200,0.4627400,0.4610600,0.4613700,76211.8525700
2025-06-20 23:11:00,0.4613700,0.4620900,0.4613700,0.4618100,20586.6312200
2025-06-20 23:12:00,0.4619100,0.4623200,0.4619100,0.4621800,9513.7632300
2025-06-20 23:13:00,0.4621800,0.4621900,0.4614400,0.4614400,35523.0445000
2025-06-20 23:14:00,0.4614400,0.4616300,0.4611000,0.4615900,24455.6544400
2025-06-20 23:15:00,0.4615600,0.4623900,0.4610900,0.4618800,86310.7659000
2025-06-20 23:16:00,0.4618900,0.4645500,0.4618900,0.4633200,172566.5553800
2025-06-20 23:17:00,0.4633500,0.4638600,0.4630900,0.4636600,37770.0727300
2025-06-20 23:18:00,0.4637200,0.4637700,0.4612700,0.4614100,39944.5883700
2025-06-20 23:19:00,0.4613900,0.4620800,0.4611300,0.4619700,16965.9698800
2025-06-20 23:20:00,0.4619400,0.4622200,0.4614500,0.4622200,14673.9738500
2025-06-20 23:21:00,0.4622400,0.4629000,0.4622400,0.4624000,13288.8831700
2025-06-20 23:22:00,0.4623000,0.4623900,0.4592000,0.4592000,174048.4904100
2025-06-20 23:23:00,0.4591800,0.4595800,0.4590400,0.4593400,36896.4809400
2025-06-20 23:24:00,0.4592600,0.4597600,0.4591800,0.4597600,13171.9742700
2025-06-20 23:25:00,0.4597800,0.4608100,0.4597800,0.4601300,12104.8179600
2025-06-20 23:26:00,0.4601400,0.4604300,0.4598600,0.4602200,13513.8495100
2025-06-20 23:27:00,0.4602500,0.4604900,0.4596300,0.4597400,46365.8582600
2025-06-20 23:28:00,0.4597900,0.4606000,0.4597900,0.4601700,18699.4575100
2025-06-20 23:29:00,0.4602400,0.4607500,0.4600500,0.4606600,11288.3201500
2025-06-20 23:30:00,0.4606300,0.4606800,0.4594300,0.4594800,17618.9098100
2025-06-20 23:31:00,0.4594600,0.4603600,0.4592600,0.4592900,38773.3954000
2025-06-20 23:32:00,0.4594300,0.4595900,0.4590900,0.4591600,23062.1233500
2025-06-20 23:33:00,0.4591500,0.4591500,0.4581100,0.4584000,52084.6314300
2025-06-20 23:34:00,0.4583300,0.4589100,0.4583300,0.4588600,20433.1529000
2025-06-20 23:35:00,0.4587600,0.4596800,0.4585700,0.4596800,31183.7271500
2025-06-20 23:36:00,0.4596200,0.4601100,0.4592800,0.4598800,16581.5117500
2025-06-20 23:37:00,0.4598300,0.4602200,0.4595500,0.4602200,10821.9641900
2025-06-20 23:38:00,0.4601700,0.4608200,0.4601200,0.4605600,49051.4528900
2025-06-20 23:39:00,0.4605900,0.4615800,0.4604100,0.4612600,31392.2675300
2025-06-20 23:40:00,0.4612500,0.4619400,0.4606100,0.4606800,52632.7575300
2025-06-20 23:41:00,0.4606200,0.4609400,0.4600900,0.4602300,20260.2783300
2025-06-20 23:42:00,0.4602000,0.4610800,0.4600300,0.4601500,27788.3735800
2025-06-20 23:43:00,0.4600800,0.4603700,0.4593500,0.4598400,54801.7268800
2025-06-20 23:44:00,0.4598300,0.4600700,0.4595800,0.4596700,4815.9416200
2025-06-20 23:45:00,0.4596100,0.4608000,0.4596100,0.4607600,39374.3829300
2025-06-20 23:46:00,0.4607600,0.4607600,0.4594000,0.4594000,16145.8883600
2025-06-20 23:47:00,0.4594100,0.4594600,0.4585600,0.4585700,23356.5947800
2025-06-20 23:48:00,0.4586000,0.4589800,0.4573500,0.4576200,64430.8098100
2025-06-20 23:49:00,0.4576500,0.4583600,0.4576500,0.4582800,22596.4361100
2025-06-20 23:50:00,0.4582300,0.4586400,0.4577000,0.4585100,66384.8736100
2025-06-20 23:51:00,0.4585400,0.4589300,0.4585200,0.4585900,10204.1430200
2025-06-20 23:52:00,0.4586100,0.4586100,0.4583500,0.4584200,1928.6674100
2025-06-20 23:53:00,0.4584200,0.4585200,0.4575700,0.4576200,9757.6846700
2025-06-20 23:54:00,0.4576100,0.4576300,0.4571000,0.4572000,10929.5972400
2025-06-20 23:55:00,0.4572100,0.4576600,0.4570800,0.4576000,13713.9276600
2025-06-20 23:56:00,0.4575800,0.4580400,0.4570400,0.4580400,12892.8575100
2025-06-20 23:57:00,0.4580500,0.4598000,0.4580500,0.4593800,102456.4857600
2025-06-20 23:58:00,0.4593300,0.4595600,0.4592200,0.4593300,13942.5509300
2025-06-20 23:59:00,0.4592800,0.4595700,0.4591900,0.4595000,15254.5160900
2025-06-21 00:00:00,0.4594300,0.4594300,0.4589300,0.4591200,11146.4747200
2025-06-21 00:01:00,0.4590800,0.4591000,0.4582800,0.4583100,7638.7936300
2025-06-21 00:02:00,0.4583200,0.4588500,0.4579300,0.4580200,32510.3547600
2025-06-21 00:03:00,0.4579900,0.4581100,0.4568400,0.4570300,16826.7190200
2025-06-21 00:04:00,0.4570800,0.4570800,0.4566600,0.4566600,8303.2170900
2025-06-21 00:05:00,0.4568900,0.4570000,0.4565700,0.4566000,5054.4187100
2025-06-21 00:06:00,0.4565700,0.4569000,0.4565700,0.4568500,16774.1412200
2025-06-21 00:07:00,0.4568500,0.4572300,0.4566400,0.4572200,7103.9935600
2025-06-21 00:08:00,0.4572300,0.4574200,0.4571000,0.4573300,10037.8241500
2025-06-21 00:09:00,0.4572800,0.4573200,0.4567800,0.4568800,5778.7098600
2025-06-21 00:10:00,0.4568800,0.4572800,0.4568800,0.4568800,11616.8052100
2025-06-21 00:11:00,0.4569400,0.4570200,0.4564400,0.4565200,9601.7192100
2025-06-21 00:12:00,0.4566300,0.4569600,0.4563800,0.4568400,13860.4071800
2025-06-21 00:13:00,0.4569000,0.4569400,0.4567500,0.4568100,3233.3677000
2025-06-21 00:14:00,0.4568200,0.4574300,0.4568200,0.4574200,7237.6749100
2025-06-21 00:15:00,0.4574200,0.4574200,0.4570300,0.4573200,3955.6215700
2025-06-21 00:16:00,0.4573200,0.4573800,0.4564400,0.4564500,11941.2458400
2025-06-21 00:17:00,0.4564500,0.4566800,0.4555600,0.4555800,30800.6826100
2025-06-21 00:18:00,0.4557400,0.4560000,0.4555400,0.4556200,17119.6388700
2025-06-21 00:19:00,0.4556000,0.4556700,0.4552100,0.4552100,12903.8718900
2025-06-21 00:20:00,0.4552100,0.4553700,0.4546800,0.4548300,24886.5818900
2025-06-21 00:21:00,0.4547900,0.4549200,0.4541300,0.4543100,35250.2892800
2025-06-21 00:22:00,0.4543100,0.4552000,0.4540000,0.4540000,65324.8440900
2025-06-21 00:23:00,0.4540900,0.4543800,0.4536000,0.4539900,40377.1025000
2025-06-21 00:24:00,0.4540300,0.4547500,0.4539500,0.4547500,18621.6775800
2025-06-21 00:25:00,0.4546700,0.4546700,0.4541300,0.4546400,16322.8157800
2025-06-21 00:26:00,0.4546500,0.4546500,0.4539200,0.4543500,12404.1675900
2025-06-21 00:27:00,0.4543000,0.4546800,0.4542700,0.4544200,9906.1916500
2025-06-21 00:28:00,0.4544300,0.4544900,0.4532400,0.4534700,48986.7511300
2025-06-21 00:29:00,0.4534800,0.4535000,0.4523300,0.4530300,56860.3477700
2025-06-21 00:30:00,0.4530200,0.4530800,0.4520200,0.4521100,22388.7059800
2025-06-21 00:31:00,0.4521700,0.4523400,0.4518000,0.4520300,81929.0921900
2025-06-21 00:32:00,0.4520400,0.4533800,0.4520400,0.4529800,84914.0012400
2025-06-21 00:33:00,0.4529600,0.4529600,0.4519200,0.4519600,10506.4326100
2025-06-21 00:34:00,0.4519400,0.4533600,0.4519300,0.4533200,27706.8570900
2025-06-21 00:35:00,0.4533000,0.4539800,0.4529800,0.4531900,55953.3811700
2025-06-21 00:36:00,0.4532000,0.4532000,0.4523900,0.4528100,11997.8401900
2025-06-21 00:37:00,0.4527900,0.4527900,0.4516800,0.4517500,20079.4248300
2025-06-21 00:38:00,0.4518000,0.4521000,0.4516800,0.4519300,11904.1342400
2025-06-21 00:39:00,0.4518800,0.4524600,0.4517200,0.4522200,5382.7085000
2025-06-21 00:40:00,0.4521800,0.4526300,0.4521800,0.4522800,12191.5907300
2025-06-21 00:41:00,0.4522900,0.4523500,0.4520400,0.4520400,6212.5896000
2025-06-21 00:42:00,0.4521400,0.4530800,0.4521400,0.4530800,16354.7825500
2025-06-21 00:43:00,0.4530200,0.4535400,0.4529500,0.4535400,4048.3028000
2025-06-21 00:44:00,0.4535300,0.4540800,0.4535300,0.4538700,28689.2336100
2025-06-21 00:45:00,0.4538700,0.4538700,0.4531200,0.4532800,15024.5734600
2025-06-21 00:46:00,0.4532400,0.4533800,0.4532400,0.4533800,2946.4630600
2025-06-21 00:47:00,0.4533700,0.4533700,0.4530000,0.4530100,5703.3885200
2025-06-21 00:48:00,0.4530200,0.4535000,0.4530100,0.4530800,14489.3040100
2025-06-21 00:49:00,0.4532000,0.4536400,0.4532000,0.4535800,7423.2205800
2025-06-21 00:50:00,0.4535900,0.4535900,0.4526400,0.4527100,6244.0849400
2025-06-21 00:51:00,0.4527100,0.4527100,0.4514900,0.4514900,10742.8607600
2025-06-21 00:52:00,0.4515400,0.4518000,0.4512900,0.4513400,21501.0456100
2025-06-21 00:53:00,0.4513900,0.4514800,0.4506900,0.4507800,49136.0486000
2025-06-21 00:54:00,0.4507800,0.4509800,0.4504200,0.4508000,38514.2215900
2025-06-21 00:55:00,0.4507200,0.4516800,0.4507200,0.4516100,22560.5963300
2025-06-21 00:56:00,0.4515000,0.4515700,0.4512300,0.4514000,5677.3728000
2025-06-21 00:57:00,0.4513900,0.4523400,0.4513900,0.4521500,52991.5452400
2025-06-21 00:58:00,0.4521200,0.4521200,0.4509600,0.4509600,3618.3326100
2025-06-21 00:59:00,0.4509400,0.4515200,0.4501700,0.4515200,16812.7348500
2025-06-21 01:00:00,0.4515300,0.4515500,0.4511000,0.4513000,13960.9120400
2025-06-21 01:01:00,0.4511500,0.4516500,0.4508100,0.4516500,13851.6202700
2025-06-21 01:02:00,0.4516300,0.4524800,0.4515200,0.4517800,60601.6579200
2025-06-21 01:03:00,0.4516900,0.4519600,0.4508900,0.4509000,27241.9098600
2025-06-21 01:04:00,0.4509000,0.4519300,0.4506800,0.4515300,39077.5109900
2025-06-21 01:05:00,0.4515000,0.4515000,0.4504800,0.4505400,15351.2468500
2025-06-21 01:06:00,0.4505700,0.4514300,0.4504500,0.4512700,19685.5390300
2025-06-21 01:07:00,0.4512200,0.4512200,0.4485600,0.4493300,295826.2016400
2025-06-21 01:08:00,0.4492900,0.4499900,0.4488800,0.4498700,92251.2852900
2025-06-21 01:09:00,0.4498700,0.4498700,0.4492700,0.4497600,20546.9201100
2025-06-21 01:10:00,0.4497900,0.4502100,0.4494300,0.4499500,33722.9626300
2025-06-21 01:11:00,0.4499400,0.4499400,0.4487600,0.4497000,35511.0177800
2025-06-21 01:12:00,0.4496900,0.4500000,0.4494700,0.4500000,15314.4712500
2025-06-21 01:13:00,0.4500000,0.4502300,0.4495400,0.4497600,11049.6569700
2025-06-21 01:14:00,0.4497500,0.4498700,0.4494100,0.4496600,9134.3716900
2025-06-21 01:15:00,0.4496600,0.4501300,0.4492300,0.4496400,27613.6290800
2025-06-21 01:16:00,0.4496400,0.4498500,0.4493900,0.4496300,13716.8566400
2025-06-21 01:17:00,0.4496200,0.4496700,0.4489700,0.4493000,25342.5365800
2025-06-21 01:18:00,0.4492900,0.4492900,0.4488200,0.4491000,21083.3171500
2025-06-21 01:19:00,0.4491000,0.4494200,0.4486300,0.4489700,41527.3570300
2025-06-21 01:20:00,0.4489400,0.4498100,0.4489000,0.4495400,23872.8536300
2025-06-21 01:21:00,0.4495200,0.4503100,0.4494000,0.4498200,47793.1186300
2025-06-21 01:22:00,0.4497500,0.4507500,0.4495000,0.4507500,63123.9935600
2025-06-21 01:23:00,0.4507500,0.4511500,0.4497700,0.4498000,51225.2519000
2025-06-21 01:24:00,0.4498300,0.4505800,0.4497400,0.4498900,22943.6447000
2025-06-21 01:25:00,0.4498700,0.4499000,0.4492600,0.4496100,10437.0562100
2025-06-21 01:26:00,0.4496200,0.4498700,0.4495900,0.4498100,13141.2490600
2025-06-21 01:27:00,0.4498400,0.4501200,0.4496100,0.4501200,16994.1908100
2025-06-21 01:28:00,0.4500600,0.4500700,0.4496200,0.4500700,9971.5574300
2025-06-21 01:29:00,0.4499700,0.4500400,0.4496900,0.4497000,7463.1126400
2025-06-21 01:30:00,0.4496500,0.4499300,0.4492000,0.4494300,28425.2788700
2025-06-21 01:31:00,0.4494900,0.4500300,0.4494900,0.4496500,18707.3771800
2025-06-21 01:32:00,0.4496800,0.4497800,0.4494300,0.4494700,34572.9948600
2025-06-21 01:33:00,0.4494900,0.4498300,0.4492600,0.4495700,35325.6792900
2025-06-21 01:34:00,0.4495800,0.4503600,0.4494200,0.4498000,24224.9536400
2025-06-21 01:35:00,0.4498800,0.4499600,0.4495200,0.4498100,19731.8601500
2025-06-21 01:36:00,0.4498200,0.4499400,0.4496400,0.4498700,16760.9855200
2025-06-21 01:37:00,0.4498300,0.4498300,0.4489800,0.4491800,16666.7678800
2025-06-21 01:38:00,0.4491900,0.4496600,0.4491900,0.4493500,23142.6144900
2025-06-21 01:39:00,0.4493800,0.4496300,0.4490600,0.4492800,11142.3343000
2025-06-21 01:40:00,0.4493000,0.4495900,0.4489600,0.4495200,21182.3138700
2025-06-21 01:41:00,0.4495500,0.4500500,0.4492200,0.4493200,55852.4015300
2025-06-21 01:42:00,0.4494000,0.4496400,0.4491100,0.4495600,37830.1794500
2025-06-21 01:43:00,0.4494300,0.4496200,0.4492300,0.4495800,12552.7697500
2025-06-21 01:44:00,0.4496300,0.4501000,0.4494400,0.4497600,38801.2271300
2025-06-21 01:45:00,0.4496400,0.4497000,0.4492000,0.4492100,15835.9339900
2025-06-21 01:46:00,0.4491700,0.4493200,0.4488700,0.4489000,19604.8244000
2025-06-21 01:47:00,0.4489000,0.4496000,0.4485000,0.4495300,36911.3748500
2025-06-21 01:48:00,0.4495200,0.4498800,0.4493800,0.4498800,19400.1407000
2025-06-21 01:49:00,0.4498900,0.4499600,0.4496600,0.4497700,15379.2174000
2025-06-21 01:50:00,0.4497500,0.4499400,0.4496400,0.4498900,14544.8662700
2025-06-21 01:51:00,0.4499300,0.4499900,0.4497000,0.4498100,20880.8240000
2025-06-21 01:52:00,0.4498600,0.4499300,0.4496000,0.4496000,8683.8268600
2025-06-21 01:53:00,0.4497200,0.4497200,0.4490200,0.4490200,11483.3434300
2025-06-21 01:54:00,0.4490300,0.4491600,0.4488000,0.4488200,16618.0549100
2025-06-21 01:55:00,0.4487500,0.4498100,0.4487500,0.4496700,22802.4693500
2025-06-21 01:56:00,0.4497200,0.4497200,0.4491600,0.4496000,15425.1325200
2025-06-21 01:57:00,0.4495900,0.4501800,0.4495900,0.4497400,10762.6365600
2025-06-21 01:58:00,0.4497300,0.4499600,0.4495500,0.4497300,31278.4693300
2025-06-21 01:59:00,0.4496800,0.4498900,0.4492900,0.4495600,11015.7344500
2025-06-21 02:00:00,0.4495800,0.4498100,0.4495800,0.4496300,11866.7232400
2025-06-21 02:01:00,0.4496500,0.4497200,0.4493600,0.4495400,28172.0371700
2025-06-21 02:02:00,0.4495600,0.4495600,0.4487500,0.4490700,27271.4131800
2025-06-21 02:03:00,0.4490500,0.4490500,0.4487900,0.4488500,12467.5487100
2025-06-21 02:04:00,0.4488500,0.4496200,0.4488500,0.4495300,11453.1412200
2025-06-21 02:05:00,0.4495600,0.4498700,0.4491900,0.4498100,28403.8445300
2025-06-21 02:06:00,0.4497900,0.4507000,0.4495100,0.4505200,18371.9367600
2025-06-21 02:07:00,0.4505500,0.4509600,0.4504900,0.4507100,24896.6829600
2025-06-21 02:08:00,0.4506800,0.4519400,0.4505900,0.4506000,70589.1771800
2025-06-21 02:09:00,0.4506000,0.4507500,0.4497200,0.4497200,44374.3147700
2025-06-21 02:10:00,0.4497300,0.4503700,0.4495600,0.4498400,15296.1986100
2025-06-21 02:11:00,0.4498400,0.4501100,0.4492800,0.4495500,23793.1749500
2025-06-21 02:12:00,0.4495000,0.4498000,0.4494700,0.4496900,18194.6806600
2025-06-21 02:13:00,0.4496800,0.4496800,0.4493800,0.4495600,15179.2517400
2025-06-21 02:14:00,0.4495200,0.4495200,0.4488200,0.4489200,30719.8752500
2025-06-21 02:15:00,0.4488800,0.4492200,0.4487500,0.4492200,14351.4074000
2025-06-21 02:16:00,0.4491500,0.4495400,0.4486900,0.4495200,8321.2597300
2025-06-21 02:17:00,0.4495300,0.4497800,0.4492200,0.4496400,10570.6020600
2025-06-21 02:18:00,0.4496200,0.4500000,0.4494800,0.4498400,8420.7862900
2025-06-21 02:19:00,0.4497500,0.4504300,0.4495300,0.4503200,28198.4304100
2025-06-21 02:20:00,0.4503700,0.4504000,0.4494700,0.4496500,24761.0629000
2025-06-21 02:21:00,0.4495900,0.4502500,0.4495900,0.4501900,12091.4549200
2025-06-21 02:22:00,0.4501000,0.4503600,0.4500400,0.4501800,9570.0388100
2025-06-21 02:23:00,0.4501600,0.4502500,0.4496200,0.4498000,21309.3950300
2025-06-21 02:24:00,0.4498000,0.4501900,0.4496800,0.4499700,11900.8972100
2025-06-21 02:25:00,0.4499600,0.4503300,0.4499500,0.4501300,12645.1155300
2025-06-21 02:26:00,0.4501300,0.4502600,0.4499200,0.4499300,12066.4266400
2025-06-21 02:27:00,0.4499200,0.4501900,0.4471800,0.4481200,285538.2863800
2025-06-21 02:28:00,0.4481100,0.4481100,0.4468100,0.4471000,129684.2277900
2025-06-21 02:29:00,0.4471600,0.4480800,0.4470400,0.4480800,53872.0489000
2025-06-21 02:30:00,0.4481000,0.4492800,0.4480400,0.4491000,43010.9259300
2025-06-21 02:31:00,0.4491700,0.4497400,0.4491400,0.4491500,41133.8446600
2025-06-21 02:32:00,0.4491600,0.4498900,0.4490300,0.4497300,47293.2958500
2025-06-21 02:33:00,0.4497100,0.4497800,0.4490200,0.4496900,31159.4594400
2025-06-21 02:34:00,0.4496700,0.4497000,0.4494900,0.4496200,9878.2039500
2025-06-21 02:35:00,0.4496300,0.4499000,0.4495000,0.4495000,13986.3736500
2025-06-21 02:36:00,0.4495400,0.4496800,0.4493400,0.4493400,13049.1729200
2025-06-21 02:37:00,0.4494000,0.4495400,0.4491200,0.4495200,14260.5291300
2025-06-21 02:38:00,0.4495100,0.4498400,0.4495100,0.4495200,11787.2983500
2025-06-21 02:39:00,0.4495000,0.4497800,0.4494500,0.4497100,15046.9381600
2025-06-21 02:40:00,0.4497200,0.4501600,0.4496500,0.4496500,24034.6313400
2025-06-21 02:41:00,0.4497000,0.4498100,0.4494900,0.4495900,22565.0527200
2025-06-21 02:42:00,0.4496200,0.4496300,0.4491700,0.4493900,21696.0535000
2025-06-21 02:43:00,0.4494000,0.4495300,0.4492600,0.4493000,10680.8573100
2025-06-21 02:44:00,0.4493000,0.4495200,0.4493000,0.4495200,11080.4511200
2025-06-21 02:45:00,0.4495500,0.4498400,0.4493000,0.4494900,17497.9702600
2025-06-21 02:46:00,0.4494900,0.4496800,0.4493000,0.4494800,18217.6407600
2025-06-21 02:47:00,0.4494300,0.4496800,0.4494300,0.4496800,12681.4590500
2025-06-21 02:48:00,0.4496800,0.4505300,0.4496800,0.4501800,35291.0856900
2025-06-21 02:49:00,0.4501900,0.4506900,0.4501900,0.4503800,23800.0571400
2025-06-21 02:50:00,0.4503700,0.4506300,0.4499800,0.4501300,37716.6684600
2025-06-21 02:51:00,0.4501500,0.4501700,0.4493800,0.4497300,22827.8813000
2025-06-21 02:52:00,0.4497200,0.4500800,0.4497200,0.4499900,22327.0671800
2025-06-21 02:53:00,0.4499900,0.4499900,0.4495400,0.4496400,35457.9586600
2025-06-21 02:54:00,0.4496300,0.4502000,0.4495300,0.4502000,23286.6853000
2025-06-21 02:55:00,0.4502200,0.4502400,0.4497900,0.4499300,20483.5723600
2025-06-21 02:56:00,0.4499000,0.4499100,0.4496800,0.4497800,22571.6727800
2025-06-21 02:57:00,0.4497900,0.4498800,0.4496500,0.4497400,21761.8539000
2025-06-21 02:58:00,0.4497400,0.4499400,0.4497400,0.4498100,18271.1067900
2025-06-21 02:59:00,0.4498000,0.4499200,0.4496900,0.4498500,14735.0377200
2025-06-21 03:00:00,0.4498400,0.4499000,0.4492900,0.4494200,48284.6803200
2025-06-21 03:01:00,0.4494300,0.4499100,0.4493700,0.4496700,38593.2594500
2025-06-21 03:02:00,0.4496500,0.4498000,0.4495200,0.4495600,31185.4506800
2025-06-21 03:03:00,0.4495800,0.4496700,0.4492800,0.4495100,24610.6069600
2025-06-21 03:04:00,0.4495100,0.4499600,0.4493800,0.4499100,31595.2163300
2025-06-21 03:05:00,0.4498900,0.4498900,0.4496200,0.4497500,12161.7006200
2025-06-21 03:06:00,0.4497500,0.4498000,0.4489700,0.4491400,56886.4249100
2025-06-21 03:07:00,0.4492600,0.4492600,0.4487200,0.4489900,17900.2284100
2025-06-21 03:08:00,0.4489900,0.4492300,0.4487400,0.4492300,10596.0487600
2025-06-21 03:09:00,0.4492000,0.4495800,0.4489500,0.4495800,26190.9000600
2025-06-21 03:10:00,0.4496000,0.4497800,0.4491000,0.4493200,16523.5418900
2025-06-21 03:11:00,0.4493100,0.4493100,0.4487900,0.4489300,15789.7607300
2025-06-21 03:12:00,0.4489200,0.4491600,0.4488200,0.4491600,21445.1838500
2025-06-21 03:13:00,0.4491800,0.4494200,0.4487300,0.4488000,25971.9771200
2025-06-21 03:14:00,0.4487400,0.4487400,0.4485400,0.4486500,21422.3731000
2025-06-21 03:15:00,0.4486700,0.4486700,0.4481900,0.4485300,82862.0995100
2025-06-21 03:16:00,0.4485300,0.4485300,0.4464500,0.4465000,122385.2140600
2025-06-21 03:17:00,0.4465000,0.4467400,0.4454800,0.4462300,96045.3676800
2025-06-21 03:18:00,0.4462200,0.4471500,0.4456400,0.4470700,66327.1742500
2025-06-21 03:19:00,0.4469800,0.4474600,0.4469600,0.4471300,16857.0065700
2025-06-21 03:20:00,0.4471300,0.4471300,0.4466900,0.4467900,25871.9162100
2025-06-21 03:21:00,0.4467800,0.4468400,0.4456500,0.4459500,18805.6655300
2025-06-21 03:22:00,0.4459500,0.4464600,0.4458900,0.4464600,9653.2631700
2025-06-21 03:23:00,0.4464900,0.4468400,0.4462400,0.4467100,11355.9198700
2025-06-21 03:24:00,0.4467200,0.4467700,0.4463200,0.4464000,9732.3961700
2025-06-21 03:25:00,0.4464000,0.4467500,0.4463500,0.4467000,13824.8981200
2025-06-21 03:26:00,0.4467600,0.4479000,0.4467600,0.4478300,68612.0967800
2025-06-21 03:27:00,0.4478400,0.4478400,0.4472200,0.4473500,15639.5817500
2025-06-21 03:28:00,0.4473500,0.4482600,0.4473500,0.4481900,14839.1340000
2025-06-21 03:29:00,0.4482700,0.4489000,0.4482400,0.4487600,35105.6049500
2025-06-21 03:30:00,0.4487700,0.4489400,0.4483700,0.4487300,24481.1092000
2025-06-21 03:31:00,0.4487800,0.4487900,0.4478200,0.4478200,50590.6297100
2025-06-21 03:32:00,0.4477700,0.4482100,0.4477700,0.4480000,30693.9887300
2025-06-21 03:33:00,0.4480100,0.4480800,0.4478300,0.4478300,10864.9660500
2025-06-21 03:34:00,0.4478900,0.4483400,0.4478900,0.4482400,20697.9330900
2025-06-21 03:35:00,0.4482100,0.4487700,0.4482100,0.4484000,12667.5881600
2025-06-21 03:36:00,0.4484300,0.4490600,0.4479800,0.4479800,43764.8245600
2025-06-21 03:37:00,0.4479700,0.4481800,0.4479700,0.4480700,10491.0093500
2025-06-21 03:38:00,0.4480800,0.4482000,0.4478100,0.4482000,9474.3471400
2025-06-21 03:39:00,0.4481500,0.4485300,0.4481500,0.4485200,9571.6127900
2025-06-21 03:40:00,0.4484500,0.4489400,0.4484500,0.4489400,35378.5903500
2025-06-21 03:41:00,0.4489300,0.4489600,0.4483500,0.4484700,29155.0330100
2025-06-21 03:42:00,0.4485400,0.4490400,0.4483900,0.4486500,32423.7849400
2025-06-21 03:43:00,0.4486100,0.4486100,0.4479600,0.4480100,26508.5247100
2025-06-21 03:44:00,0.4480400,0.4482300,0.4479500,0.4481200,9169.1026700
2025-06-21 03:45:00,0.4480500,0.4481500,0.4471000,0.4472200,16103.7784200
2025-06-21 03:46:00,0.4472500,0.4479300,0.4471000,0.4472400,30038.6471900
2025-06-21 03:47:00,0.4471800,0.4478100,0.4467500,0.4469200,31348.4344700
2025-06-21 03:48:00,0.4469400,0.4472800,0.4468800,0.4471000,21267.4057200
2025-06-21 03:49:00,0.4470400,0.4472600,0.4466700,0.4468700,13895.3008600
2025-06-21 03:50:00,0.4468800,0.4470700,0.4467000,0.4467000,10311.4517100
2025-06-21 03:51:00,0.4466700,0.4469500,0.4466700,0.4467600,8155.3678800
2025-06-21 03:52:00,0.4467000,0.4476100,0.4467000,0.4476100,13448.2123700
2025-06-21 03:53:00,0.4475800,0.4485100,0.4475800,0.4484200,34716.7334900
2025-06-21 03:54:00,0.4484300,0.4490800,0.4484300,0.4485400,33546.2642200
2025-06-21 03:55:00,0.4485400,0.4485500,0.4480400,0.4481300,14242.6220500
2025-06-21 03:56:00,0.4481800,0.4485600,0.4480300,0.4480900,12248.4281800
2025-06-21 03:57:00,0.4481000,0.4483300,0.4477200,0.4481300,32164.7997100
2025-06-21 03:58:00,0.4480400,0.4481400,0.4475100,0.4475700,5728.6646000
2025-06-21 03:59:00,0.4475800,0.4481200,0.4475800,0.4478900,21309.9439400
2025-06-21 04:00:00,0.4479400,0.4482400,0.4478100,0.4480100,41255.6760600
2025-06-21 04:01:00,0.4479900,0.4487300,0.4479900,0.4482000,11354.8104800
2025-06-21 04:02:00,0.4481300,0.4487000,0.4481300,0.4487000,10292.1715900
2025-06-21 04:03:00,0.4486700,0.4488800,0.4484900,0.4485900,17873.5385100
2025-06-21 04:04:00,0.4486000,0.4487400,0.4485000,0.4485900,7323.2984400
2025-06-21 04:05:00,0.4485600,0.4490000,0.4483400,0.4490000,39365.1009400
2025-06-21 04:06:00,0.4490400,0.4491700,0.4487700,0.4488400,12670.8534900
2025-06-21 04:07:00,0.4488400,0.4492500,0.4483600,0.4492500,18223.8310800
2025-06-21 04:08:00,0.4492500,0.4501200,0.4492500,0.4499800,61461.2748500
2025-06-21 04:09:00,0.4500500,0.4501300,0.4495900,0.4497300,41607.3617600
2025-06-21 04:10:00,0.4496700,0.4505200,0.4495300,0.4501100,49199.5193000
2025-06-21 04:11:00,0.4501700,0.4501900,0.4494000,0.4495400,35787.1666200
2025-06-21 04:12:00,0.4495300,0.4497200,0.4491400,0.4492100,9809.4762700
2025-06-21 04:13:00,0.4492500,0.4492800,0.4488000,0.4490900,25707.1721300
2025-06-21 04:14:00,0.4490900,0.4498200,0.4489100,0.4497100,14411.8248000
2025-06-21 04:15:00,0.4496300,0.4497200,0.4488700,0.4488700,26220.8441500
2025-06-21 04:16:00,0.4488300,0.4496400,0.4486200,0.4493700,18640.6150800
2025-06-21 04:17:00,0.4493800,0.4499800,0.4491100,0.4493000,35376.8297000
2025-06-21 04:18:00,0.4494300,0.4497500,0.4491600,0.4494500,12427.9747000
2025-06-21 04:19:00,0.4496000,0.4499300,0.4494000,0.4494000,9184.0350600
2025-06-21 04:20:00,0.4493800,0.4494900,0.4492100,0.4492900,9780.3094000
2025-06-21 04:21:00,0.4492900,0.4499400,0.4492900,0.4494400,9834.0901700
2025-06-21 04:22:00,0.4494400,0.4503000,0.4493600,0.4501400,16446.2029500
2025-06-21 04:23:00,0.4501500,0.4512900,0.4501100,0.4506400,34919.6955400
2025-06-21 04:24:00,0.4506300,0.4509000,0.4501900,0.4502500,11540.6887400
2025-06-21 04:25:00,0.4502100,0.4507400,0.4500100,0.4506400,27054.5521800
2025-06-21 04:26:00,0.4506000,0.4508700,0.4498400,0.4498900,22073.8458200
2025-06-21 04:27:00,0.4499200,0.4504700,0.4496900,0.4498000,31455.1047800
2025-06-21 04:28:00,0.4498000,0.4503500,0.4498000,0.4501300,15127.6155300
2025-06-21 04:29:00,0.4501400,0.4503300,0.4496300,0.4496900,14598.6565100
2025-06-21 04:30:00,0.4496900,0.4501100,0.4493600,0.4498400,19179.7604200
2025-06-21 04:31:00,0.4498200,0.4500100,0.4491500,0.4492200,11392.4979200
2025-06-21 04:32:00,0.4491900,0.4493900,0.4488600,0.4491200,16177.4996500
2025-06-21 04:33:00,0.4491200,0.4496500,0.4489900,0.4496500,16504.1454900
2025-06-21 04:34:00,0.4496400,0.4496900,0.4493000,0.4494000,9404.3018900
2025-06-21 04:35:00,0.4493800,0.4496800,0.4493200,0.4495600,5684.0327500
2025-06-21 04:36:00,0.4495600,0.4501000,0.4495300,0.4499300,23492.6979900
2025-06-21 04:37:00,0.4499300,0.4499500,0.4495600,0.4498500,35558.9119700
2025-06-21 04:38:00,0.4498100,0.4499500,0.4497700,0.4498800,8248.6503700
2025-06-21 04:39:00,0.4498400,0.4501000,0.4496300,0.4499600,12744.5125600
2025-06-21 04:40:00,0.4500400,0.4501800,0.4499200,0.4500400,12198.0287300
2025-06-21 04:41:00,0.4500300,0.4502400,0.4497800,0.4501500,27596.8917500
2025-06-21 04:42:00,0.4501100,0.4503800,0.4498100,0.4498500,15890.0485400
2025-06-21 04:43:00,0.4498400,0.4499400,0.4494700,0.4497900,48587.3054400
2025-06-21 04:44:00,0.4497900,0.4501900,0.4497500,0.4499900,16052.8257300
2025-06-21 04:45:00,0.4499600,0.4500400,0.4497000,0.4497000,12660.5537500
2025-06-21 04:46:00,0.4496900,0.4496900,0.4492800,0.4494100,13879.2332200
2025-06-21 04:47:00,0.4494100,0.4498200,0.4492600,0.4498200,15172.9465900
2025-06-21 04:48:00,0.4497600,0.4497600,0.4492200,0.4492400,5422.8796800
2025-06-21 04:49:00,0.4492400,0.4492400,0.4488200,0.4488200,26725.7591900
2025-06-21 04:50:00,0.4488200,0.4491100,0.4481600,0.4489800,25142.0210100
2025-06-21 04:51:00,0.4489900,0.4494800,0.4489100,0.4493000,18002.9591700
2025-06-21 04:52:00,0.4493200,0.4499300,0.4492400,0.4496600,14973.5206300
2025-06-21 04:53:00,0.4496000,0.4496500,0.4493900,0.4495900,8744.5554800
2025-06-21 04:54:00,0.4495400,0.4496800,0.4493600,0.4496400,9028.5599600
2025-06-21 04:55:00,0.4496100,0.4498700,0.4495200,0.4495200,7830.6261600
2025-06-21 04:56:00,0.4495200,0.4509400,0.4495200,0.4505900,92497.2820100
2025-06-21 04:57:00,0.4505800,0.4507100,0.4496500,0.4497000,31337.4269800
2025-06-21 04:58:00,0.4496600,0.4497000,0.4490000,0.4490000,40929.1514500
2025-06-21 04:59:00,0.4489900,0.4499500,0.4489500,0.4497000,67388.6552300
2025-06-21 05:00:00,0.4496600,0.4502800,0.4496600,0.4499600,23414.3184000
2025-06-21 05:01:00,0.4499500,0.4501900,0.4496600,0.4496900,18065.9367900
2025-06-21 05:02:00,0.4497000,0.4497700,0.4494100,0.4494500,23215.7293400
2025-06-21 05:03:00,0.4494000,0.4495500,0.4492300,0.4495500,10400.9496400
2025-06-21 05:04:00,0.4494800,0.4495600,0.4493100,0.4495600,2866.5512000
2025-06-21 05:05:00,0.4495700,0.4496900,0.4489700,0.4489700,26865.4788200
2025-06-21 05:06:00,0.4489500,0.4490900,0.4484600,0.4484600,11721.8146100
2025-06-21 05:07:00,0.4485100,0.4489400,0.4484100,0.4489400,14919.9271200
2025-06-21 05:08:00,0.4489300,0.4490000,0.4487300,0.4488700,12412.9787000
2025-06-21 05:09:00,0.4488800,0.4495300,0.4488800,0.4493700,6366.2920800
2025-06-21 05:10:00,0.4493400,0.4494700,0.4492400,0.4493400,14703.5757900
2025-06-21 05:11:00,0.4493800,0.4495500,0.4491100,0.4491900,21015.9570000
2025-06-21 05:12:00,0.4491400,0.4491500,0.4489100,0.4491400,23610.2985800
2025-06-21 05:13:00,0.4491500,0.4496400,0.4491500,0.4496400,21343.0494500
2025-06-21 05:14:00,0.4496500,0.4498800,0.4492400,0.4495400,16415.4210400
2025-06-21 05:15:00,0.4495400,0.4496900,0.4494600,0.4496900,10734.2432100
2025-06-21 05:16:00,0.4496900,0.4498800,0.4494900,0.4496100,6752.3148300
2025-06-21 05:17:00,0.4495800,0.4497800,0.4493400,0.4497600,15652.0438800
2025-06-21 05:18:00,0.4497800,0.4498000,0.4495700,0.4497600,8284.0906500
2025-06-21 05:19:00,0.4496600,0.4503800,0.4496600,0.4500800,34013.5648900
2025-06-21 05:20:00,0.4500900,0.4503800,0.4500900,0.4502700,8071.3612000
2025-06-21 05:21:00,0.4503700,0.4503800,0.4495300,0.4496800,14633.2751600
2025-06-21 05:22:00,0.4496900,0.4498000,0.4495100,0.4497200,17524.8633300
2025-06-21 05:23:00,0.4497100,0.4497100,0.4495300,0.4495500,3717.3800000
2025-06-21 05:24:00,0.4495600,0.4498300,0.4495300,0.4496600,11050.6027800
2025-06-21 05:25:00,0.4496700,0.4499600,0.4494700,0.4497500,15965.3111100
2025-06-21 05:26:00,0.4497100,0.4498500,0.4496200,0.4497600,11015.2886100
2025-06-21 05:27:00,0.4497700,0.4498000,0.4495400,0.4496000,10011.6795700
2025-06-21 05:28:00,0.4496100,0.4497400,0.4496000,0.4496800,7670.0968000
2025-06-21 05:29:00,0.4496500,0.4497600,0.4492100,0.4492800,8610.5861400
2025-06-21 05:30:00,0.4493100,0.4495100,0.4487700,0.4490500,57999.7234300
2025-06-21 05:31:00,0.4490600,0.4492700,0.4488500,0.4488500,4475.1975100
2025-06-21 05:32:00,0.4488500,0.4494700,0.4487400,0.4493800,19166.3423900
2025-06-21 05:33:00,0.4493500,0.4496400,0.4492500,0.4496400,12671.2326200
2025-06-21 05:34:00,0.4496300,0.4497800,0.4493100,0.4494300,18175.8438300
2025-06-21 05:35:00,0.4494700,0.4499200,0.4494300,0.4495200,11891.2844100
2025-06-21 05:36:00,0.4495300,0.4501300,0.4495300,0.4497500,28762.1777900
2025-06-21 05:37:00,0.4497800,0.4498600,0.4494500,0.4495300,22737.8445900
2025-06-21 05:38:00,0.4495100,0.4497800,0.4495000,0.4496800,8029.8190600
2025-06-21 05:39:00,0.4497400,0.4499600,0.4492700,0.4494000,23046.0750400
2025-06-21 05:40:00,0.4494000,0.4501400,0.4492600,0.4498400,50464.7117500
2025-06-21 05:41:00,0.4498600,0.4501600,0.4496200,0.4496200,27785.6695300
2025-06-21 05:42:00,0.4496500,0.4498500,0.4494900,0.4495000,16480.5114800
2025-06-21 05:43:00,0.4495100,0.4497700,0.4494900,0.4496400,13604.0789500
2025-06-21 05:44:00,0.4496500,0.4496600,0.4495200,0.4495600,5329.4910700
2025-06-21 05:45:00,0.4495700,0.4496200,0.4490900,0.4493200,19036.3255400
2025-06-21 05:46:00,0.4493500,0.4495800,0.4493000,0.4493900,10922.9892900
2025-06-21 05:47:00,0.4494000,0.4498300,0.4494000,0.4496300,12527.6517400
2025-06-21 05:48:00,0.4496100,0.4498000,0.4494800,0.4497900,13140.5188300
2025-06-21 05:49:00,0.4497900,0.4498200,0.4495400,0.4495800,6138.5241500
2025-06-21 05:50:00,0.4496000,0.4496600,0.4493400,0.4495100,10235.0886100
2025-06-21 05:51:00,0.4495200,0.4497200,0.4493600,0.4495500,18894.3130600
2025-06-21 05:52:00,0.4495100,0.4499700,0.4495100,0.4498900,16814.0246300
2025-06-21 05:53:00,0.4499200,0.4499300,0.4496000,0.4497700,16803.0652000
2025-06-21 05:54:00,0.4497400,0.4499200,0.4496200,0.4497700,15032.4710600
2025-06-21 05:55:00,0.4497700,0.4497700,0.4495200,0.4495200,6338.0941500
2025-06-21 05:56:00,0.4495300,0.4495300,0.4494000,0.4494500,7327.9424800
2025-06-21 05:57:00,0.4494600,0.4496300,0.4494500,0.4495800,4567.0593600
2025-06-21 05:58:00,0.4495700,0.4495700,0.4492200,0.4493000,10551.6523000
2025-06-21 05:59:00,0.4493300,0.4496200,0.4492700,0.4495900,8457.1459700
2025-06-21 06:00:00,0.4496100,0.4496700,0.4494800,0.4496700,12194.5231700
2025-06-21 06:01:00,0.4496800,0.4499800,0.4493300,0.4494500,54303.9371200
2025-06-21 06:02:00,0.4494500,0.4496700,0.4494500,0.4495500,14613.1997200
2025-06-21 06:03:00,0.4495500,0.4497600,0.4492900,0.4496100,45052.7959400
2025-06-21 06:04:00,0.4496200,0.4498700,0.4494800,0.4498500,14776.5218500
2025-06-21 06:05:00,0.4498600,0.4504100,0.4495200,0.4496800,35817.0321900
2025-06-21 06:06:00,0.4496400,0.4497200,0.4494500,0.4496600,11136.5038800
2025-06-21 06:07:00,0.4496500,0.4497100,0.4494900,0.4496200,10060.5497200
2025-06-21 06:08:00,0.4495800,0.4495900,0.4492500,0.4493400,8607.2152400
2025-06-21 06:09:00,0.4493300,0.4497700,0.4492700,0.4496700,12084.8898800
2025-06-21 06:10:00,0.4496500,0.4496800,0.4495100,0.4496200,11015.2665200
2025-06-21 06:11:00,0.4495800,0.4499100,0.4494900,0.4494900,17937.5474900
2025-06-21 06:12:00,0.4495000,0.4499700,0.4494000,0.4495900,23741.4604700
2025-06-21 06:13:00,0.4496000,0.4498500,0.4493800,0.4497000,12155.7390600
2025-06-21 06:14:00,0.4497100,0.4497900,0.4493700,0.4494700,8570.3053500
2025-06-21 06:15:00,0.4493700,0.4496400,0.4492500,0.4495900,14468.4555100
2025-06-21 06:16:00,0.4496000,0.4498800,0.4494800,0.4495100,19203.8569500
2025-06-21 06:17:00,0.4494900,0.4498000,0.4494600,0.4496900,11724.4312500
2025-06-21 06:18:00,0.4496300,0.4497000,0.4494600,0.4495900,10819.1278300
2025-06-21 06:19:00,0.4495900,0.4497200,0.4494800,0.4494900,14251.7430500
2025-06-21 06:20:00,0.4495200,0.4497000,0.4493500,0.4495600,11341.4836900
2025-06-21 06:21:00,0.4495500,0.4497200,0.4494900,0.4495000,11003.7383600
2025-06-21 06:22:00,0.4495100,0.4497900,0.4494700,0.4494900,14742.3908800
2025-06-21 06:23:00,0.4494800,0.4496200,0.4494100,0.4494200,9686.3193500
2025-06-21 06:24:00,0.4494200,0.4501600,0.4493200,0.4498800,70663.9849300
2025-06-21 06:25:00,0.4498900,0.4503300,0.4497000,0.4500300,15429.4483400
2025-06-21 06:26:00,0.4500200,0.4508000,0.4499500,0.4505100,55804.5593800
2025-06-21 06:27:00,0.4504100,0.4504200,0.4494300,0.4494900,36423.3154000
2025-06-21 06:28:00,0.4495000,0.4498700,0.4494500,0.4498100,25773.5744700
2025-06-21 06:29:00,0.4497900,0.4497900,0.4493200,0.4495100,8045.4824400
2025-06-21 06:30:00,0.4495400,0.4498800,0.4494600,0.4495900,26667.4892900
2025-06-21 06:31:00,0.4496500,0.4500500,0.4495200,0.4497100,12751.4367300
2025-06-21 06:32:00,0.4497200,0.4497700,0.4496100,0.4497500,14968.2165100
2025-06-21 06:33:00,0.4497100,0.4501900,0.4496100,0.4496900,24375.5875500
2025-06-21 06:34:00,0.4496900,0.4498200,0.4488700,0.4490000,47720.5845900
2025-06-21 06:35:00,0.4490500,0.4496400,0.4488800,0.4493800,45689.2693800
2025-06-21 06:36:00,0.4492400,0.4493500,0.4489400,0.4489500,21223.9984200
2025-06-21 06:37:00,0.4490100,0.4495900,0.4488900,0.4494600,16993.9569500
2025-06-21 06:38:00,0.4494800,0.4495100,0.4493300,0.4493700,13994.0708700
2025-06-21 06:39:00,0.4494200,0.4494200,0.4490200,0.4493300,20028.1471100
2025-06-21 06:40:00,0.4493400,0.4495400,0.4493400,0.4494300,13228.8743700
2025-06-21 06:41:00,0.4494400,0.4495100,0.4491300,0.4492600,28254.4381700
2025-06-21 06:42:00,0.4493000,0.4494400,0.4491100,0.4493700,9443.8117000
2025-06-21 06:43:00,0.4493800,0.4493900,0.4491700,0.4492600,9660.4273400
2025-06-21 06:44:00,0.4492300,0.4496200,0.4492300,0.4492700,21370.7653000
2025-06-21 06:45:00,0.4492800,0.4494700,0.4492200,0.4494200,29108.0198300
2025-06-21 06:46:00,0.4493700,0.4494900,0.4492100,0.4493700,14946.8152200
2025-06-21 06:47:00,0.4493300,0.4495400,0.4492400,0.4494600,11464.0033900
2025-06-21 06:48:00,0.4495200,0.4495400,0.4494200,0.4494800,3621.2818700
2025-06-21 06:49:00,0.4495000,0.4496100,0.4494300,0.4496100,3702.5707900
2025-06-21 06:50:00,0.4496300,0.4496400,0.4492100,0.4492100,18905.5907600
2025-06-21 06:51:00,0.4491600,0.4494100,0.4490500,0.4492100,22908.1974700
2025-06-21 06:52:00,0.4493100,0.4494700,0.4492300,0.4492300,15661.5033500
2025-06-21 06:53:00,0.4492400,0.4493500,0.4491800,0.4492000,8429.7002600
2025-06-21 06:54:00,0.4492000,0.4494600,0.4491100,0.4492800,15644.9431800
2025-06-21 06:55:00,0.4493000,0.4496000,0.4492800,0.4493000,16589.2778700
2025-06-21 06:56:00,0.4492900,0.4492900,0.4491500,0.4491500,1707.3720500
2025-06-21 06:57:00,0.4491600,0.4497300,0.4491600,0.4496400,22944.2640700
2025-06-21 06:58:00,0.4495700,0.4497100,0.4493100,0.4493900,22835.7166300
2025-06-21 06:59:00,0.4493900,0.4495600,0.4492500,0.4494700,5976.4287200
2025-06-21 07:00:00,0.4494800,0.4494900,0.4491600,0.4494700,12496.8415600
2025-06-21 07:01:00,0.4494600,0.4496400,0.4493600,0.4494200,24475.3337800
2025-06-21 07:02:00,0.4494300,0.4496900,0.4494300,0.4496300,30764.8351000
2025-06-21 07:03:00,0.4495700,0.4495800,0.4493600,0.4493600,9746.4738000
2025-06-21 07:04:00,0.4493700,0.4496400,0.4493400,0.4496400,8318.3598200
2025-06-21 07:05:00,0.4496800,0.4498100,0.4495400,0.4495400,8628.1199600
2025-06-21 07:06:00,0.4495500,0.4497000,0.4492800,0.4493600,30796.6813500
2025-06-21 07:07:00,0.4493700,0.4495100,0.4492200,0.4494100,6682.1105700
2025-06-21 07:08:00,0.4494200,0.4494200,0.4485900,0.4490500,30032.1343700
2025-06-21 07:09:00,0.4490900,0.4495900,0.4490900,0.4495500,12768.1078400
2025-06-21 07:10:00,0.4495300,0.4496100,0.4494600,0.4495400,8104.0632800
2025-06-21 07:11:00,0.4495600,0.4498000,0.4495600,0.4497600,6879.3113200
2025-06-21 07:12:00,0.4497600,0.4498800,0.4497600,0.4498400,18473.4705600
2025-06-21 07:13:00,0.4498200,0.4499800,0.4498200,0.4498600,24787.1841800
2025-06-21 07:14:00,0.4498500,0.4500000,0.4498000,0.4498000,15568.2049900
2025-06-21 07:15:00,0.4497800,0.4498000,0.4497300,0.4498000,9640.5207700
2025-06-21 07:16:00,0.4497700,0.4501700,0.4497700,0.4501200,16943.8082800
2025-06-21 07:17:00,0.4500800,0.4501600,0.4494600,0.4497400,46734.7590800
2025-06-21 07:18:00,0.4497500,0.4497500,0.4488700,0.4491300,27995.2662300
2025-06-21 07:19:00,0.4491100,0.4494500,0.4490200,0.4494200,17528.7344100
2025-06-21 07:20:00,0.4494300,0.4498300,0.4492800,0.4497600,69198.4473000
2025-06-21 07:21:00,0.4497400,0.4498500,0.4495600,0.4496000,22707.6625600
2025-06-21 07:22:00,0.4496300,0.4499300,0.4492400,0.4494500,23042.1900600
2025-06-21 07:23:00,0.4494700,0.4494700,0.4491200,0.4491200,3498.4080300
2025-06-21 07:24:00,0.4491200,0.4494400,0.4491000,0.4494000,8764.5940300
2025-06-21 07:25:00,0.4493900,0.4493900,0.4489700,0.4490400,14026.3975900
2025-06-21 07:26:00,0.4490300,0.4490300,0.4486000,0.4489100,35781.3291400
2025-06-21 07:27:00,0.4489100,0.4495800,0.4488400,0.4494600,19093.5020800
2025-06-21 07:28:00,0.4494300,0.4499600,0.4494300,0.4499500,12073.6891900
2025-06-21 07:29:00,0.4498700,0.4500600,0.4496500,0.4496500,48805.0070700
2025-06-21 07:30:00,0.4496600,0.4496700,0.4494400,0.4494400,15007.7774300
2025-06-21 07:31:00,0.4494900,0.4498900,0.4494000,0.4498400,13430.0060800
2025-06-21 07:32:00,0.4498600,0.4500600,0.4498400,0.4500000,16171.1689900
2025-06-21 07:33:00,0.4499900,0.4503000,0.4499900,0.4500700,17805.3144700
2025-06-21 07:34:00,0.4501000,0.4507500,0.4501000,0.4507300,45345.5963400
2025-06-21 07:35:00,0.4506100,0.4524300,0.4504200,0.4519600,121647.4105900
2025-06-21 07:36:00,0.4519600,0.4526200,0.4519600,0.4523600,38900.8666300
2025-06-21 07:37:00,0.4524300,0.4527000,0.4523100,0.4527000,21340.8572800
2025-06-21 07:38:00,0.4527100,0.4531700,0.4526300,0.4528400,34468.4831300
2025-06-21 07:39:00,0.4528400,0.4529800,0.4526800,0.4526900,29153.9712800
2025-06-21 07:40:00,0.4526800,0.4527100,0.4520200,0.4520200,53591.1340100
2025-06-21 07:41:00,0.4520100,0.4521000,0.4519500,0.4519700,14637.0483500
2025-06-21 07:42:00,0.4519700,0.4523000,0.4515700,0.4515700,24241.0877300
2025-06-21 07:43:00,0.4515700,0.4518000,0.4511500,0.4511800,30675.3793700
2025-06-21 07:44:00,0.4511900,0.4513600,0.4510000,0.4510200,5329.0417100
2025-06-21 07:45:00,0.4510100,0.4510100,0.4496500,0.4496500,49194.2764700
2025-06-21 07:46:00,0.4496400,0.4496500,0.4487800,0.4489300,35273.0231300
2025-06-21 07:47:00,0.4489300,0.4497400,0.4489300,0.4496300,47032.2943300
2025-06-21 07:48:00,0.4497100,0.4497100,0.4492800,0.4495400,12841.4232200
2025-06-21 07:49:00,0.4495800,0.4500000,0.4494500,0.4496600,18687.1151200
2025-06-21 07:50:00,0.4496600,0.4497800,0.4495000,0.4496600,12088.4691600
2025-06-21 07:51:00,0.4496600,0.4499500,0.4495400,0.4496000,9338.9679400
2025-06-21 07:52:00,0.4496000,0.4499100,0.4496000,0.4498200,11395.1557700
2025-06-21 07:53:00,0.4498100,0.4498100,0.4495900,0.4496900,16726.6862200
2025-06-21 07:54:00,0.4497000,0.4499200,0.4496400,0.4496800,7553.6298900
2025-06-21 07:55:00,0.4497100,0.4500100,0.4497000,0.4499200,18660.8939300
2025-06-21 07:56:00,0.4499200,0.4499200,0.4496400,0.4497000,12464.3267900
2025-06-21 07:57:00,0.4497000,0.4501700,0.4496700,0.4501700,33970.5770600
2025-06-21 07:58:00,0.4501000,0.4502200,0.4497300,0.4497600,20686.9975400
2025-06-21 07:59:00,0.4497900,0.4500800,0.4497500,0.4498000,16920.7233200
2025-06-21 08:00:00,0.4498300,0.4501300,0.4496700,0.4501300,20635.9274200
2025-06-21 08:01:00,0.4500200,0.4505200,0.4500200,0.4504100,29552.3907400
2025-06-21 08:02:00,0.4503900,0.4504000,0.4496900,0.4498900,14003.1013700
2025-06-21 08:03:00,0.4498900,0.4499900,0.4495300,0.4497100,20718.2739000
2025-06-21 08:04:00,0.4497100,0.4498700,0.4496300,0.4496600,35166.7326400
2025-06-21 08:05:00,0.4496500,0.4496800,0.4491700,0.4494300,18633.0822900
2025-06-21 08:06:00,0.4494100,0.4499200,0.4494100,0.4499100,7931.5326000
2025-06-21 08:07:00,0.4499100,0.4507800,0.4498900,0.4504200,48692.3622700
2025-06-21 08:08:00,0.4504400,0.4507800,0.4504400,0.4506300,10850.4733400
2025-06-21 08:09:00,0.4506300,0.4507000,0.4504200,0.4504200,7871.6788800
2025-06-21 08:10:00,0.4504300,0.4504400,0.4500000,0.4503300,6595.1777500
2025-06-21 08:11:00,0.4503300,0.4504200,0.4503100,0.4503200,12481.3387600
2025-06-21 08:12:00,0.4503900,0.4506200,0.4499500,0.4500100,17288.3442500
2025-06-21 08:13:00,0.4500400,0.4500500,0.4497900,0.4498700,4018.2892200
2025-06-21 08:14:00,0.4498500,0.4501300,0.4498500,0.4501100,11040.3892400
2025-06-21 08:15:00,0.4501100,0.4502900,0.4501000,0.4501000,7890.0300900
2025-06-21 08:16:00,0.4501100,0.4503100,0.4501100,0.4502400,5762.7592300
2025-06-21 08:17:00,0.4502500,0.4504500,0.4502400,0.4503100,12441.6295700
2025-06-21 08:18:00,0.4503300,0.4503900,0.4500000,0.4500000,13186.7356700
2025-06-21 08:19:00,0.4500000,0.4502500,0.4499800,0.4500800,16658.3884600
2025-06-21 08:20:00,0.4500600,0.4502100,0.4499200,0.4500500,14879.7208700
2025-06-21 08:21:00,0.4499800,0.4500600,0.4499000,0.4499800,2035.1129300
2025-06-21 08:22:00,0.4499600,0.4501600,0.4499600,0.4500800,4508.8242700
2025-06-21 08:23:00,0.4500600,0.4502500,0.4498000,0.4499400,39149.3152800
2025-06-21 08:24:00,0.4499800,0.4505500,0.4499300,0.4502600,69489.4165600
2025-06-21 08:25:00,0.4502900,0.4503100,0.4500300,0.4502700,8832.2768300
2025-06-21 08:26:00,0.4502700,0.4503300,0.4500200,0.4502100,8752.6215200
2025-06-21 08:27:00,0.4502200,0.4509400,0.4502200,0.4509300,23134.9623200
2025-06-21 08:28:00,0.4509400,0.4509900,0.4506500,0.4507200,30250.8493700
2025-06-21 08:29:00,0.4507000,0.4507000,0.4500900,0.4501600,14634.3416700
2025-06-21 08:30:00,0.4500800,0.4501900,0.4500000,0.4500000,14518.9132900
2025-06-21 08:31:00,0.4499900,0.4501600,0.4498300,0.4500700,38006.5370700
2025-06-21 08:32:00,0.4501000,0.4501000,0.4495900,0.4495900,28509.2163200
2025-06-21 08:33:00,0.4495900,0.4501000,0.4495500,0.4500700,10113.6568400
2025-06-21 08:34:00,0.4500700,0.4502600,0.4498200,0.4501000,24308.3781200
2025-06-21 08:35:00,0.4499500,0.4499500,0.4493000,0.4497100,15039.6155000
2025-06-21 08:36:00,0.4496900,0.4500000,0.4496700,0.4499300,12345.0950200
2025-06-21 08:37:00,0.4499200,0.4499200,0.4494500,0.4498300,10496.8004600
2025-06-21 08:38:00,0.4498500,0.4499800,0.4496700,0.4498500,14997.8964500
2025-06-21 08:39:00,0.4498500,0.4499200,0.4496900,0.4496900,7587.1041300
2025-06-21 08:40:00,0.4497800,0.4500700,0.4497400,0.4500300,14688.2572800
2025-06-21 08:41:00,0.4499300,0.4501500,0.4498500,0.4500400,6807.3136200
2025-06-21 08:42:00,0.4500700,0.4500700,0.4498800,0.4499600,10433.9244000
2025-06-21 08:43:00,0.4499200,0.4501100,0.4499200,0.4500300,8406.9797800
2025-06-21 08:44:00,0.4500600,0.4502600,0.4500500,0.4502200,6028.0784700
2025-06-21 08:45:00,0.4502200,0.4502200,0.4499200,0.4500800,13392.3565700
2025-06-21 08:46:00,0.4500800,0.4502900,0.4500600,0.4502900,8159.7610900
2025-06-21 08:47:00,0.4502300,0.4502300,0.4496600,0.4499900,22924.6851100
2025-06-21 08:48:00,0.4499900,0.4499900,0.4497300,0.4497500,23886.2907700
2025-06-21 08:49:00,0.4497200,0.4497800,0.4495700,0.4497800,5164.8760600
2025-06-21 08:50:00,0.4497700,0.4498200,0.4494400,0.4498200,17870.7617000
2025-06-21 08:51:00,0.4498300,0.4500800,0.4498300,0.4499000,14309.1715000
2025-06-21 08:52:00,0.4499300,0.4499900,0.4498500,0.4499400,9399.9013700
2025-06-21 08:53:00,0.4498800,0.4501100,0.4498800,0.4500600,11068.1294100
2025-06-21 08:54:00,0.4500700,0.4506300,0.4500700,0.4505000,35754.0500400
2025-06-21 08:55:00,0.4504900,0.4527800,0.4504900,0.4525700,160552.3470900
2025-06-21 08:56:00,0.4525700,0.4528800,0.4521600,0.4522000,55067.5155300
2025-06-21 08:57:00,0.4522000,0.4529600,0.4521200,0.4529200,25246.1663500
2025-06-21 08:58:00,0.4529200,0.4533200,0.4525000,0.4527800,36473.5341800
2025-06-21 08:59:00,0.4528200,0.4533100,0.4528200,0.4532600,14155.5150800
2025-06-21 09:00:00,0.4532300,0.4538800,0.4531200,0.4537700,73075.1060400
2025-06-21 09:01:00,0.4537500,0.4560900,0.4536100,0.4558700,173900.2896500
2025-06-21 09:02:00,0.4558500,0.4560900,0.4542700,0.4544900,96257.8710700
2025-06-21 09:03:00,0.4544700,0.4546900,0.4534500,0.4545500,145842.4893700
2025-06-21 09:04:00,0.4545500,0.4545500,0.4525600,0.4529000,60677.2327700
2025-06-21 09:05:00,0.4528800,0.4528800,0.4517200,0.4517200,49636.1954400
2025-06-21 09:06:00,0.4518800,0.4523500,0.4517400,0.4523400,24066.9464900
2025-06-21 09:07:00,0.4523500,0.4523900,0.4518000,0.4521200,25948.9892200
2025-06-21 09:08:00,0.4521300,0.4521300,0.4509000,0.4512100,25413.7501600
2025-06-21 09:09:00,0.4512600,0.4512600,0.4508900,0.4511600,13360.7824800
2025-06-21 09:10:00,0.4511600,0.4519400,0.4511600,0.4517400,19658.0701600
2025-06-21 09:11:00,0.4516900,0.4516900,0.4511700,0.4512000,15004.9635600
2025-06-21 09:12:00,0.4512200,0.4512200,0.4505800,0.4509000,22553.4460300
2025-06-21 09:13:00,0.4508900,0.4511400,0.4507700,0.4510800,9677.1204700
2025-06-21 09:14:00,0.4510000,0.4518300,0.4509900,0.4512100,44156.8060800
2025-06-21 09:15:00,0.4512300,0.4517300,0.4511400,0.4512400,13982.0136300
2025-06-21 09:16:00,0.4512400,0.4512400,0.4505600,0.4506200,8100.6688600
2025-06-21 09:17:00,0.4506000,0.4506000,0.4504600,0.4505300,10510.0490700
2025-06-21 09:18:00,0.4504900,0.4505600,0.4499000,0.4500800,66515.9709600
2025-06-21 09:19:00,0.4500700,0.4503100,0.4499400,0.4499400,33797.3065300
2025-06-21 09:20:00,0.4499500,0.4499500,0.4495100,0.4496100,43051.3610800
2025-06-21 09:21:00,0.4496000,0.4499600,0.4495800,0.4498300,16830.7097600
2025-06-21 09:22:00,0.4498200,0.4504500,0.4497800,0.4498700,23003.4564600
2025-06-21 09:23:00,0.4498800,0.4505000,0.4497400,0.4505000,11091.1628100
2025-06-21 09:24:00,0.4505000,0.4505000,0.4501400,0.4504900,11798.0318100
2025-06-21 09:25:00,0.4504300,0.4510100,0.4502200,0.4502200,21460.7197300
2025-06-21 09:26:00,0.4502200,0.4502200,0.4498400,0.4500400,23838.4988000
2025-06-21 09:27:00,0.4500500,0.4505400,0.4500400,0.4505400,7723.0848900
2025-06-21 09:28:00,0.4505400,0.4509300,0.4502600,0.4505000,46335.1257000
2025-06-21 09:29:00,0.4504900,0.4509400,0.4503700,0.4509400,5914.3600200
2025-06-21 09:30:00,0.4509400,0.4509400,0.4500000,0.4500000,40777.1540500
2025-06-21 09:31:00,0.4500100,0.4501800,0.4496100,0.4499900,22947.3132800
2025-06-21 09:32:00,0.4500400,0.4505600,0.4500300,0.4502600,20825.4017900
2025-06-21 09:33:00,0.4502800,0.4513500,0.4502200,0.4508700,79023.0871700
2025-06-21 09:34:00,0.4508600,0.4515600,0.4508000,0.4513200,19968.6480900
2025-06-21 09:35:00,0.4512800,0.4515700,0.4512300,0.4515700,7929.4634100
2025-06-21 09:36:00,0.4515600,0.4515600,0.4509200,0.4510200,13495.7977200
2025-06-21 09:37:00,0.4509900,0.4509900,0.4505700,0.4507700,14525.8965600
2025-06-21 09:38:00,0.4507500,0.4507900,0.4504700,0.4507800,11990.8573600
2025-06-21 09:39:00,0.4507300,0.4508800,0.4505000,0.4508800,9726.6201000
2025-06-21 09:40:00,0.4508800,0.4508800,0.4502900,0.4503500,26177.8400400
2025-06-21 09:41:00,0.4503200,0.4508700,0.4502000,0.4508000,18200.7620500
2025-06-21 09:42:00,0.4508000,0.4514600,0.4505700,0.4514600,16217.5003200
2025-06-21 09:43:00,0.4515000,0.4518200,0.4514700,0.4515400,8986.3103900
2025-06-21 09:44:00,0.4515200,0.4515200,0.4510100,0.4514000,8276.0094100
2025-06-21 09:45:00,0.4513300,0.4516000,0.4512900,0.4515300,10944.3064200
2025-06-21 09:46:00,0.4514100,0.4514100,0.4507100,0.4509400,26074.0074200
2025-06-21 09:47:00,0.4508400,0.4508500,0.4503800,0.4506400,14137.0022200
2025-06-21 09:48:00,0.4506200,0.4509500,0.4505900,0.4505900,8898.7009400
2025-06-21 09:49:00,0.4506000,0.4511000,0.4504500,0.4509600,13772.5956700
2025-06-21 09:50:00,0.4509200,0.4514800,0.4507700,0.4512300,18354.7456100
2025-06-21 09:51:00,0.4511600,0.4516400,0.4510800,0.4512800,17641.2353300
2025-06-21 09:52:00,0.4512700,0.4519700,0.4512600,0.4518400,13224.3750600
2025-06-21 09:53:00,0.4518800,0.4536500,0.4518600,0.4534600,70146.8024000
2025-06-21 09:54:00,0.4534600,0.4538400,0.4533600,0.4533600,34723.9374700
2025-06-21 09:55:00,0.4533200,0.4533200,0.4528800,0.4533100,15189.4028000
2025-06-21 09:56:00,0.4533000,0.4533000,0.4525100,0.4530900,50701.8619400
2025-06-21 09:57:00,0.4530900,0.4532800,0.4527900,0.4532800,15564.8531000
2025-06-21 09:58:00,0.4531900,0.4531900,0.4524500,0.4525700,16088.9340100
2025-06-21 09:59:00,0.4525600,0.4531100,0.4524700,0.4529600,14606.7302800
2025-06-21 10:00:00,0.4528800,0.4528800,0.4523600,0.4526500,14776.8017700
2025-06-21 10:01:00,0.4526500,0.4528600,0.4521800,0.4521800,9125.4778900
2025-06-21 10:02:00,0.4521800,0.4526400,0.4521700,0.4525400,16066.3982200
2025-06-21 10:03:00,0.4525000,0.4525000,0.4518700,0.4524100,14771.0028000
2025-06-21 10:04:00,0.4522900,0.4524000,0.4521500,0.4524000,4792.2589200
2025-06-21 10:05:00,0.4523700,0.4524200,0.4520800,0.4521700,12250.4760600
2025-06-21 10:06:00,0.4521600,0.4522800,0.4518800,0.4518900,12230.8945300
2025-06-21 10:07:00,0.4519200,0.4526000,0.4518000,0.4518300,16539.9772600
2025-06-21 10:08:00,0.4517900,0.4518400,0.4515500,0.4517300,8068.8050700
2025-06-21 10:09:00,0.4517300,0.4517300,0.4512000,0.4516100,37984.8159000
2025-06-21 10:10:00,0.4515700,0.4515700,0.4512500,0.4514800,22209.7921600
2025-06-21 10:11:00,0.4514600,0.4524900,0.4514600,0.4522300,16536.2282000
2025-06-21 10:12:00,0.4522300,0.4522300,0.4516000,0.4517900,12605.0740000
2025-06-21 10:13:00,0.4517600,0.4518300,0.4507100,0.4508500,55534.9114700
2025-06-21 10:14:00,0.4508100,0.4510400,0.4507200,0.4509800,21274.5659300
2025-06-21 10:15:00,0.4509600,0.4511100,0.4509000,0.4510700,16505.4047200
2025-06-21 10:16:00,0.4510700,0.4513200,0.4509400,0.4512700,10168.8839200
2025-06-21 10:17:00,0.4512500,0.4512500,0.4509700,0.4509900,16674.5898400
2025-06-21 10:18:00,0.4509600,0.4510700,0.4507800,0.4510700,46572.4180000
2025-06-21 10:19:00,0.4510600,0.4516900,0.4509700,0.4516400,14357.4138600
2025-06-21 10:20:00,0.4516200,0.4517500,0.4513300,0.4516800,13071.9208600
2025-06-21 10:21:00,0.4516700,0.4516700,0.4510500,0.4511600,17388.9466100
2025-06-21 10:22:00,0.4510800,0.4514300,0.4510400,0.4512200,16159.1306800
2025-06-21 10:23:00,0.4511600,0.4513500,0.4510400,0.4513500,13349.7541500
2025-06-21 10:24:00,0.4513400,0.4515300,0.4510100,0.4512600,24767.5579300
2025-06-21 10:25:00,0.4512200,0.4512200,0.4508500,0.4509900,13823.9034300
2025-06-21 10:26:00,0.4509900,0.4512000,0.4509300,0.4509700,10267.2110700
2025-06-21 10:27:00,0.4509700,0.4510800,0.4508600,0.4509300,7577.6339100
2025-06-21 10:28:00,0.4509200,0.4509800,0.4506400,0.4506500,9419.2248400
2025-06-21 10:29:00,0.4506500,0.4509500,0.4506500,0.4507400,11006.7577900
2025-06-21 10:30:00,0.4508200,0.4511700,0.4508200,0.4510400,17653.7018500
2025-06-21 10:31:00,0.4510000,0.4510500,0.4506100,0.4506100,14635.8491100
2025-06-21 10:32:00,0.4506300,0.4506800,0.4501300,0.4504000,44612.4385800
2025-06-21 10:33:00,0.4504000,0.4504200,0.4502500,0.4504000,7866.9669100
2025-06-21 10:34:00,0.4503300,0.4505300,0.4500500,0.4500600,11829.2344500
2025-06-21 10:35:00,0.4500700,0.4501500,0.4498100,0.4500200,24742.5103000
2025-06-21 10:36:00,0.4499800,0.4501300,0.4498000,0.4500100,18958.2353300
2025-06-21 10:37:00,0.4500100,0.4502700,0.4500100,0.4500900,5464.6394700
2025-06-21 10:38:00,0.4501000,0.4502800,0.4500700,0.4501800,5560.7011700
2025-06-21 10:39:00,0.4501400,0.4501900,0.4500800,0.4501200,3945.6871200
2025-06-21 10:40:00,0.4501200,0.4506300,0.4501200,0.4505700,21741.8334000
2025-06-21 10:41:00,0.4505700,0.4511000,0.4505700,0.4511000,15366.4092500
2025-06-21 10:42:00,0.4511000,0.4513200,0.4508800,0.4512600,18742.2717000
2025-06-21 10:43:00,0.4512600,0.4512600,0.4510200,0.4510500,2995.7329800
2025-06-21 10:44:00,0.4510500,0.4512500,0.4510500,0.4511400,6308.6817900
2025-06-21 10:45:00,0.4511300,0.4522200,0.4508900,0.4519300,22788.4767800
2025-06-21 10:46:00,0.4519700,0.4519700,0.4514900,0.4514900,10918.9534400
2025-06-21 10:47:00,0.4514500,0.4520400,0.4514500,0.4520400,20164.2826800
2025-06-21 10:48:00,0.4519900,0.4519900,0.4511400,0.4512600,15101.0406500
2025-06-21 10:49:00,0.4512600,0.4522700,0.4512600,0.4517100,25517.2503300
2025-06-21 10:50:00,0.4517200,0.4517200,0.4514400,0.4514400,11080.4087900
2025-06-21 10:51:00,0.4514200,0.4517200,0.4513800,0.4514100,11119.9782400
2025-06-21 10:52:00,0.4514000,0.4516300,0.4513900,0.4514600,6602.1400300
2025-06-21 10:53:00,0.4514600,0.4518600,0.4514600,0.4518600,8005.6828000
2025-06-21 10:54:00,0.4518800,0.4521600,0.4517000,0.4517000,6426.7178700
2025-06-21 10:55:00,0.4517000,0.4519100,0.4516600,0.4517500,11924.6702000
2025-06-21 10:56:00,0.4517200,0.4518900,0.4512400,0.4518900,14112.7388500
2025-06-21 10:57:00,0.4518400,0.4519500,0.4514700,0.4514800,11883.5892300
2025-06-21 10:58:00,0.4514700,0.4523000,0.4514100,0.4518300,23791.0850700
2025-06-21 10:59:00,0.4518100,0.4522000,0.4517200,0.4520600,13227.5967600
2025-06-21 11:00:00,0.4520600,0.4523600,0.4520600,0.4523300,8245.9479100
2025-06-21 11:01:00,0.4523400,0.4526500,0.4523400,0.4526500,23773.9737100
2025-06-21 11:02:00,0.4526600,0.4540700,0.4526600,0.4538600,51301.6656900
2025-06-21 11:03:00,0.4538700,0.4543600,0.4538500,0.4543200,28121.4761500
2025-06-21 11:04:00,0.4543000,0.4544000,0.4538600,0.4541100,21237.5715700
2025-06-21 11:05:00,0.4540900,0.4547500,0.4535400,0.4545800,72445.1626100
2025-06-21 11:06:00,0.4545200,0.4559000,0.4545200,0.4551700,58397.7616400
2025-06-21 11:07:00,0.4551600,0.4553800,0.4547000,0.4547000,32416.5334400
2025-06-21 11:08:00,0.4546900,0.4546900,0.4536400,0.4539300,48710.3950500
2025-06-21 11:09:00,0.4539800,0.4540400,0.4535200,0.4535500,8433.8216100
2025-06-21 11:10:00,0.4535500,0.4537400,0.4532800,0.4533200,44974.4846500
2025-06-21 11:11:00,0.4533100,0.4534000,0.4529000,0.4532000,27474.6027800
2025-06-21 11:12:00,0.4531300,0.4535100,0.4527500,0.4527500,44514.1196900
2025-06-21 11:13:00,0.4528500,0.4528600,0.4522600,0.4523600,11839.4708700
2025-06-21 11:14:00,0.4523300,0.4525300,0.4521700,0.4524500,16611.6132900
2025-06-21 11:15:00,0.4524400,0.4525500,0.4520200,0.4520200,16326.5757300
2025-06-21 11:16:00,0.4520200,0.4520200,0.4514900,0.4515400,33389.2500700
2025-06-21 11:17:00,0.4514900,0.4515000,0.4510500,0.4510700,10441.2183800
2025-06-21 11:18:00,0.4510700,0.4511900,0.4508400,0.4508800,27279.7740700
2025-06-21 11:19:00,0.4509400,0.4515400,0.4508900,0.4513600,32944.1165300
2025-06-21 11:20:00,0.4512900,0.4514600,0.4508800,0.4509900,11057.2874600
2025-06-21 11:21:00,0.4509800,0.4512800,0.4509800,0.4511900,15074.1320000
2025-06-21 11:22:00,0.4511900,0.4515300,0.4510900,0.4510900,15548.2601300
2025-06-21 11:23:00,0.4510900,0.4515100,0.4510400,0.4511000,10940.5278600
2025-06-21 11:24:00,0.4511200,0.4512800,0.4507500,0.4509100,51372.1452300
2025-06-21 11:25:00,0.4508900,0.4508900,0.4507700,0.4507900,5246.9560300
2025-06-21 11:26:00,0.4507900,0.4512300,0.4507900,0.4509400,8802.9007700
2025-06-21 11:27:00,0.4509500,0.4511400,0.4508500,0.4509100,17049.6557700
2025-06-21 11:28:00,0.4509800,0.4509900,0.4507300,0.4507900,14326.3859200
2025-06-21 11:29:00,0.4508400,0.4509100,0.4507700,0.4509100,3562.9164700
2025-06-21 11:30:00,0.4509100,0.4509100,0.4504800,0.4507600,17259.9530600
2025-06-21 11:31:00,0.4507600,0.4515100,0.4505800,0.4515000,19936.5659400
2025-06-21 11:32:00,0.4514500,0.4516100,0.4513000,0.4515000,23093.8323200
2025-06-21 11:33:00,0.4514600,0.4516700,0.4512800,0.4516700,19581.8407100
2025-06-21 11:34:00,0.4516600,0.4518000,0.4514600,0.4518000,12797.9726400
2025-06-21 11:35:00,0.4518400,0.4518700,0.4514400,0.4514600,4058.2794300
2025-06-21 11:36:00,0.4514700,0.4517400,0.4513400,0.4515800,12888.9623600
2025-06-21 11:37:00,0.4515800,0.4518200,0.4513500,0.4516000,22711.3992900
2025-06-21 11:38:00,0.4516100,0.4517500,0.4515600,0.4517300,3336.0664800
2025-06-21 11:39:00,0.4517400,0.4523000,0.4515100,0.4521000,41245.4496800
2025-06-21 11:40:00,0.4519900,0.4520300,0.4499200,0.4502100,143780.6019400
2025-06-21 11:41:00,0.4502100,0.4508600,0.4500600,0.4508600,28987.8175700
2025-06-21 11:42:00,0.4508600,0.4510000,0.4508500,0.4509600,6925.1588000
2025-06-21 11:43:00,0.4509100,0.4511900,0.4507700,0.4510600,4176.2638300
2025-06-21 11:44:00,0.4510700,0.4512200,0.4510000,0.4510000,7822.5805100
2025-06-21 11:45:00,0.4510100,0.4510100,0.4505000,0.4507600,13832.0239400
2025-06-21 11:46:00,0.4506800,0.4507600,0.4505600,0.4505600,10291.8974200
2025-06-21 11:47:00,0.4505700,0.4506700,0.4505600,0.4506200,6754.7428100
2025-06-21 11:48:00,0.4506000,0.4506000,0.4502100,0.4503000,6204.6379300
2025-06-21 11:49:00,0.4503000,0.4505300,0.4501000,0.4501000,4781.8509000
2025-06-21 11:50:00,0.4501100,0.4505700,0.4501100,0.4505000,13042.0962300
2025-06-21 11:51:00,0.4505200,0.4507500,0.4503100,0.4503400,10330.1731600
2025-06-21 11:52:00,0.4504100,0.4505200,0.4499800,0.4501300,48547.9643200
2025-06-21 11:53:00,0.4501100,0.4503700,0.4495600,0.4496000,19718.7696600
2025-06-21 11:54:00,0.4496600,0.4497100,0.4494500,0.4494500,24639.9556700
2025-06-21 11:55:00,0.4496000,0.4497100,0.4486300,0.4492900,68475.7958400
2025-06-21 11:56:00,0.4493300,0.4496300,0.4491300,0.4496100,37296.1349800
2025-06-21 11:57:00,0.4495700,0.4501600,0.4493600,0.4498300,47293.0708200
2025-06-21 11:58:00,0.4498400,0.4511500,0.4496700,0.4511300,50991.2562100
2025-06-21 11:59:00,0.4511400,0.4512100,0.4506900,0.4507500,23991.0204600
2025-06-21 12:00:00,0.4507300,0.4507400,0.4495700,0.4497700,39298.3671000
2025-06-21 12:01:00,0.4497800,0.4504600,0.4496700,0.4504600,20775.3010500
2025-06-21 12:02:00,0.4504200,0.4504300,0.4499400,0.4500800,12658.6637700
2025-06-21 12:03:00,0.4500000,0.4501000,0.4497100,0.4498400,16070.1278300
2025-06-21 12:04:00,0.4497900,0.4499700,0.4495700,0.4498800,18894.5094500
2025-06-21 12:05:00,0.4498600,0.4500300,0.4495600,0.4496800,28748.4173900
2025-06-21 12:06:00,0.4497700,0.4500800,0.4497700,0.4498700,13468.5097500
2025-06-21 12:07:00,0.4498600,0.4499300,0.4494600,0.4494700,33095.7191100
2025-06-21 12:08:00,0.4495400,0.4499600,0.4492200,0.4497300,31250.5663500
2025-06-21 12:09:00,0.4496400,0.4500000,0.4494100,0.4499300,22942.3497900
2025-06-21 12:10:00,0.4498300,0.4498800,0.4493500,0.4493500,17519.8884900
2025-06-21 12:11:00,0.4493500,0.4499000,0.4490500,0.4498500,24999.9134000
2025-06-21 12:12:00,0.4498500,0.4498500,0.4487000,0.4490300,52211.9104100
2025-06-21 12:13:00,0.4490300,0.4494200,0.4488900,0.4492600,24457.7436200
2025-06-21 12:14:00,0.4492800,0.4496800,0.4492800,0.4496800,22858.8484100
2025-06-21 12:15:00,0.4496300,0.4497200,0.4494300,0.4496900,21697.1102300
2025-06-21 12:16:00,0.4496900,0.4500000,0.4492200,0.4496700,33263.7140700
2025-06-21 12:17:00,0.4496900,0.4498200,0.4495300,0.4496400,10381.7755500
2025-06-21 12:18:00,0.4496400,0.4497600,0.4495200,0.4495300,8532.0564600
2025-06-21 12:19:00,0.4495300,0.4498600,0.4492900,0.4496500,9865.9321300
2025-06-21 12:20:00,0.4496600,0.4497500,0.4494300,0.4495800,11501.0379600
2025-06-21 12:21:00,0.4495400,0.4497000,0.4494600,0.4495800,7993.6721400
2025-06-21 12:22:00,0.4496100,0.4496900,0.4493500,0.4493500,12379.1282000
2025-06-21 12:23:00,0.4493700,0.4499100,0.4493700,0.4497000,41025.6550600
2025-06-21 12:24:00,0.4496200,0.4498400,0.4495500,0.4495500,19940.6237900
2025-06-21 12:25:00,0.4495900,0.4499100,0.4494100,0.4494100,25001.4599900
2025-06-21 12:26:00,0.4494300,0.4497800,0.4494300,0.4495700,10041.1110500
2025-06-21 12:27:00,0.4495600,0.4497100,0.4492400,0.4495600,15117.9048300
2025-06-21 12:28:00,0.4495600,0.4496500,0.4490800,0.4496400,38046.3722900
2025-06-21 12:29:00,0.4496700,0.4496700,0.4492800,0.4493700,13455.5602400
2025-06-21 12:30:00,0.4493600,0.4494900,0.4489400,0.4494900,15832.3495900
2025-06-21 12:31:00,0.4494900,0.4497100,0.4493700,0.4496600,22574.9480300
2025-06-21 12:32:00,0.4496600,0.4498200,0.4494300,0.4498200,14323.5477100
2025-06-21 12:33:00,0.4498100,0.4498100,0.4494200,0.4495500,28612.4748500
2025-06-21 12:34:00,0.4495800,0.4496700,0.4494400,0.4495800,14485.9962200
2025-06-21 12:35:00,0.4495800,0.4497500,0.4494600,0.4496000,11156.4933000
2025-06-21 12:36:00,0.4496000,0.4497800,0.4494800,0.4495600,20256.8707200
2025-06-21 12:37:00,0.4495700,0.4497200,0.4494200,0.4494800,15583.6613700
2025-06-21 12:38:00,0.4495400,0.4505000,0.4495400,0.4504900,17791.3899100
2025-06-21 12:39:00,0.4504200,0.4504800,0.4498100,0.4498100,18171.8951000
2025-06-21 12:40:00,0.4498100,0.4498900,0.4495500,0.4495500,12350.5778800
2025-06-21 12:41:00,0.4495500,0.4500600,0.4495500,0.4497700,18298.1421200
2025-06-21 12:42:00,0.4497700,0.4500000,0.4497600,0.4499800,9546.2841400
2025-06-21 12:43:00,0.4499500,0.4501000,0.4497600,0.4497900,5344.0433200
2025-06-21 12:44:00,0.4497800,0.4503200,0.4496600,0.4503200,16821.1722500
2025-06-21 12:45:00,0.4503300,0.4509300,0.4498100,0.4499700,34075.9776300
2025-06-21 12:46:00,0.4499400,0.4500300,0.4498000,0.4499400,11581.4199700
2025-06-21 12:47:00,0.4499400,0.4500100,0.4497400,0.4497800,9351.4165100
2025-06-21 12:48:00,0.4497700,0.4498400,0.4494700,0.4497900,15650.1611200
2025-06-21 12:49:00,0.4497800,0.4499400,0.4495500,0.4497400,19060.2921900
2025-06-21 12:50:00,0.4496700,0.4498600,0.4496100,0.4497000,14151.1688400
2025-06-21 12:51:00,0.4497300,0.4503600,0.4497300,0.4501300,22900.7944200
2025-06-21 12:52:00,0.4501600,0.4507100,0.4501500,0.4505600,18413.7700000
2025-06-21 12:53:00,0.4505400,0.4505400,0.4500800,0.4503100,39800.6119300
2025-06-21 12:54:00,0.4503700,0.4503700,0.4498100,0.4498500,28110.4331400
2025-06-21 12:55:00,0.4498500,0.4501800,0.4498200,0.4498200,20716.2453300
2025-06-21 12:56:00,0.4498300,0.4503600,0.4497100,0.4499500,39187.0972400
2025-06-21 12:57:00,0.4499400,0.4499500,0.4496100,0.4498100,7455.4273100
2025-06-21 12:58:00,0.4497800,0.4499100,0.4497200,0.4497900,10149.0690500
2025-06-21 12:59:00,0.4498100,0.4498200,0.4496100,0.4498200,10947.9554800
2025-06-21 13:00:00,0.4498200,0.4500500,0.4497400,0.4499300,21147.1602100
2025-06-21 13:01:00,0.4498500,0.4498600,0.4493100,0.4495600,5818.9061400
2025-06-21 13:02:00,0.4495600,0.4501800,0.4495000,0.4499600,19532.9979700
2025-06-21 13:03:00,0.4499600,0.4501400,0.4494600,0.4497700,47567.1270200
2025-06-21 13:04:00,0.4497900,0.4503300,0.4497900,0.4503300,18649.2893100
2025-06-21 13:05:00,0.4503100,0.4505900,0.4499200,0.4499800,30659.4288700
2025-06-21 13:06:00,0.4499800,0.4501000,0.4497400,0.4499000,23315.9144900
2025-06-21 13:07:00,0.4498900,0.4499900,0.4493400,0.4496900,16475.5436200
2025-06-21 13:08:00,0.4496400,0.4498700,0.4495500,0.4497500,9969.4393200
2025-06-21 13:09:00,0.4497600,0.4501600,0.4495200,0.4501000,14276.9772100
2025-06-21 13:10:00,0.4500900,0.4501300,0.4497200,0.4498700,14177.8303900
2025-06-21 13:11:00,0.4498900,0.4501900,0.4498400,0.4501300,10550.1115900
2025-06-21 13:12:00,0.4501400,0.4506800,0.4501400,0.4506800,26301.5955400
2025-06-21 13:13:00,0.4507100,0.4507100,0.4502900,0.4504900,18564.4490700
2025-06-21 13:14:00,0.4505000,0.4508000,0.4502300,0.4502300,14226.8301300
2025-06-21 13:15:00,0.4502100,0.4502600,0.4495600,0.4496700,22700.1645500
2025-06-21 13:16:00,0.4497200,0.4500300,0.4496500,0.4497300,11030.9030700
2025-06-21 13:17:00,0.4497200,0.4497200,0.4493700,0.4495900,7193.2540500
2025-06-21 13:18:00,0.4496100,0.4498800,0.4495600,0.4498600,11179.2583300
2025-06-21 13:19:00,0.4498600,0.4499400,0.4496700,0.4498800,11332.1435200
2025-06-21 13:20:00,0.4498500,0.4498500,0.4494700,0.4494800,8472.5827900
2025-06-21 13:21:00,0.4494900,0.4498200,0.4492800,0.4493100,30542.4989500
2025-06-21 13:22:00,0.4493300,0.4497500,0.4493300,0.4495000,26680.1978300
2025-06-21 13:23:00,0.4494700,0.4497300,0.4493300,0.4497300,15870.8811800
2025-06-21 13:24:00,0.4495400,0.4498400,0.4495400,0.4498000,7806.1553800
2025-06-21 13:25:00,0.4497500,0.4497600,0.4494900,0.4494900,10442.3502600
2025-06-21 13:26:00,0.4494900,0.4497700,0.4494900,0.4497200,9600.8420600
2025-06-21 13:27:00,0.4496900,0.4497700,0.4493900,0.4494900,15483.6371200
2025-06-21 13:28:00,0.4494900,0.4500900,0.4494900,0.4498700,34609.8082400
2025-06-21 13:29:00,0.4498400,0.4498800,0.4496300,0.4498200,11347.3019000
2025-06-21 13:30:00,0.4497500,0.4499900,0.4495500,0.4498100,16561.4207700
2025-06-21 13:31:00,0.4498100,0.4499100,0.4497200,0.4498200,9181.4112800
2025-06-21 13:32:00,0.4497900,0.4499100,0.4494200,0.4496100,28387.3705600
2025-06-21 13:33:00,0.4495600,0.4495600,0.4492200,0.4494200,14498.3364800
2025-06-21 13:34:00,0.4494400,0.4494700,0.4492600,0.4494600,6979.4980300
2025-06-21 13:35:00,0.4493800,0.4493800,0.4488500,0.4491800,67981.4513300
2025-06-21 13:36:00,0.4491400,0.4495500,0.4488600,0.4493700,54517.5835100
2025-06-21 13:37:00,0.4494500,0.4494600,0.4491200,0.4492200,3372.7555000
2025-06-21 13:38:00,0.4492200,0.4502000,0.4492100,0.4497200,54936.2289200
2025-06-21 13:39:00,0.4497300,0.4498700,0.4494600,0.4497300,10656.4132300
2025-06-21 13:40:00,0.4497500,0.4497500,0.4494500,0.4495400,20290.0058100
2025-06-21 13:41:00,0.4496300,0.4502000,0.4496300,0.4501300,30187.8501200
2025-06-21 13:42:00,0.4501200,0.4501300,0.4493500,0.4494000,29542.1397200
2025-06-21 13:43:00,0.4494100,0.4497900,0.4494100,0.4497700,13889.1831100
2025-06-21 13:44:00,0.4497300,0.4498200,0.4495100,0.4496700,20006.7542400
2025-06-21 13:45:00,0.4496800,0.4497800,0.4490500,0.4494800,52697.8658500
2025-06-21 13:46:00,0.4494800,0.4495700,0.4493200,0.4494200,17242.8121500
2025-06-21 13:47:00,0.4494200,0.4495400,0.4492200,0.4495400,34486.2534100
2025-06-21 13:48:00,0.4494400,0.4498500,0.4494400,0.4494600,31564.9507500
2025-06-21 13:49:00,0.4494600,0.4496300,0.4488400,0.4490500,50144.7077700
2025-06-21 13:50:00,0.4489900,0.4494200,0.4489400,0.4492400,35783.2695700
2025-06-21 13:51:00,0.4492600,0.4492600,0.4491000,0.4491600,15592.5827200
2025-06-21 13:52:00,0.4491500,0.4493700,0.4491300,0.4493300,10941.7362100
2025-06-21 13:53:00,0.4493400,0.4494800,0.4493200,0.4494300,12571.0656600
2025-06-21 13:54:00,0.4494300,0.4495900,0.4492300,0.4493000,25044.8100900
2025-06-21 13:55:00,0.4492700,0.4496200,0.4492200,0.4494100,31444.0511300
2025-06-21 13:56:00,0.4493600,0.4495400,0.4493100,0.4494000,13597.2954600
2025-06-21 13:57:00,0.4493800,0.4494300,0.4492000,0.4492000,11870.0636800
2025-06-21 13:58:00,0.4492000,0.4495100,0.4490300,0.4495100,23138.6313900
2025-06-21 13:59:00,0.4494500,0.4494800,0.4494200,0.4494500,4560.0846700
2025-06-21 14:00:00,0.4494500,0.4497400,0.4494100,0.4494200,29196.5061200
2025-06-21 14:01:00,0.4494400,0.4495200,0.4492200,0.4494500,20477.7539400
2025-06-21 14:02:00,0.4494800,0.4495700,0.4490500,0.4491600,26038.9446700
2025-06-21 14:03:00,0.4491200,0.4491900,0.4490800,0.4491600,7324.4878200
2025-06-21 14:04:00,0.4491200,0.4496000,0.4491200,0.4493100,11656.7698600
2025-06-21 14:05:00,0.4493000,0.4496100,0.4493000,0.4494700,26543.4914100
2025-06-21 14:06:00,0.4494000,0.4497100,0.4493700,0.4496000,20091.3747500
2025-06-21 14:07:00,0.4496000,0.4496700,0.4494100,0.4495300,10054.3409600
2025-06-21 14:08:00,0.4495800,0.4497000,0.4493900,0.4494100,21228.1202200
2025-06-21 14:09:00,0.4494500,0.4499700,0.4494500,0.4498700,11823.5937200
2025-06-21 14:10:00,0.4498700,0.4499400,0.4493900,0.4494500,14182.7426900
2025-06-21 14:11:00,0.4494800,0.4496500,0.4494500,0.4495800,13691.6517400
2025-06-21 14:12:00,0.4496000,0.4496800,0.4494800,0.4495100,10872.5791300
2025-06-21 14:13:00,0.4495500,0.4496700,0.4494600,0.4494600,11955.7295800
2025-06-21 14:14:00,0.4494600,0.4498400,0.4494600,0.4498300,29092.2325700
2025-06-21 14:15:00,0.4498300,0.4498500,0.4492400,0.4493800,15969.1834900
2025-06-21 14:16:00,0.4493800,0.4493800,0.4490700,0.4491600,15818.6681700
2025-06-21 14:17:00,0.4491300,0.4491800,0.4488300,0.4491700,14831.9406100
2025-06-21 14:18:00,0.4491300,0.4494700,0.4488600,0.4494300,20206.7325500
2025-06-21 14:19:00,0.4494000,0.4495200,0.4492500,0.4493800,15520.0873600
2025-06-21 14:20:00,0.4493900,0.4496200,0.4493300,0.4495000,24830.4276200
2025-06-21 14:21:00,0.4495300,0.4496200,0.4492900,0.4494000,13458.2181100
2025-06-21 14:22:00,0.4494100,0.4495600,0.4494000,0.4495200,5568.5913500
2025-06-21 14:23:00,0.4495600,0.4497100,0.4493400,0.4494700,13864.2367600
2025-06-21 14:24:00,0.4494500,0.4497800,0.4493800,0.4495900,15560.7729800
2025-06-21 14:25:00,0.4495900,0.4496300,0.4493400,0.4495000,13937.5182300
2025-06-21 14:26:00,0.4495000,0.4496200,0.4492700,0.4493800,9968.7789200
2025-06-21 14:27:00,0.4494100,0.4496100,0.4494100,0.4495400,8842.6375700
2025-06-21 14:28:00,0.4495200,0.4495800,0.4493600,0.4494400,9827.5788900
2025-06-21 14:29:00,0.4494200,0.4496000,0.4494100,0.4495500,14251.5687700
2025-06-21 14:30:00,0.4495100,0.4495800,0.4494400,0.4495000,13102.3124400
2025-06-21 14:31:00,0.4495000,0.4496200,0.4494400,0.4494400,3505.7401800
2025-06-21 14:32:00,0.4494300,0.4495900,0.4493800,0.4495700,10855.6962600
2025-06-21 14:33:00,0.4496000,0.4497000,0.4495200,0.4497000,4928.9214100
2025-06-21 14:34:00,0.4497000,0.4497000,0.4494400,0.4494800,6176.2474800
2025-06-21 14:35:00,0.4494500,0.4495500,0.4494300,0.4494300,7905.2404900
2025-06-21 14:36:00,0.4494400,0.4495200,0.4494400,0.4495200,3037.2246200
2025-06-21 14:37:00,0.4495300,0.4498200,0.4494500,0.4495900,22030.1275300
2025-06-21 14:38:00,0.4495600,0.4497500,0.4494500,0.4496200,13657.9914700
2025-06-21 14:39:00,0.4496600,0.4497600,0.4494400,0.4494400,4942.2374200
2025-06-21 14:40:00,0.4494300,0.4495500,0.4493000,0.4495500,6789.0860000
2025-06-21 14:41:00,0.4495600,0.4499900,0.4494600,0.4496500,32558.4395600
2025-06-21 14:42:00,0.4496300,0.4496800,0.4495300,0.4496700,7637.5378100
2025-06-21 14:43:00,0.4496800,0.4496800,0.4494200,0.4495700,7271.3095400
2025-06-21 14:44:00,0.4495600,0.4497800,0.4494500,0.4496600,22888.0336300
2025-06-21 14:45:00,0.4496400,0.4497700,0.4495300,0.4496500,9487.6836200
2025-06-21 14:46:00,0.4496600,0.4497500,0.4494600,0.4496200,10233.0951300
2025-06-21 14:47:00,0.4496200,0.4496200,0.4493300,0.4494100,4440.3953100
2025-06-21 14:48:00,0.4494100,0.4495100,0.4492400,0.4493100,10723.2760600
2025-06-21 14:49:00,0.4493500,0.4497900,0.4493300,0.4497900,23008.3309400
2025-06-21 14:50:00,0.4497800,0.4499600,0.4495700,0.4499500,35323.9414500
2025-06-21 14:51:00,0.4499500,0.4501300,0.4499200,0.4501300,28029.6595200
2025-06-21 14:52:00,0.4501300,0.4501400,0.4498200,0.4499800,20970.7013100
2025-06-21 14:53:00,0.4499500,0.4501800,0.4499500,0.4501800,9993.1305800
2025-06-21 14:54:00,0.4500900,0.4501900,0.4497800,0.4497800,9056.0886300
2025-06-21 14:55:00,0.4497800,0.4498700,0.4497300,0.4497400,5738.5001600
2025-06-21 14:56:00,0.4497400,0.4499900,0.4497300,0.4498600,9167.1402300
2025-06-21 14:57:00,0.4498600,0.4499300,0.4497400,0.4498000,10015.2353500
2025-06-21 14:58:00,0.4498300,0.4498400,0.4491200,0.4491500,9147.1729700
2025-06-21 14:59:00,0.4491400,0.4495400,0.4491400,0.4495200,21961.7106900
2025-06-21 15:00:00,0.4495200,0.4499700,0.4494600,0.4497600,21472.4378500
2025-06-21 15:01:00,0.4497200,0.4499000,0.4496300,0.4496600,9236.1572100
2025-06-21 15:02:00,0.4497000,0.4500800,0.4495700,0.4500700,19124.5466300
2025-06-21 15:03:00,0.4500400,0.4500400,0.4495500,0.4495600,15018.6206100
2025-06-21 15:04:00,0.4495600,0.4495600,0.4490000,0.4491200,36755.0284800
2025-06-21 15:05:00,0.4491200,0.4491900,0.4488800,0.4488900,44872.5068300
2025-06-21 15:06:00,0.4488700,0.4490500,0.4484300,0.4490200,25390.8693300
2025-06-21 15:07:00,0.4489700,0.4497700,0.4489100,0.4495400,20254.8938400
2025-06-21 15:08:00,0.4495100,0.4497700,0.4494700,0.4497700,12655.1147300
2025-06-21 15:09:00,0.4497700,0.4500200,0.4496200,0.4498700,26622.5860800
2025-06-21 15:10:00,0.4498600,0.4501500,0.4496800,0.4498600,40876.5113100
2025-06-21 15:11:00,0.4498400,0.4500700,0.4497000,0.4499200,28077.2417300
2025-06-21 15:12:00,0.4499000,0.4503600,0.4498400,0.4502100,91347.8868700
2025-06-21 15:13:00,0.4501600,0.4501800,0.4497400,0.4498800,19638.9700900
2025-06-21 15:14:00,0.4498800,0.4499100,0.4496400,0.4496500,11645.1272700
2025-06-21 15:15:00,0.4496500,0.4497000,0.4494300,0.4495700,20470.2684100
2025-06-21 15:16:00,0.4495200,0.4498500,0.4492500,0.4498500,14443.0959400
2025-06-21 15:17:00,0.4498100,0.4498100,0.4493500,0.4493700,10507.3139000
2025-06-21 15:18:00,0.4493700,0.4494600,0.4492400,0.4493600,9522.0987900
2025-06-21 15:19:00,0.4493200,0.4495500,0.4493200,0.4495500,11923.8004800
2025-06-21 15:20:00,0.4495000,0.4497900,0.4494900,0.4496700,17440.0125800
2025-06-21 15:21:00,0.4497400,0.4497400,0.4493200,0.4496000,9433.0537100
2025-06-21 15:22:00,0.4495300,0.4499100,0.4495300,0.4495400,19268.5066800
2025-06-21 15:23:00,0.4495300,0.4498300,0.4492900,0.4497800,36860.9125700
2025-06-21 15:24:00,0.4497500,0.4499200,0.4495300,0.4496100,30316.7635300
2025-06-21 15:25:00,0.4496200,0.4496200,0.4492300,0.4492500,15576.1437100
2025-06-21 15:26:00,0.4492400,0.4493300,0.4490800,0.4493000,19813.8939600
2025-06-21 15:27:00,0.4492600,0.4496600,0.4491100,0.4493700,23868.3023900
2025-06-21 15:28:00,0.4492700,0.4497800,0.4492400,0.4497500,20531.5810000
2025-06-21 15:29:00,0.4496700,0.4497800,0.4494700,0.4495400,9786.3701900
2025-06-21 15:30:00,0.4494900,0.4495500,0.4493600,0.4495300,12364.4774700
2025-06-21 15:31:00,0.4494100,0.4496000,0.4494100,0.4496000,9661.9918100
2025-06-21 15:32:00,0.4495900,0.4496200,0.4494000,0.4495800,16343.8132500
2025-06-21 15:33:00,0.4495400,0.4497500,0.4494000,0.4494500,22721.4706700
2025-06-21 15:34:00,0.4494800,0.4495800,0.4492700,0.4494400,17496.3955900
2025-06-21 15:35:00,0.4494100,0.4496500,0.4494000,0.4495200,19476.8672600
2025-06-21 15:36:00,0.4495200,0.4496900,0.4494100,0.4495800,16104.0623700
2025-06-21 15:37:00,0.4495900,0.4496800,0.4493900,0.4495000,18179.2805500
2025-06-21 15:38:00,0.4494900,0.4496400,0.4493800,0.4494800,22933.5829000
2025-06-21 15:39:00,0.4494700,0.4499200,0.4494600,0.4498600,62927.2595400
2025-06-21 15:40:00,0.4498400,0.4498400,0.4495300,0.4495800,16550.7841800
2025-06-21 15:41:00,0.4495800,0.4497500,0.4494500,0.4497100,16519.4561300
2025-06-21 15:42:00,0.4497000,0.4497500,0.4495700,0.4495700,12434.3877900
2025-06-21 15:43:00,0.4495700,0.4496800,0.4491300,0.4496400,53372.4095100
2025-06-21 15:44:00,0.4496700,0.4499100,0.4494200,0.4498400,12287.1487200
2025-06-21 15:45:00,0.4498200,0.4498300,0.4496000,0.4498200,10532.0900300
2025-06-21 15:46:00,0.4498200,0.4500100,0.4497700,0.4499200,24183.1257200
2025-06-21 15:47:00,0.4499200,0.4500100,0.4498900,0.4499900,9735.4655000
2025-06-21 15:48:00,0.4500000,0.4500000,0.4494000,0.4494000,19602.8009600
2025-06-21 15:49:00,0.4494000,0.4497400,0.4491700,0.4494100,24520.8012300
2025-06-21 15:50:00,0.4494100,0.4494700,0.4491300,0.4491300,15549.1563200
2025-06-21 15:51:00,0.4491200,0.4496100,0.4489900,0.4493400,44050.1543600
2025-06-21 15:52:00,0.4493400,0.4493400,0.4487400,0.4490000,30024.9199000
2025-06-21 15:53:00,0.4489700,0.4491200,0.4488300,0.4490100,25651.5853600
2025-06-21 15:54:00,0.4490100,0.4494200,0.4490100,0.4492400,52803.3630700
2025-06-21 15:55:00,0.4492400,0.4494400,0.4492200,0.4492200,32175.4759100
2025-06-21 15:56:00,0.4492000,0.4494500,0.4491700,0.4491700,28294.5622900
2025-06-21 15:57:00,0.4491600,0.4493000,0.4490200,0.4492900,20574.4092900
2025-06-21 15:58:00,0.4492800,0.4495100,0.4492100,0.4494100,37353.9850800
2025-06-21 15:59:00,0.4494100,0.4496600,0.4492600,0.4493800,20542.6458600
2025-06-21 16:00:00,0.4494100,0.4494500,0.4490600,0.4493800,25028.2228100
2025-06-21 16:01:00,0.4493600,0.4495300,0.4490200,0.4491600,45363.6517300
2025-06-21 16:02:00,0.4491800,0.4496400,0.4490900,0.4496400,22181.0984400
2025-06-21 16:03:00,0.4496700,0.4499100,0.4493100,0.4494400,31408.6124300
2025-06-21 16:04:00,0.4494200,0.4497600,0.4494000,0.4495800,15507.3889700
2025-06-21 16:05:00,0.4495900,0.4498300,0.4494400,0.4495100,21469.4682600
2025-06-21 16:06:00,0.4494900,0.4495700,0.4494300,0.4495600,17288.3945100
2025-06-21 16:07:00,0.4495700,0.4497600,0.4494800,0.4494800,31511.6620200
2025-06-21 16:08:00,0.4495600,0.4497300,0.4493800,0.4494100,10848.6965500
2025-06-21 16:09:00,0.4494500,0.4494500,0.4487400,0.4492100,39578.8801400
2025-06-21 16:10:00,0.4492000,0.4496800,0.4491800,0.4492500,16379.6442900
2025-06-21 16:11:00,0.4492100,0.4496800,0.4489900,0.4496400,29621.8660200
2025-06-21 16:12:00,0.4496200,0.4496800,0.4494200,0.4494200,12069.6769400
2025-06-21 16:13:00,0.4494200,0.4495100,0.4493200,0.4494300,18768.8812300
2025-06-21 16:14:00,0.4494400,0.4499800,0.4494400,0.4499800,28576.2372300
2025-06-21 16:15:00,0.4499700,0.4499700,0.4495200,0.4495400,17482.8280400
2025-06-21 16:16:00,0.4495400,0.4500300,0.4495400,0.4498200,48406.6755300
2025-06-21 16:17:00,0.4498300,0.4499200,0.4495800,0.4498000,18161.6335000
2025-06-21 16:18:00,0.4499100,0.4501200,0.4496100,0.4498200,18523.2945600
2025-06-21 16:19:00,0.4498200,0.4498400,0.4494600,0.4494700,12841.9756200
2025-06-21 16:20:00,0.4495000,0.4495000,0.4492300,0.4493000,10948.4485400
2025-06-21 16:21:00,0.4493000,0.4493000,0.4488500,0.4489200,20335.9713600
2025-06-21 16:22:00,0.4489000,0.4490600,0.4489000,0.4489500,11267.4158800
2025-06-21 16:23:00,0.4489500,0.4490600,0.4485800,0.4486500,33415.6679900
2025-06-21 16:24:00,0.4486500,0.4488900,0.4485400,0.4488600,24794.6851600
2025-06-21 16:25:00,0.4488000,0.4488000,0.4471500,0.4471500,77909.6610000
2025-06-21 16:26:00,0.4471400,0.4474200,0.4470700,0.4472700,66927.5198500
2025-06-21 16:27:00,0.4472700,0.4473500,0.4466700,0.4468700,60013.1022500
2025-06-21 16:28:00,0.4468600,0.4469400,0.4465000,0.4468000,58910.9352200
2025-06-21 16:29:00,0.4467900,0.4473500,0.4467300,0.4469600,40690.8437900
2025-06-21 16:30:00,0.4469600,0.4474300,0.4469600,0.4473600,57438.2358000
2025-06-21 16:31:00,0.4473700,0.4474300,0.4469000,0.4469700,47431.3257400
2025-06-21 16:32:00,0.4470300,0.4470300,0.4453400,0.4455100,126625.0755600
2025-06-21 16:33:00,0.4455500,0.4456100,0.4426200,0.4441500,397604.9655300
2025-06-21 16:34:00,0.4441400,0.4441400,0.4425700,0.4428000,204784.5995600
2025-06-21 16:35:00,0.4428500,0.4436300,0.4428500,0.4433300,138108.5961500
2025-06-21 16:36:00,0.4433200,0.4441300,0.4432600,0.4439400,86917.1926800
2025-06-21 16:37:00,0.4439500,0.4441100,0.4437000,0.4440800,37559.5009500
2025-06-21 16:38:00,0.4440100,0.4440100,0.4435500,0.4438400,51863.4098300
2025-06-21 16:39:00,0.4438600,0.4441800,0.4435900,0.4440500,36673.0034900
2025-06-21 16:40:00,0.4441000,0.4441000,0.4431600,0.4433000,24521.0321300
2025-06-21 16:41:00,0.4433100,0.4434500,0.4426200,0.4431300,53021.8838200
2025-06-21 16:42:00,0.4431600,0.4438100,0.4430500,0.4437500,25777.4950900
2025-06-21 16:43:00,0.4437500,0.4438400,0.4431400,0.4433600,35066.7794000
2025-06-21 16:44:00,0.4433600,0.4434900,0.4416800,0.4419500,147833.2617700
2025-06-21 16:45:00,0.4420400,0.4420600,0.4404100,0.4407400,96915.8181200
2025-06-21 16:46:00,0.4407800,0.4415200,0.4402400,0.4407900,134049.6170400
2025-06-21 16:47:00,0.4408500,0.4408500,0.4390000,0.4393100,204799.3587600
2025-06-21 16:48:00,0.4393600,0.4399500,0.4390500,0.4395500,85706.8630000
2025-06-21 16:49:00,0.4395300,0.4397200,0.4390900,0.4391500,50969.4865400
2025-06-21 16:50:00,0.4392000,0.4399600,0.4371100,0.4376500,350220.0097200
2025-06-21 16:51:00,0.4376500,0.4381800,0.4372200,0.4377100,124230.9999000
2025-06-21 16:52:00,0.4376600,0.4379200,0.4370800,0.4374200,76587.9800200
2025-06-21 16:53:00,0.4374400,0.4374800,0.4365100,0.4373200,117221.6979700
2025-06-21 16:54:00,0.4372700,0.4372900,0.4362900,0.4366800,54952.5154100
2025-06-21 16:55:00,0.4368200,0.4372700,0.4366400,0.4366700,85585.8215700
2025-06-21 16:56:00,0.4366600,0.4366600,0.4352600,0.4360200,82177.4442900
2025-06-21 16:57:00,0.4360300,0.4369900,0.4360200,0.4367400,54391.9911600
2025-06-21 16:58:00,0.4367500,0.4369700,0.4362300,0.4362300,25402.4001500
2025-06-21 16:59:00,0.4362400,0.4368800,0.4361200,0.4361300,48944.5682100
2025-06-21 17:00:00,0.4361200,0.4364800,0.4357900,0.4363100,78550.6531700
2025-06-21 17:01:00,0.4363800,0.4364600,0.4355700,0.4359500,35828.6268700
2025-06-21 17:02:00,0.4359000,0.4361800,0.4355000,0.4357500,53833.6248700
2025-06-21 17:03:00,0.4358400,0.4361800,0.4336200,0.4350000,165003.6817600
2025-06-21 17:04:00,0.4350400,0.4369500,0.4350400,0.4369500,67352.4826500
2025-06-21 17:05:00,0.4369700,0.4371800,0.4366000,0.4370000,93286.7759400
2025-06-21 17:06:00,0.4370100,0.4372500,0.4362000,0.4363900,64707.4333000
2025-06-21 17:07:00,0.4363900,0.4364200,0.4354000,0.4358600,57023.6104800
2025-06-21 17:08:00,0.4358700,0.4358700,0.4350000,0.4356800,81765.4093600
2025-06-21 17:09:00,0.4356800,0.4361900,0.4356200,0.4360600,30003.9766100
2025-06-21 17:10:00,0.4359600,0.4363200,0.4351500,0.4356100,76635.0192800
2025-06-21 17:11:00,0.4356100,0.4359400,0.4354000,0.4359400,13705.3991600
2025-06-21 17:12:00,0.4359000,0.4361100,0.4354100,0.4356000,59659.3631900
2025-06-21 17:13:00,0.4355000,0.4355700,0.4346700,0.4346700,29906.2813100
2025-06-21 17:14:00,0.4347100,0.4350400,0.4347100,0.4349700,47115.4554800
2025-06-21 17:15:00,0.4349700,0.4354400,0.4348900,0.4351900,42984.6039800
2025-06-21 17:16:00,0.4351900,0.4356700,0.4350000,0.4352600,60854.9655600
2025-06-21 17:17:00,0.4351800,0.4352100,0.4341400,0.4344200,50607.0631300
2025-06-21 17:18:00,0.4344700,0.4356900,0.4344000,0.4351300,32417.8708300
2025-06-21 17:19:00,0.4351700,0.4351700,0.4344600,0.4349200,38310.1865100
2025-06-21 17:20:00,0.4348800,0.4360700,0.4346400,0.4359400,45112.6671400
2025-06-21 17:21:00,0.4358900,0.4361400,0.4353800,0.4355700,46307.9847300
2025-06-21 17:22:00,0.4354900,0.4354900,0.4344800,0.4349800,18648.7833900
2025-06-21 17:23:00,0.4350000,0.4353200,0.4341600,0.4341600,38898.6294700
2025-06-21 17:24:00,0.4341600,0.4351400,0.4341100,0.4349100,46152.4344700
2025-06-21 17:25:00,0.4349000,0.4354100,0.4349000,0.4350600,41766.1587900
2025-06-21 17:26:00,0.4350300,0.4351200,0.4345000,0.4347600,27401.3962100
2025-06-21 17:27:00,0.4347300,0.4349900,0.4342600,0.4349500,60381.4087400
2025-06-21 17:28:00,0.4349700,0.4349800,0.4343800,0.4349800,27473.8158700
2025-06-21 17:29:00,0.4348700,0.4351600,0.4345200,0.4346300,19702.5378400
2025-06-21 17:30:00,0.4346500,0.4352100,0.4346200,0.4350200,61601.9973600
2025-06-21 17:31:00,0.4350100,0.4355000,0.4348600,0.4354300,70469.1535100
2025-06-21 17:32:00,0.4354100,0.4359900,0.4351900,0.4359900,41563.3166500
2025-06-21 17:33:00,0.4359200,0.4363100,0.4357100,0.4359600,62367.9758800
2025-06-21 17:34:00,0.4359400,0.4379700,0.4357700,0.4377700,123050.3489300
2025-06-21 17:35:00,0.4377800,0.4379100,0.4371400,0.4375200,58179.0676600
2025-06-21 17:36:00,0.4375600,0.4397100,0.4375500,0.4388300,140542.9510800
2025-06-21 17:37:00,0.4387900,0.4393400,0.4387500,0.4389900,59008.1753400
2025-06-21 17:38:00,0.4389300,0.4389400,0.4377800,0.4381200,61819.0491500
2025-06-21 17:39:00,0.4380700,0.4380900,0.4377700,0.4380900,13764.8489700
2025-06-21 17:40:00,0.4380300,0.4380300,0.4371800,0.4371800,48031.3505800
2025-06-21 17:41:00,0.4371800,0.4375700,0.4369900,0.4374900,21840.5497400
2025-06-21 17:42:00,0.4374900,0.4374900,0.4368800,0.4372000,12352.8172500
2025-06-21 17:43:00,0.4371400,0.4371400,0.4367700,0.4368200,7353.3445400
2025-06-21 17:44:00,0.4367700,0.4368900,0.4362000,0.4364000,20226.7821300
2025-06-21 17:45:00,0.4363900,0.4364700,0.4352800,0.4352800,38774.2650300
2025-06-21 17:46:00,0.4352900,0.4353500,0.4348600,0.4348700,26126.4857700
2025-06-21 17:47:00,0.4348500,0.4348500,0.4340100,0.4346600,30943.1597900
2025-06-21 17:48:00,0.4346600,0.4349700,0.4343500,0.4343500,39346.3005200
2025-06-21 17:49:00,0.4343900,0.4345200,0.4338300,0.4342700,39051.4851900
2025-06-21 17:50:00,0.4342300,0.4344300,0.4340800,0.4342200,34631.9674600
2025-06-21 17:51:00,0.4343100,0.4347200,0.4343100,0.4346500,21827.3647000
2025-06-21 17:52:00,0.4347100,0.4359900,0.4345100,0.4359200,93235.4124400
2025-06-21 17:53:00,0.4359000,0.4363200,0.4355800,0.4361800,47305.3376600
2025-06-21 17:54:00,0.4361800,0.4361800,0.4354900,0.4356800,23606.2604700
2025-06-21 17:55:00,0.4356700,0.4360400,0.4355400,0.4357700,23376.7560900
2025-06-21 17:56:00,0.4358000,0.4361400,0.4357000,0.4358900,16739.7257700
2025-06-21 17:57:00,0.4359100,0.4364200,0.4359100,0.4361000,30370.9738700
2025-06-21 17:58:00,0.4361000,0.4364300,0.4358800,0.4364300,10831.7680100
2025-06-21 17:59:00,0.4363600,0.4371500,0.4363600,0.4368300,31154.6171800
2025-06-21 18:00:00,0.4367900,0.4377400,0.4367900,0.4377400,46428.2236300
2025-06-21 18:01:00,0.4377200,0.4378600,0.4368500,0.4368500,38111.8561200
2025-06-21 18:02:00,0.4369000,0.4374500,0.4368400,0.4370600,19238.9097600
2025-06-21 18:03:00,0.4370400,0.4381500,0.4367500,0.4381500,81951.8114900
2025-06-21 18:04:00,0.4381700,0.4387800,0.4378800,0.4382300,73017.1817900
2025-06-21 18:05:00,0.4382300,0.4395700,0.4382300,0.4392300,77349.9025600
2025-06-21 18:06:00,0.4393900,0.4399000,0.4392700,0.4398200,36907.1552500
2025-06-21 18:07:00,0.4398200,0.4405600,0.4396800,0.4397500,125944.2763700
2025-06-21 18:08:00,0.4397100,0.4401300,0.4391400,0.4393200,81268.1948200
2025-06-21 18:09:00,0.4392900,0.4422800,0.4392800,0.4415500,308839.8392700
2025-06-21 18:10:00,0.4414600,0.4417000,0.4412900,0.4413100,32377.0795600
2025-06-21 18:11:00,0.4412700,0.4415200,0.4405300,0.4406100,30669.0657200
2025-06-21 18:12:00,0.4405900,0.4405900,0.4395300,0.4395300,35870.0749300
2025-06-21 18:13:00,0.4394800,0.4400800,0.4393800,0.4397900,34954.3673700
2025-06-21 18:14:00,0.4398100,0.4406400,0.4397900,0.4406400,12584.7008800
2025-06-21 18:15:00,0.4406100,0.4406100,0.4392300,0.4392900,50922.5264800
2025-06-21 18:16:00,0.4392800,0.4401400,0.4392800,0.4399800,37927.3176000
2025-06-21 18:17:00,0.4401000,0.4403400,0.4396600,0.4397800,38306.8288600
2025-06-21 18:18:00,0.4397800,0.4401700,0.4395200,0.4396200,61977.4655400
2025-06-21 18:19:00,0.4398100,0.4398100,0.4387300,0.4392300,95910.1208000
2025-06-21 18:20:00,0.4392400,0.4396500,0.4391500,0.4395600,17498.3913800
2025-06-21 18:21:00,0.4395900,0.4396500,0.4390700,0.4390700,8234.5826600
2025-06-21 18:22:00,0.4390600,0.4398600,0.4390600,0.4392100,33992.1331600
2025-06-21 18:23:00,0.4392100,0.4394900,0.4391600,0.4392900,22057.4960900
2025-06-21 18:24:00,0.4393000,0.4394400,0.4385700,0.4386200,16759.3947000
2025-06-21 18:25:00,0.4386600,0.4391000,0.4379300,0.4380500,36151.5328100
2025-06-21 18:26:00,0.4380300,0.4385100,0.4380300,0.4381900,24019.2218200
2025-06-21 18:27:00,0.4381900,0.4386900,0.4380200,0.4383100,19933.3596100
2025-06-21 18:28:00,0.4382200,0.4382200,0.4369000,0.4369400,128991.9543400
2025-06-21 18:29:00,0.4370700,0.4376800,0.4370500,0.4372500,9211.9081500
2025-06-21 18:30:00,0.4372500,0.4380000,0.4372500,0.4380000,15697.1398700
2025-06-21 18:31:00,0.4380200,0.4381600,0.4372100,0.4374600,13846.7500300
2025-06-21 18:32:00,0.4375200,0.4381100,0.4373100,0.4381100,30471.3283700
2025-06-21 18:33:00,0.4381000,0.4381800,0.4374500,0.4378400,24881.9691700
2025-06-21 18:34:00,0.4379200,0.4381100,0.4377000,0.4381100,14585.2054300
2025-06-21 18:35:00,0.4381000,0.4381100,0.4369800,0.4369800,24569.7905800
2025-06-21 18:36:00,0.4369500,0.4369500,0.4362400,0.4362900,36283.3951800
2025-06-21 18:37:00,0.4363000,0.4366500,0.4360700,0.4362900,14770.4693400
2025-06-21 18:38:00,0.4362900,0.4365200,0.4360900,0.4364200,20985.7716800
2025-06-21 18:39:00,0.4364300,0.4371900,0.4364200,0.4371900,16864.7172700
2025-06-21 18:40:00,0.4371900,0.4373700,0.4368100,0.4371600,23587.4211500
2025-06-21 18:41:00,0.4371600,0.4374800,0.4369900,0.4371300,15753.6127400
2025-06-21 18:42:00,0.4371000,0.4375400,0.4365600,0.4367800,32801.2818300
2025-06-21 18:43:00,0.4368100,0.4369700,0.4365800,0.4368400,12163.2915800
2025-06-21 18:44:00,0.4368000,0.4369100,0.4365500,0.4368700,18727.7541700
2025-06-21 18:45:00,0.4367800,0.4367800,0.4360900,0.4360900,22788.1967900
2025-06-21 18:46:00,0.4362000,0.4362900,0.4354700,0.4356700,34467.7866600
2025-06-21 18:47:00,0.4356300,0.4356300,0.4340200,0.4340200,41312.2481800
2025-06-21 18:48:00,0.4341500,0.4345500,0.4340000,0.4343800,26698.2811800
2025-06-21 18:49:00,0.4343900,0.4347200,0.4336900,0.4337000,29122.4711100
2025-06-21 18:50:00,0.4336900,0.4339700,0.4324600,0.4324600,86652.8566900
2025-06-21 18:51:00,0.4324200,0.4337900,0.4322800,0.4334900,96225.1963300
2025-06-21 18:52:00,0.4335500,0.4350300,0.4335500,0.4350100,63273.9062400
2025-06-21 18:53:00,0.4350100,0.4353800,0.4348100,0.4353800,22229.2575000
2025-06-21 18:54:00,0.4354000,0.4357400,0.4348900,0.4357400,28508.2940800
2025-06-21 18:55:00,0.4357400,0.4368100,0.4353200,0.4362600,86495.4999200
2025-06-21 18:56:00,0.4362300,0.4371100,0.4361400,0.4370000,52520.1078200
2025-06-21 18:57:00,0.4369900,0.4373300,0.4368400,0.4373300,34096.9076700
2025-06-21 18:58:00,0.4373200,0.4375800,0.4372000,0.4375400,27287.9951300
2025-06-21 18:59:00,0.4375500,0.4375500,0.4369200,0.4371400,23290.2618500
2025-06-21 19:00:00,0.4371100,0.4378600,0.4371100,0.4372800,45117.1807500
2025-06-21 19:01:00,0.4372600,0.4379600,0.4372300,0.4379000,19441.8305700
2025-06-21 19:02:00,0.4379000,0.4381500,0.4375600,0.4375900,43374.2752800
2025-06-21 19:03:00,0.4376400,0.4382200,0.4373400,0.4374000,29374.1911200
2025-06-21 19:04:00,0.4374500,0.4379700,0.4368800,0.4369600,27580.6643000
2025-06-21 19:05:00,0.4369700,0.4374000,0.4368000,0.4368300,26381.0553100
2025-06-21 19:06:00,0.4368900,0.4371400,0.4368100,0.4369100,41292.4473400
2025-06-21 19:07:00,0.4369500,0.4375000,0.4369500,0.4375000,13715.1295500
2025-06-21 19:08:00,0.4375200,0.4375500,0.4369600,0.4374300,20415.5449500
2025-06-21 19:09:00,0.4373800,0.4375600,0.4372500,0.4374400,8694.4999100
2025-06-21 19:10:00,0.4374500,0.4384800,0.4374500,0.4380000,28108.4585300
2025-06-21 19:11:00,0.4380000,0.4386500,0.4378700,0.4386500,36484.8887400
2025-06-21 19:12:00,0.4386200,0.4388900,0.4383700,0.4383800,41987.3935400
2025-06-21 19:13:00,0.4383800,0.4389100,0.4383800,0.4386700,34230.4263400
2025-06-21 19:14:00,0.4386700,0.4388700,0.4385600,0.4387800,18395.7246200
2025-06-21 19:15:00,0.4387900,0.4395100,0.4386100,0.4395100,40879.7107100
2025-06-21 19:16:00,0.4395200,0.4402400,0.4395200,0.4400400,69947.7139200
2025-06-21 19:17:00,0.4400400,0.4401500,0.4395200,0.4398400,38045.0090800
2025-06-21 19:18:00,0.4398400,0.4401500,0.4398400,0.4398500,27638.8434000
2025-06-21 19:19:00,0.4398400,0.4401000,0.4397500,0.4400500,29516.5230100
2025-06-21 19:20:00,0.4401100,0.4405400,0.4399900,0.4404200,28250.8295600
2025-06-21 19:21:00,0.4404700,0.4411000,0.4404700,0.4408200,18522.8150700
2025-06-21 19:22:00,0.4408300,0.4408800,0.4403700,0.4404300,13967.4706300
2025-06-21 19:23:00,0.4405200,0.4408300,0.4402500,0.4408300,8293.8619200
2025-06-21 19:24:00,0.4408400,0.4408400,0.4400100,0.4401600,19340.7326000
2025-06-21 19:25:00,0.4402300,0.4405100,0.4400500,0.4401800,19705.4183000
2025-06-21 19:26:00,0.4401500,0.4401800,0.4398500,0.4399700,11484.4366400
2025-06-21 19:27:00,0.4400000,0.4401100,0.4397100,0.4399700,33176.0887300
2025-06-21 19:28:00,0.4398600,0.4401900,0.4398400,0.4400600,16693.1812600
2025-06-21 19:29:00,0.4400700,0.4401800,0.4398800,0.4399700,12382.3049500
2025-06-21 19:30:00,0.4399700,0.4405100,0.4396600,0.4398900,50699.1197500
2025-06-21 19:31:00,0.4399200,0.4400400,0.4380500,0.4383100,68003.1767600
2025-06-21 19:32:00,0.4383700,0.4384700,0.4356900,0.4356900,137243.9243900
2025-06-21 19:33:00,0.4357300,0.4362000,0.4351400,0.4361600,51882.2050600
2025-06-21 19:34:00,0.4362100,0.4363100,0.4353400,0.4355300,27194.1466300
2025-06-21 19:35:00,0.4354500,0.4360200,0.4354500,0.4358700,23781.5472400
2025-06-21 19:36:00,0.4358500,0.4360000,0.4350400,0.4351500,29595.0256100
2025-06-21 19:37:00,0.4352300,0.4369100,0.4352300,0.4368100,104674.9920000
2025-06-21 19:38:00,0.4368000,0.4369600,0.4366200,0.4368900,9583.0091300
2025-06-21 19:39:00,0.4369100,0.4393100,0.4369100,0.4391500,78741.3331000
2025-06-21 19:40:00,0.4391300,0.4392600,0.4382400,0.4384500,27510.7538900
2025-06-21 19:41:00,0.4384900,0.4389000,0.4377600,0.4383000,66454.2398400
2025-06-21 19:42:00,0.4383300,0.4386400,0.4380600,0.4382100,23199.1417900
2025-06-21 19:43:00,0.4382700,0.4384700,0.4365000,0.4366400,77037.6706000
2025-06-21 19:44:00,0.4366300,0.4371300,0.4364400,0.4366700,43936.3586300
2025-06-21 19:45:00,0.4366900,0.4368500,0.4359100,0.4366000,69013.1913100
2025-06-21 19:46:00,0.4366000,0.4368200,0.4359600,0.4365300,20077.3380700
2025-06-21 19:47:00,0.4366800,0.4372800,0.4366800,0.4369700,20078.6028800
2025-06-21 19:48:00,0.4369700,0.4371600,0.4366600,0.4369400,7717.4369300
2025-06-21 19:49:00,0.4369500,0.4369600,0.4362200,0.4362200,10082.6093000
2025-06-21 19:50:00,0.4363000,0.4363400,0.4359500,0.4359700,13095.3845500
2025-06-21 19:51:00,0.4359700,0.4367300,0.4357800,0.4367000,19628.4865000
2025-06-21 19:52:00,0.4367200,0.4370600,0.4364200,0.4367400,22787.1683700
2025-06-21 19:53:00,0.4367500,0.4374600,0.4366800,0.4370600,8076.0262100
2025-06-21 19:54:00,0.4371900,0.4372500,0.4366800,0.4369200,12427.8099300
2025-06-21 19:55:00,0.4369300,0.4370800,0.4363700,0.4367000,15167.3547200
2025-06-21 19:56:00,0.4367400,0.4371100,0.4365300,0.4369400,19779.7256400
2025-06-21 19:57:00,0.4370200,0.4370200,0.4362900,0.4364800,5563.1464700
2025-06-21 19:58:00,0.4364500,0.4368400,0.4364300,0.4367700,11240.0271400
2025-06-21 19:59:00,0.4367600,0.4367700,0.4362300,0.4363800,5753.3457300
2025-06-21 20:00:00,0.4363700,0.4370500,0.4362900,0.4369300,45397.4272100
2025-06-21 20:01:00,0.4368900,0.4369400,0.4361800,0.4368600,18241.4109500
2025-06-21 20:02:00,0.4368600,0.4372700,0.4359300,0.4362800,130238.2891000
2025-06-21 20:03:00,0.4363200,0.4371500,0.4363200,0.4364900,14778.4601100
2025-06-21 20:04:00,0.4364800,0.4369000,0.4361800,0.4368500,16918.1199400
2025-06-21 20:05:00,0.4368900,0.4373300,0.4367300,0.4371600,22378.4792400
2025-06-21 20:06:00,0.4371800,0.4374200,0.4365900,0.4373800,20246.6647000
2025-06-21 20:07:00,0.4373600,0.4375000,0.4367600,0.4367600,8230.8510100
2025-06-21 20:08:00,0.4367500,0.4377700,0.4367500,0.4368000,28376.2213700
2025-06-21 20:09:00,0.4368000,0.4389000,0.4367600,0.4388600,68506.1998100
2025-06-21 20:10:00,0.4388600,0.4389000,0.4382700,0.4383000,22399.0382400
2025-06-21 20:11:00,0.4384100,0.4384200,0.4376100,0.4377400,22800.6451500
2025-06-21 20:12:00,0.4377100,0.4377300,0.4372400,0.4374500,14135.0902000
2025-06-21 20:13:00,0.4375000,0.4375700,0.4372500,0.4372700,9621.1228100
2025-06-21 20:14:00,0.4372600,0.4374700,0.4371500,0.4374700,14989.8186700
2025-06-21 20:15:00,0.4372300,0.4381100,0.4371700,0.4380400,51433.7971000
2025-06-21 20:16:00,0.4380500,0.4383400,0.4376800,0.4379500,7405.2715600
2025-06-21 20:17:00,0.4379600,0.4387200,0.4377700,0.4387200,19051.4305200
2025-06-21 20:18:00,0.4386800,0.4395500,0.4385100,0.4394800,24691.8687700
2025-06-21 20:19:00,0.4394700,0.4406500,0.4394700,0.4405600,60515.7945200
2025-06-21 20:20:00,0.4405900,0.4406400,0.4395700,0.4401600,36753.5124100
2025-06-21 20:21:00,0.4401400,0.4409100,0.4399200,0.4400000,17756.2727600
2025-06-21 20:22:00,0.4399700,0.4402300,0.4385300,0.4389400,54792.3111700
2025-06-21 20:23:00,0.4389900,0.4391800,0.4386900,0.4386900,22099.1608500
2025-06-21 20:24:00,0.4386700,0.4390200,0.4382200,0.4382200,61980.9277800
2025-06-21 20:25:00,0.4382100,0.4388300,0.4382100,0.4383900,11964.6902300
2025-06-21 20:26:00,0.4383800,0.4384100,0.4380100,0.4381800,19253.1046100
2025-06-21 20:27:00,0.4381400,0.4383700,0.4377700,0.4380200,22963.0895500
2025-06-21 20:28:00,0.4380300,0.4382900,0.4378100,0.4379800,12235.9011400
2025-06-21 20:29:00,0.4379500,0.4382300,0.4375500,0.4376800,20932.0674800
2025-06-21 20:30:00,0.4376800,0.4377300,0.4371900,0.4372500,15769.0063700
2025-06-21 20:31:00,0.4373100,0.4373300,0.4365000,0.4366100,39333.1902500
2025-06-21 20:32:00,0.4366100,0.4366300,0.4339500,0.4358000,272222.6570500
2025-06-21 20:33:00,0.4359200,0.4360700,0.4353600,0.4356100,42945.7148600
2025-06-21 20:34:00,0.4356400,0.4361500,0.4352400,0.4355900,32947.3421400
2025-06-21 20:35:00,0.4356800,0.4357300,0.4350600,0.4352000,24461.1028000
2025-06-21 20:36:00,0.4353100,0.4355600,0.4348600,0.4355600,51631.6836400
2025-06-21 20:37:00,0.4355800,0.4364800,0.4355800,0.4361400,12646.0473700
2025-06-21 20:38:00,0.4361900,0.4365500,0.4356700,0.4361000,31733.5114100
2025-06-21 20:39:00,0.4360200,0.4361900,0.4343500,0.4345100,51465.5008800
2025-06-21 20:40:00,0.4344700,0.4348600,0.4334100,0.4343600,80072.1617200
2025-06-21 20:41:00,0.4344000,0.4352000,0.4341200,0.4352000,50971.3353700
2025-06-21 20:42:00,0.4351900,0.4357200,0.4348600,0.4356600,58605.3493500
2025-06-21 20:43:00,0.4356700,0.4374500,0.4356700,0.4367800,65334.8256600
2025-06-21 20:44:00,0.4368700,0.4368700,0.4362000,0.4362300,15671.2175500
2025-06-21 20:45:00,0.4362100,0.4364800,0.4351000,0.4352700,52122.0587400
2025-06-21 20:46:00,0.4353700,0.4363200,0.4352400,0.4363200,20590.5210200
2025-06-21 20:47:00,0.4363400,0.4365700,0.4359100,0.4360100,18557.2597900
2025-06-21 20:48:00,0.4360100,0.4360200,0.4352100,0.4355000,13435.1529600
2025-06-21 20:49:00,0.4354100,0.4357900,0.4351500,0.4353400,30645.4801000
2025-06-21 20:50:00,0.4354800,0.4359400,0.4353800,0.4357900,19832.4812400
2025-06-21 20:51:00,0.4357600,0.4358000,0.4353600,0.4356000,18263.3832100
2025-06-21 20:52:00,0.4356800,0.4356900,0.4351300,0.4356100,20475.3950700
2025-06-21 20:53:00,0.4356000,0.4357800,0.4350200,0.4351600,28539.3448200
2025-06-21 20:54:00,0.4351700,0.4365700,0.4351700,0.4357000,70320.1085800
2025-06-21 20:55:00,0.4357200,0.4360100,0.4354700,0.4355400,13502.5816600
2025-06-21 20:56:00,0.4356100,0.4358000,0.4354700,0.4356000,13050.0061700
2025-06-21 20:57:00,0.4355700,0.4355900,0.4346800,0.4348800,16868.7186300
2025-06-21 20:58:00,0.4349400,0.4358100,0.4349400,0.4352900,64237.1862500
2025-06-21 20:59:00,0.4351700,0.4357000,0.4351700,0.4353400,8379.1719500
2025-06-21 21:00:00,0.4353400,0.4356800,0.4351000,0.4354000,10406.8944700
2025-06-21 21:01:00,0.4354200,0.4362100,0.4350100,0.4352300,34122.8442900
2025-06-21 21:02:00,0.4351800,0.4354400,0.4346100,0.4353800,32732.3772100
2025-06-21 21:03:00,0.4353600,0.4366000,0.4353300,0.4366000,22715.1975900
2025-06-21 21:04:00,0.4366700,0.4367300,0.4360600,0.4365400,19801.9883000
2025-06-21 21:05:00,0.4365200,0.4376000,0.4362600,0.4375300,37915.8925400
2025-06-21 21:06:00,0.4375600,0.4384800,0.4374700,0.4374700,27926.2092300
2025-06-21 21:07:00,0.4374800,0.4380200,0.4374800,0.4378200,12789.5095300
2025-06-21 21:08:00,0.4378900,0.4386200,0.4378900,0.4383000,16858.1657400
2025-06-21 21:09:00,0.4382700,0.4383900,0.4371900,0.4372000,7921.2023900
2025-06-21 21:10:00,0.4372000,0.4372000,0.4367000,0.4368600,16872.1111800
2025-06-21 21:11:00,0.4369200,0.4375800,0.4369200,0.4374100,19130.0341700
2025-06-21 21:12:00,0.4374200,0.4379900,0.4374200,0.4378900,18146.8778500
2025-06-21 21:13:00,0.4379600,0.4381400,0.4374100,0.4374600,34965.9627700
2025-06-21 21:14:00,0.4374700,0.4382600,0.4374700,0.4381100,13234.5981600
2025-06-21 21:15:00,0.4381200,0.4381200,0.4369400,0.4372300,54731.4281800
2025-06-21 21:16:00,0.4372900,0.4373600,0.4364400,0.4364800,14805.2218100
2025-06-21 21:17:00,0.4364400,0.4368300,0.4362800,0.4368300,11926.0703300
2025-06-21 21:18:00,0.4368300,0.4368300,0.4356000,0.4360200,12722.6654300
2025-06-21 21:19:00,0.4360100,0.4362400,0.4353100,0.4354100,14924.4761300
2025-06-21 21:20:00,0.4353600,0.4362100,0.4351200,0.4360400,18058.4131400
2025-06-21 21:21:00,0.4361100,0.4365500,0.4358500,0.4359800,21988.8107100
2025-06-21 21:22:00,0.4359700,0.4360000,0.4353600,0.4354100,9040.2151400
2025-06-21 21:23:00,0.4354300,0.4354900,0.4345700,0.4349000,22243.4827800
2025-06-21 21:24:00,0.4349100,0.4354700,0.4347800,0.4351300,25898.7831400
2025-06-21 21:25:00,0.4351200,0.4354500,0.4350400,0.4354000,7973.5638300
2025-06-21 21:26:00,0.4354000,0.4359200,0.4354000,0.4355700,11131.4483800
2025-06-21 21:27:00,0.4356500,0.4358400,0.4353000,0.4358400,15857.8574800
2025-06-21 21:28:00,0.4358700,0.4363400,0.4356800,0.4363400,11061.4081400
2025-06-21 21:29:00,0.4363900,0.4367400,0.4362100,0.4367400,23171.7180400
2025-06-21 21:30:00,0.4366400,0.4367100,0.4357300,0.4359100,15212.8393400
2025-06-21 21:31:00,0.4359100,0.4362700,0.4357200,0.4358200,8230.3844200
2025-06-21 21:32:00,0.4358700,0.4365300,0.4358700,0.4362800,29087.4530000
2025-06-21 21:33:00,0.4363600,0.4367300,0.4361700,0.4364300,15058.6871300
2025-06-21 21:34:00,0.4364800,0.4365500,0.4361200,0.4363000,11810.4021100
2025-06-21 21:35:00,0.4363100,0.4363700,0.4349900,0.4352900,81536.6748400
2025-06-21 21:36:00,0.4352700,0.4354700,0.4347000,0.4354700,12726.4274300
2025-06-21 21:37:00,0.4354500,0.4356500,0.4351400,0.4354200,10340.2761200
2025-06-21 21:38:00,0.4354300,0.4365200,0.4354300,0.4363100,28233.7476500
2025-06-21 21:39:00,0.4363100,0.4364900,0.4359700,0.4362200,13321.5215900
2025-06-21 21:40:00,0.4362200,0.4369700,0.4361000,0.4364200,21791.2107100
2025-06-21 21:41:00,0.4364000,0.4373600,0.4359700,0.4359700,41062.0973000
2025-06-21 21:42:00,0.4361100,0.4364700,0.4361100,0.4361400,15838.6360200
2025-06-21 21:43:00,0.4361700,0.4361700,0.4353600,0.4353600,9823.9329600
2025-06-21 21:44:00,0.4353900,0.4354900,0.4349300,0.4352600,11563.9783700
2025-06-21 21:45:00,0.4352900,0.4352900,0.4341800,0.4342500,26050.4217000
2025-06-21 21:46:00,0.4343100,0.4343100,0.4333400,0.4334800,60702.3549800
2025-06-21 21:47:00,0.4334800,0.4342300,0.4334800,0.4341000,14127.3340700
2025-06-21 21:48:00,0.4342000,0.4345100,0.4334400,0.4343700,21506.2835200
2025-06-21 21:49:00,0.4344700,0.4349100,0.4343100,0.4345600,16007.8878800
2025-06-21 21:50:00,0.4345300,0.4348300,0.4345300,0.4345300,6756.2847300
2025-06-21 21:51:00,0.4345700,0.4346300,0.4343600,0.4343600,9224.4051100
2025-06-21 21:52:00,0.4343400,0.4344900,0.4339800,0.4342300,15705.5471700
2025-06-21 21:53:00,0.4344500,0.4345100,0.4337100,0.4340200,12863.2921200
2025-06-21 21:54:00,0.4339400,0.4340600,0.4327100,0.4328400,135415.8825500
2025-06-21 21:55:00,0.4328100,0.4328900,0.4320200,0.4322100,63146.5117300
2025-06-21 21:56:00,0.4322800,0.4324000,0.4310500,0.4314300,113259.4594900
2025-06-21 21:57:00,0.4314300,0.4318400,0.4309100,0.4309500,88748.7526100
2025-06-21 21:58:00,0.4310100,0.4314400,0.4309500,0.4313200,18941.3475900
2025-06-21 21:59:00,0.4313600,0.4315100,0.4305200,0.4310300,120190.4683000
2025-06-21 22:00:00,0.4310700,0.4324700,0.4310400,0.4322000,60184.9943100
2025-06-21 22:01:00,0.4322300,0.4325600,0.4316300,0.4324700,49827.9018700
2025-06-21 22:02:00,0.4324800,0.4324800,0.4317900,0.4318900,44859.1170900
2025-06-21 22:03:00,0.4318600,0.4318600,0.4312500,0.4314600,27681.7027000
2025-06-21 22:04:00,0.4314800,0.4321800,0.4314600,0.4321000,24358.6538600
2025-06-21 22:05:00,0.4321200,0.4325500,0.4315400,0.4323700,75457.4787500
2025-06-21 22:06:00,0.4324100,0.4331700,0.4323900,0.4327900,28686.5052400
2025-06-21 22:07:00,0.4327900,0.4330600,0.4326700,0.4328700,19427.5735700
2025-06-21 22:08:00,0.4328200,0.4333100,0.4327300,0.4331700,28370.8156200
2025-06-21 22:09:00,0.4331700,0.4331700,0.4325600,0.4327500,9663.7554500
2025-06-21 22:10:00,0.4327700,0.4327700,0.4295200,0.4300700,210438.2401200
2025-06-21 22:11:00,0.4300300,0.4304800,0.4298900,0.4300600,112914.7483000
2025-06-21 22:12:00,0.4300300,0.4303200,0.4298200,0.4298500,54530.9127100
2025-06-21 22:13:00,0.4299800,0.4312400,0.4299400,0.4312400,63866.3175800
2025-06-21 22:14:00,0.4312400,0.4319500,0.4312400,0.4318700,38425.7770000
2025-06-21 22:15:00,0.4319000,0.4321600,0.4308400,0.4309800,37906.2902700
2025-06-21 22:16:00,0.4310000,0.4316200,0.4307200,0.4313600,10678.8860000
2025-06-21 22:17:00,0.4313900,0.4315800,0.4311300,0.4311400,17846.8649700
2025-06-21 22:18:00,0.4311600,0.4311600,0.4304600,0.4311600,15152.4560300
2025-06-21 22:19:00,0.4311000,0.4321100,0.4309100,0.4309100,67330.4165900
2025-06-21 22:20:00,0.4309100,0.4312100,0.4297000,0.4301800,64503.1919500
2025-06-21 22:21:00,0.4301000,0.4305600,0.4300300,0.4301800,19487.0123500
2025-06-21 22:22:00,0.4301600,0.4308600,0.4300500,0.4308200,22305.0802300
2025-06-21 22:23:00,0.4307600,0.4307900,0.4300600,0.4302500,19474.0298700
2025-06-21 22:24:00,0.4303400,0.4304300,0.4295300,0.4297600,32068.6900600
2025-06-21 22:25:00,0.4297600,0.4301400,0.4297600,0.4300800,18484.2889200
2025-06-21 22:26:00,0.4300200,0.4300200,0.4294000,0.4294500,19950.2277000
2025-06-21 22:27:00,0.4294600,0.4296300,0.4292600,0.4292600,10070.5852800
2025-06-21 22:28:00,0.4292500,0.4294500,0.4290800,0.4291400,18319.6747800
2025-06-21 22:29:00,0.4290900,0.4290900,0.4282600,0.4284400,56631.2993300
2025-06-21 22:30:00,0.4284500,0.4293800,0.4284500,0.4289500,16978.5420400
2025-06-21 22:31:00,0.4289300,0.4289800,0.4282600,0.4289800,22531.4089900
2025-06-21 22:32:00,0.4289500,0.4295400,0.4288300,0.4289400,33408.1807700
2025-06-21 22:33:00,0.4289900,0.4294800,0.4289200,0.4292300,13234.8250200
2025-06-21 22:34:00,0.4292900,0.4292900,0.4288300,0.4288400,24827.9401000
2025-06-21 22:35:00,0.4288200,0.4290100,0.4281800,0.4282600,43005.4883900
2025-06-21 22:36:00,0.4283200,0.4288500,0.4281600,0.4285100,40129.8650200
2025-06-21 22:37:00,0.4284000,0.4286100,0.4260200,0.4267700,267295.8352100
2025-06-21 22:38:00,0.4267100,0.4275700,0.4266700,0.4269500,97934.3463400
2025-06-21 22:39:00,0.4269900,0.4273400,0.4267800,0.4267900,36222.7398900
2025-06-21 22:40:00,0.4268800,0.4269400,0.4263300,0.4266500,31695.9649500
2025-06-21 22:41:00,0.4267400,0.4277200,0.4262600,0.4275700,70433.2639700
2025-06-21 22:42:00,0.4277600,0.4291100,0.4275800,0.4287900,83116.7036200
2025-06-21 22:43:00,0.4287100,0.4292800,0.4286300,0.4291800,19628.0847900
2025-06-21 22:44:00,0.4293000,0.4296400,0.4289600,0.4290000,44068.5431200
2025-06-21 22:45:00,0.4290400,0.4290400,0.4275800,0.4275800,21453.1389700
2025-06-21 22:46:00,0.4275800,0.4277800,0.4262100,0.4266500,100961.8572900
2025-06-21 22:47:00,0.4266500,0.4273200,0.4264500,0.4272300,106289.1366700
2025-06-21 22:48:00,0.4273000,0.4277900,0.4273000,0.4276300,33067.4520500
2025-06-21 22:49:00,0.4275700,0.4277700,0.4273300,0.4273400,36571.0402700
2025-06-21 22:50:00,0.4273400,0.4280700,0.4271500,0.4277600,30302.5579300
2025-06-21 22:51:00,0.4277700,0.4278500,0.4272500,0.4272500,21667.3698500
2025-06-21 22:52:00,0.4272900,0.4274500,0.4261800,0.4264200,56093.9353500
2025-06-21 22:53:00,0.4265000,0.4270600,0.4264800,0.4270600,45290.9580300
2025-06-21 22:54:00,0.4270700,0.4271000,0.4264000,0.4266300,23692.6419000
2025-06-21 22:55:00,0.4267600,0.4269400,0.4265300,0.4267000,33230.3914100
2025-06-21 22:56:00,0.4267700,0.4274800,0.4266000,0.4274800,34171.7865800
2025-06-21 22:57:00,0.4274800,0.4278600,0.4268000,0.4271800,59653.6219100
2025-06-21 22:58:00,0.4271000,0.4271000,0.4260900,0.4262200,31297.2135100
2025-06-21 22:59:00,0.4262200,0.4270700,0.4259100,0.4267700,77344.4001700
2025-06-21 23:00:00,0.4267600,0.4273500,0.4267300,0.4270000,27168.1889400
2025-06-21 23:01:00,0.4269100,0.4269200,0.4259000,0.4264500,69046.4729800
2025-06-21 23:02:00,0.4265400,0.4268000,0.4262200,0.4265100,39432.9989000
2025-06-21 23:03:00,0.4265100,0.4269100,0.4261300,0.4263300,24430.8858300
2025-06-21 23:04:00,0.4262800,0.4264000,0.4253400,0.4258100,132526.3611200
2025-06-21 23:05:00,0.4258400,0.4266000,0.4258400,0.4266000,51497.5891200
2025-06-21 23:06:00,0.4266300,0.4266400,0.4252800,0.4254900,50139.1680400
2025-06-21 23:07:00,0.4254000,0.4254200,0.4243400,0.4245800,121847.9463100
2025-06-21 23:08:00,0.4245200,0.4245300,0.4226600,0.4232700,124323.5826600
2025-06-21 23:09:00,0.4232700,0.4244900,0.4231100,0.4236500,76882.7777100
2025-06-21 23:10:00,0.4236600,0.4256600,0.4236600,0.4255400,64024.3011400
2025-06-21 23:11:00,0.4255400,0.4269800,0.4254100,0.4261000,171674.5031800
2025-06-21 23:12:00,0.4262100,0.4270200,0.4260600,0.4270200,42018.8538800
2025-06-21 23:13:00,0.4270400,0.4286300,0.4270300,0.4285400,99344.8729400
2025-06-21 23:14:00,0.4285200,0.4286300,0.4281100,0.4285700,39475.9929000
2025-06-21 23:15:00,0.4285200,0.4285200,0.4265500,0.4266500,72817.5263100
2025-06-21 23:16:00,0.4268100,0.4268100,0.4258300,0.4267200,58426.0188400
2025-06-21 23:17:00,0.4267900,0.4268600,0.4265200,0.4265700,16349.7103700
2025-06-21 23:18:00,0.4265300,0.4265300,0.4251300,0.4253200,68138.1133800
2025-06-21 23:19:00,0.4253600,0.4256600,0.4251100,0.4255800,30014.1810200
2025-06-21 23:20:00,0.4256200,0.4256200,0.4252000,0.4252600,23731.7171600
2025-06-21 23:21:00,0.4253000,0.4264900,0.4251900,0.4260900,35806.0337000
2025-06-21 23:22:00,0.4261500,0.4265000,0.4260200,0.4265000,9093.9558900
2025-06-21 23:23:00,0.4265000,0.4268100,0.4262800,0.4265600,26557.0032900
2025-06-21 23:24:00,0.4265800,0.4270000,0.4265800,0.4268500,19843.5939800
2025-06-21 23:25:00,0.4268700,0.4270300,0.4262800,0.4264100,24349.3657100
2025-06-21 23:26:00,0.4263600,0.4263600,0.4254700,0.4255600,45337.8873400
2025-06-21 23:27:00,0.4255300,0.4258400,0.4251400,0.4255100,30944.1304600
2025-06-21 23:28:00,0.4255300,0.4267600,0.4253800,0.4267600,49912.3824400
2025-06-21 23:29:00,0.4267700,0.4267700,0.4255700,0.4256000,41425.3126700
2025-06-21 23:30:00,0.4255900,0.4262100,0.4253100,0.4259600,30770.1595600
2025-06-21 23:31:00,0.4259500,0.4270500,0.4258500,0.4270500,27642.7935100
2025-06-21 23:32:00,0.4270400,0.4291000,0.4269700,0.4288500,147595.1873800
2025-06-21 23:33:00,0.4287500,0.4299400,0.4279800,0.4292000,353774.8838200
2025-06-21 23:34:00,0.4292000,0.4292900,0.4282700,0.4283100,44698.1449800
2025-06-21 23:35:00,0.4282900,0.4294100,0.4280500,0.4294100,46974.8841500
2025-06-21 23:36:00,0.4292600,0.4292600,0.4281000,0.4288500,51841.5747600
2025-06-21 23:37:00,0.4287000,0.4299000,0.4286300,0.4296000,78911.1704800
2025-06-21 23:38:00,0.4295800,0.4296400,0.4287500,0.4292800,26866.1211700
2025-06-21 23:39:00,0.4292000,0.4294700,0.4289800,0.4292100,26470.4837800
2025-06-21 23:40:00,0.4292300,0.4300700,0.4292300,0.4294700,36045.7106600
2025-06-21 23:41:00,0.4294900,0.4296300,0.4285200,0.4285200,26274.1953100
2025-06-21 23:42:00,0.4285200,0.4288400,0.4280900,0.4285700,41170.5799900
2025-06-21 23:43:00,0.4285500,0.4294000,0.4284100,0.4291400,45244.0347200
2025-06-21 23:44:00,0.4292000,0.4294600,0.4290100,0.4293500,16092.8052600
2025-06-21 23:45:00,0.4293300,0.4295000,0.4286400,0.4286700,13898.2006000
2025-06-21 23:46:00,0.4286700,0.4296300,0.4286700,0.4296300,25470.2091600
2025-06-21 23:47:00,0.4296400,0.4302600,0.4293100,0.4301000,82844.5260100
2025-06-21 23:48:00,0.4300300,0.4303800,0.4298600,0.4301500,18349.8191900
2025-06-21 23:49:00,0.4301600,0.4304500,0.4296200,0.4297300,19096.9119000
2025-06-21 23:50:00,0.4297200,0.4299300,0.4295100,0.4297200,13714.7132500
2025-06-21 23:51:00,0.4296500,0.4298600,0.4289700,0.4298000,15727.4628000
2025-06-21 23:52:00,0.4297600,0.4297600,0.4290600,0.4296200,12202.9699100
2025-06-21 23:53:00,0.4296500,0.4324900,0.4296500,0.4324700,136007.6970600
2025-06-21 23:54:00,0.4324500,0.4324500,0.4316100,0.4317700,51890.4610000
2025-06-21 23:55:00,0.4317700,0.4321300,0.4311800,0.4313400,24127.2846200
2025-06-21 23:56:00,0.4312600,0.4317000,0.4309700,0.4315600,31822.2221100
2025-06-21 23:57:00,0.4316300,0.4316300,0.4303100,0.4305700,51416.3563900
2025-06-21 23:58:00,0.4304200,0.4306800,0.4296900,0.4296900,56879.9644100
2025-06-21 23:59:00,0.4296800,0.4297400,0.4291000,0.4292000,18994.8638000
2025-06-22 00:00:00,0.4292000,0.4301800,0.4291200,0.4299200,62181.0266600
2025-06-22 00:01:00,0.4299100,0.4299100,0.4289000,0.4289000,20696.8420200
2025-06-22 00:02:00,0.4288800,0.4288800,0.4276800,0.4277000,27670.9965200
2025-06-22 00:03:00,0.4278000,0.4283300,0.4277300,0.4282000,20255.2758600
2025-06-22 00:04:00,0.4281700,0.4287400,0.4281700,0.4284300,25223.0924600
2025-06-22 00:05:00,0.4283800,0.4284400,0.4274500,0.4275200,48709.0745800
2025-06-22 00:06:00,0.4275200,0.4279800,0.4273900,0.4277900,24450.7767800
2025-06-22 00:07:00,0.4277800,0.4281100,0.4275100,0.4276300,17976.8804400
2025-06-22 00:08:00,0.4276300,0.4283000,0.4275800,0.4278000,73951.4048200
2025-06-22 00:09:00,0.4277700,0.4280800,0.4277700,0.4279400,8921.3242900
2025-06-22 00:10:00,0.4279500,0.4280000,0.4272600,0.4273400,18846.7927200
2025-06-22 00:11:00,0.4273300,0.4274000,0.4270200,0.4273200,55873.1126600
2025-06-22 00:12:00,0.4271800,0.4276200,0.4269800,0.4274000,19395.6297300
2025-06-22 00:13:00,0.4273500,0.4277300,0.4270300,0.4271500,31903.1622200
2025-06-22 00:14:00,0.4271700,0.4275600,0.4261300,0.4265100,102718.8322000
2025-06-22 00:15:00,0.4264800,0.4266400,0.4257400,0.4264600,24385.2748800
2025-06-22 00:16:00,0.4264800,0.4271500,0.4260800,0.4271200,12227.4586100
2025-06-22 00:17:00,0.4270700,0.4275400,0.4268200,0.4268200,19153.7307300
2025-06-22 00:18:00,0.4268000,0.4279000,0.4267700,0.4279000,9289.9965100
2025-06-22 00:19:00,0.4278500,0.4278500,0.4274300,0.4274600,8632.9115400
2025-06-22 00:20:00,0.4275000,0.4276500,0.4272000,0.4272000,9800.1109500
2025-06-22 00:21:00,0.4272100,0.4272100,0.4258300,0.4266800,93485.7759200
2025-06-22 00:22:00,0.4267500,0.4268900,0.4263500,0.4263700,9944.9093300
2025-06-22 00:23:00,0.4263900,0.4263900,0.4258200,0.4258800,16692.1551000
2025-06-22 00:24:00,0.4259400,0.4261300,0.4196700,0.4202900,283571.5937900
2025-06-22 00:25:00,0.4207400,0.4207400,0.4185600,0.4200600,501967.0786700
2025-06-22 00:26:00,0.4200100,0.4213500,0.4199800,0.4212200,256867.7245000
2025-06-22 00:27:00,0.4211500,0.4222400,0.4210300,0.4212300,196302.1344700
2025-06-22 00:28:00,0.4211800,0.4232200,0.4210200,0.4227400,111301.8127600
2025-06-22 00:29:00,0.4227500,0.4227500,0.4213900,0.4220400,54682.5594300
2025-06-22 00:30:00,0.4220400,0.4227000,0.4207900,0.4225100,117397.0755800
2025-06-22 00:31:00,0.4225100,0.4225100,0.4150200,0.4158300,329771.7283900
2025-06-22 00:32:00,0.4158300,0.4188600,0.4153400,0.4183000,409797.7107700
2025-06-22 00:33:00,0.4182800,0.4190100,0.4170100,0.4179800,369643.0094400
2025-06-22 00:34:00,0.4180400,0.4190900,0.4159300,0.4181300,391219.5824500
2025-06-22 00:35:00,0.4181600,0.4207400,0.4179500,0.4202100,193486.2239600
2025-06-22 00:36:00,0.4202000,0.4218000,0.4198900,0.4211900,157825.2861400
2025-06-22 00:37:00,0.4212500,0.4218000,0.4197100,0.4202500,110619.1170400
2025-06-22 00:38:00,0.4202900,0.4203000,0.4193000,0.4201300,98603.0829200
2025-06-22 00:39:00,0.4201500,0.4202600,0.4194000,0.4199500,29823.8162100
2025-06-22 00:40:00,0.4198000,0.4204100,0.4197100,0.4198800,71107.3211900
2025-06-22 00:41:00,0.4198700,0.4199400,0.4197000,0.4199100,17770.5593500
2025-06-22 00:42:00,0.4199100,0.4224800,0.4199100,0.4223300,70271.7038800
2025-06-22 00:43:00,0.4223300,0.4228100,0.4223300,0.4224500,29561.3169800
2025-06-22 00:44:00,0.4224500,0.4232400,0.4224500,0.4231800,36171.4916800
2025-06-22 00:45:00,0.4232100,0.4234300,0.4219600,0.4220400,78417.2664000
2025-06-22 00:46:00,0.4220400,0.4232200,0.4220400,0.4231700,17683.3951300
2025-06-22 00:47:00,0.4231700,0.4249200,0.4231700,0.4248200,120666.1784800
2025-06-22 00:48:00,0.4248300,0.4265800,0.4248200,0.4265100,78394.1283900
2025-06-22 00:49:00,0.4265200,0.4269700,0.4265100,0.4269600,36939.8692900
2025-06-22 00:50:00,0.4269600,0.4313100,0.4269600,0.4298700,246149.9810900
2025-06-22 00:51:00,0.4298400,0.4307900,0.4292100,0.4302500,136105.5430900
2025-06-22 00:52:00,0.4303200,0.4309900,0.4299100,0.4302400,49645.9632600
2025-06-22 00:53:00,0.4302400,0.4312500,0.4297100,0.4301300,60671.3464500
2025-06-22 00:54:00,0.4300800,0.4300900,0.4291500,0.4296700,43885.6175700
2025-06-22 00:55:00,0.4297000,0.4297000,0.4291300,0.4293200,62869.2245400
2025-06-22 00:56:00,0.4293100,0.4294500,0.4289400,0.4292500,121958.0662700
2025-06-22 00:57:00,0.4292100,0.4301600,0.4290600,0.4292300,207689.1428600
2025-06-22 00:58:00,0.4292300,0.4302600,0.4290500,0.4298100,146665.3447400
2025-06-22 00:59:00,0.4297800,0.4297800,0.4291900,0.4297300,32744.2810900
2025-06-22 01:00:00,0.4297100,0.4300000,0.4286400,0.4288800,68154.4726700
2025-06-22 01:01:00,0.4289900,0.4298900,0.4286100,0.4294800,54739.7805900
2025-06-22 01:02:00,0.4294900,0.4297900,0.4282000,0.4282000,86061.2518800
2025-06-22 01:03:00,0.4281800,0.4283200,0.4271000,0.4276400,47859.4380000
2025-06-22 01:04:00,0.4276500,0.4277900,0.4269200,0.4272000,21589.3779700
2025-06-22 01:05:00,0.4270900,0.4273900,0.4266700,0.4273900,53132.3332300
2025-06-22 01:06:00,0.4272600,0.4272800,0.4265400,0.4270900,45705.7385900
2025-06-22 01:07:00,0.4271300,0.4272000,0.4265100,0.4272000,34864.0348100
2025-06-22 01:08:00,0.4272300,0.4306800,0.4269600,0.4303900,159076.0905700
2025-06-22 01:09:00,0.4304100,0.4304100,0.4290100,0.4290100,41449.6615200
2025-06-22 01:10:00,0.4290100,0.4292700,0.4286100,0.4286300,28557.9153300
2025-06-22 01:11:00,0.4286800,0.4287600,0.4272400,0.4275100,62132.8679500
2025-06-22 01:12:00,0.4275300,0.4280600,0.4268000,0.4270300,53501.6155700
2025-06-22 01:13:00,0.4269600,0.4271900,0.4265200,0.4270200,39885.1075500
2025-06-22 01:14:00,0.4267800,0.4269400,0.4255300,0.4263200,110630.4207000
2025-06-22 01:15:00,0.4263000,0.4271400,0.4260400,0.4266900,28226.1016800
2025-06-22 01:16:00,0.4267100,0.4275200,0.4265800,0.4268300,71795.6272400
2025-06-22 01:17:00,0.4268600,0.4275600,0.4268600,0.4272900,31741.8512600
2025-06-22 01:18:00,0.4273000,0.4275000,0.4264100,0.4274000,30237.5286600
2025-06-22 01:19:00,0.4273800,0.4273800,0.4264400,0.4270800,20009.5358100
2025-06-22 01:20:00,0.4271600,0.4280000,0.4269600,0.4276500,28223.2955500
2025-06-22 01:21:00,0.4276600,0.4281200,0.4273200,0.4279300,24007.4727900
2025-06-22 01:22:00,0.4279400,0.4292100,0.4279400,0.4281700,63346.1501200
2025-06-22 01:23:00,0.4281700,0.4286100,0.4270500,0.4274800,55050.1130900
2025-06-22 01:24:00,0.4274600,0.4276700,0.4270000,0.4272600,38020.0555300
2025-06-22 01:25:00,0.4273400,0.4283900,0.4273100,0.4283900,23632.4321300
2025-06-22 01:26:00,0.4283400,0.4287600,0.4280900,0.4281700,17864.8319200
2025-06-22 01:27:00,0.4281600,0.4281700,0.4277100,0.4277900,39633.2618800
2025-06-22 01:28:00,0.4277700,0.4279000,0.4271800,0.4279000,20010.5006300
2025-06-22 01:29:00,0.4278700,0.4278700,0.4265000,0.4266400,27665.0133900
2025-06-22 01:30:00,0.4266100,0.4267800,0.4251400,0.4255800,77852.5270700
2025-06-22 01:31:00,0.4255500,0.4256700,0.4243800,0.4245600,30949.0743900
2025-06-22 01:32:00,0.4245400,0.4252300,0.4242700,0.4242800,112373.6770100
2025-06-22 01:33:00,0.4243700,0.4247200,0.4241200,0.4243400,43794.9332700
2025-06-22 01:34:00,0.4243800,0.4244400,0.4235100,0.4239300,27418.3806900
2025-06-22 01:35:00,0.4239300,0.4245900,0.4236900,0.4239900,44394.8063400
2025-06-22 01:36:00,0.4239600,0.4241600,0.4234500,0.4234500,56938.9677500
2025-06-22 01:37:00,0.4234400,0.4235400,0.4232100,0.4235000,16721.0228600
2025-06-22 01:38:00,0.4235300,0.4240500,0.4231700,0.4231700,27487.0779600
2025-06-22 01:39:00,0.4231800,0.4234400,0.4224500,0.4233200,66327.0487100
2025-06-22 01:40:00,0.4232500,0.4232600,0.4221900,0.4225500,41601.6533800
2025-06-22 01:41:00,0.4226000,0.4232700,0.4224000,0.4229000,45878.0820100
2025-06-22 01:42:00,0.4228600,0.4233200,0.4227200,0.4232600,24836.9114000
2025-06-22 01:43:00,0.4231900,0.4232200,0.4226200,0.4227600,9162.2877200
2025-06-22 01:44:00,0.4227600,0.4235300,0.4227600,0.4233500,30800.3088600
2025-06-22 01:45:00,0.4232900,0.4233500,0.4228100,0.4231500,24937.5281100
2025-06-22 01:46:00,0.4230300,0.4231400,0.4227600,0.4231400,30376.8174000
2025-06-22 01:47:00,0.4231600,0.4243400,0.4231600,0.4243200,42590.9681600
2025-06-22 01:48:00,0.4243200,0.4243500,0.4241200,0.4241600,24315.3487400
2025-06-22 01:49:00,0.4241700,0.4251300,0.4241700,0.4251300,42625.8463200
2025-06-22 01:50:00,0.4250600,0.4273400,0.4250600,0.4269600,120074.0937600
2025-06-22 01:51:00,0.4268600,0.4268600,0.4256400,0.4256400,4632.6966900
2025-06-22 01:52:00,0.4256400,0.4270600,0.4256400,0.4268200,13773.2941800
2025-06-22 01:53:00,0.4267100,0.4269100,0.4264800,0.4264800,21132.0582100
2025-06-22 01:54:00,0.4264500,0.4264500,0.4256500,0.4258500,11296.5169200
2025-06-22 01:55:00,0.4258600,0.4261100,0.4258600,0.4260900,7758.4966600
2025-06-22 01:56:00,0.4260300,0.4261100,0.4252200,0.4253500,40678.4991000
2025-06-22 01:57:00,0.4253300,0.4260000,0.4253300,0.4256700,16344.6248100
2025-06-22 01:58:00,0.4256900,0.4257000,0.4244300,0.4246900,35758.0784600
2025-06-22 01:59:00,0.4247100,0.4251300,0.4244100,0.4245000,8584.2662400
2025-06-22 02:00:00,0.4245800,0.4259800,0.4243800,0.4256000,54458.1970100
2025-06-22 02:01:00,0.4256200,0.4263200,0.4254900,0.4254900,14268.2197800
2025-06-22 02:02:00,0.4255000,0.4255000,0.4242600,0.4242900,14726.7166900
2025-06-22 02:03:00,0.4243400,0.4243400,0.4231400,0.4234900,95193.5700200
2025-06-22 02:04:00,0.4235100,0.4245900,0.4235100,0.4245900,28484.2946500
2025-06-22 02:05:00,0.4246000,0.4253600,0.4246000,0.4249800,45081.8214200
2025-06-22 02:06:00,0.4249000,0.4251900,0.4246400,0.4251300,15040.1096500
2025-06-22 02:07:00,0.4251200,0.4251200,0.4237400,0.4238900,53438.1662900
2025-06-22 02:08:00,0.4238900,0.4239600,0.4227500,0.4227500,24225.9565300
2025-06-22 02:09:00,0.4227500,0.4227900,0.4222500,0.4225200,27123.4083400
2025-06-22 02:10:00,0.4225500,0.4234600,0.4225500,0.4232500,27219.9063300
2025-06-22 02:11:00,0.4232600,0.4232600,0.4225600,0.4228500,10326.3017200
2025-06-22 02:12:00,0.4228500,0.4234200,0.4228400,0.4228900,28652.6859600
2025-06-22 02:13:00,0.4229300,0.4230200,0.4222100,0.4222100,10198.6389100
2025-06-22 02:14:00,0.4222200,0.4225700,0.4219900,0.4221900,21691.4720700
2025-06-22 02:15:00,0.4221900,0.4227900,0.4215800,0.4226700,68648.6931200
2025-06-22 02:16:00,0.4226200,0.4231100,0.4224000,0.4229200,39075.8468000
2025-06-22 02:17:00,0.4228400,0.4228600,0.4220400,0.4223300,40867.8423400
2025-06-22 02:18:00,0.4222800,0.4223200,0.4215100,0.4220000,33349.0798000
2025-06-22 02:19:00,0.4220400,0.4227400,0.4220400,0.4226000,39972.4608500
2025-06-22 02:20:00,0.4225700,0.4225700,0.4214800,0.4221800,54603.5656100
2025-06-22 02:21:00,0.4221500,0.4224000,0.4219600,0.4221000,10242.1958600
2025-06-22 02:22:00,0.4221200,0.4224000,0.4218200,0.4223700,15656.0053800
2025-06-22 02:23:00,0.4223100,0.4223100,0.4215200,0.4216800,12265.3726400
2025-06-22 02:24:00,0.4217600,0.4220200,0.4217200,0.4220200,19871.0033800
2025-06-22 02:25:00,0.4219000,0.4222800,0.4217300,0.4221100,9973.2928900
2025-06-22 02:26:00,0.4221400,0.4224600,0.4218300,0.4218400,22024.6955900
2025-06-22 02:27:00,0.4220700,0.4231500,0.4219800,0.4229800,34722.0087000
2025-06-22 02:28:00,0.4229700,0.4230500,0.4218600,0.4219800,17164.8459900
2025-06-22 02:29:00,0.4219800,0.4223600,0.4219200,0.4220300,14777.5825600
2025-06-22 02:30:00,0.4220900,0.4220900,0.4207800,0.4207800,79223.4649000
2025-06-22 02:31:00,0.4207600,0.4218200,0.4207000,0.4215400,24127.8178500
2025-06-22 02:32:00,0.4215600,0.4218000,0.4214000,0.4215800,36421.7881800
2025-06-22 02:33:00,0.4215800,0.4217500,0.4210400,0.4216400,26331.9726700
2025-06-22 02:34:00,0.4216400,0.4220600,0.4203900,0.4206200,64208.9509700
2025-06-22 02:35:00,0.4206000,0.4225600,0.4199500,0.4222500,102054.8848600
2025-06-22 02:36:00,0.4222200,0.4222200,0.4212200,0.4216000,35103.1661400
2025-06-22 02:37:00,0.4216700,0.4220100,0.4207500,0.4217900,46568.0618800
2025-06-22 02:38:00,0.4216000,0.4216000,0.4209500,0.4209500,22662.9242200
2025-06-22 02:39:00,0.4209500,0.4212600,0.4202500,0.4203000,34452.0123600
2025-06-22 02:40:00,0.4203600,0.4208400,0.4202200,0.4204300,34903.5434600
2025-06-22 02:41:00,0.4204400,0.4206500,0.4198600,0.4198600,18267.7768100
2025-06-22 02:42:00,0.4199300,0.4207100,0.4198600,0.4205700,39800.7379100
2025-06-22 02:43:00,0.4206500,0.4212300,0.4201000,0.4209500,18693.8726000
2025-06-22 02:44:00,0.4208500,0.4210100,0.4204900,0.4205500,21954.3381700
2025-06-22 02:45:00,0.4205900,0.4206100,0.4200000,0.4200000,13651.6438100
2025-06-22 02:46:00,0.4200100,0.4206600,0.4186100,0.4203900,137549.8466000
2025-06-22 02:47:00,0.4204100,0.4205200,0.4191700,0.4193600,39961.2467400
2025-06-22 02:48:00,0.4193700,0.4215100,0.4193700,0.4215100,71250.8954900
2025-06-22 02:49:00,0.4215000,0.4267400,0.4207300,0.4264300,258783.8363400
2025-06-22 02:50:00,0.4265000,0.4281900,0.4255200,0.4256200,322030.8272100
2025-06-22 02:51:00,0.4255200,0.4259300,0.4240200,0.4244400,95415.5670400
2025-06-22 02:52:00,0.4243900,0.4252500,0.4237300,0.4251300,81869.4777900
2025-06-22 02:53:00,0.4251600,0.4261300,0.4242900,0.4243200,59635.5106300
2025-06-22 02:54:00,0.4244500,0.4259900,0.4241700,0.4257200,37914.4387000
2025-06-22 02:55:00,0.4256400,0.4271800,0.4254700,0.4266800,52625.4324700
2025-06-22 02:56:00,0.4265800,0.4282500,0.4265800,0.4282500,53840.4530900
2025-06-22 02:57:00,0.4282800,0.4300200,0.4276300,0.4295000,100877.9985700
2025-06-22 02:58:00,0.4295100,0.4311800,0.4287100,0.4300300,106001.0001800
2025-06-22 02:59:00,0.4300100,0.4305800,0.4298000,0.4305200,55036.4957800
2025-06-22 03:00:00,0.4304000,0.4340800,0.4304000,0.4327300,239638.9111400
2025-06-22 03:01:00,0.4328200,0.4342400,0.4327400,0.4330700,213217.6244900
2025-06-22 03:02:00,0.4330800,0.4334500,0.4316700,0.4322200,114821.4147100
2025-06-22 03:03:00,0.4321900,0.4345700,0.4321900,0.4339300,89719.3096600
2025-06-22 03:04:00,0.4339300,0.4345800,0.4326200,0.4335000,118040.5272400
2025-06-22 03:05:00,0.4335500,0.4335800,0.4325800,0.4327100,55821.9287900
2025-06-22 03:06:00,0.4327300,0.4360000,0.4326400,0.4352200,371103.7022300
2025-06-22 03:07:00,0.4351800,0.4355200,0.4323000,0.4325000,94646.1017000
2025-06-22 03:08:00,0.4324000,0.4330100,0.4315800,0.4326000,106341.0371400
2025-06-22 03:09:00,0.4325300,0.4331600,0.4322000,0.4325700,57324.5603200
2025-06-22 03:10:00,0.4326200,0.4336000,0.4315400,0.4334800,119223.3626000
2025-06-22 03:11:00,0.4335100,0.4338100,0.4328700,0.4331300,78460.7393100
2025-06-22 03:12:00,0.4331900,0.4331900,0.4313000,0.4313000,53431.4518900
2025-06-22 03:13:00,0.4313700,0.4328200,0.4313700,0.4325400,40982.7663400
2025-06-22 03:14:00,0.4325600,0.4338500,0.4319000,0.4332000,51642.3201200
2025-06-22 03:15:00,0.4331900,0.4346600,0.4331700,0.4346600,71583.1751900
2025-06-22 03:16:00,0.4347000,0.4357800,0.4338000,0.4354300,65215.9307000
2025-06-22 03:17:00,0.4354700,0.4356600,0.4341200,0.4341200,48042.2955300
2025-06-22 03:18:00,0.4342300,0.4353100,0.4337600,0.4351800,43811.4364800
2025-06-22 03:19:00,0.4351800,0.4373200,0.4351200,0.4372900,115571.6519300
2025-06-22 03:20:00,0.4372600,0.4375200,0.4367100,0.4368300,101085.3411400
2025-06-22 03:21:00,0.4368800,0.4386100,0.4366200,0.4386100,95564.0300400
2025-06-22 03:22:00,0.4385500,0.4399000,0.4384600,0.4387800,102386.8235200
2025-06-22 03:23:00,0.4388400,0.4396700,0.4383600,0.4386400,57125.3021000
2025-06-22 03:24:00,0.4386300,0.4398200,0.4384500,0.4384600,63100.7414600
2025-06-22 03:25:00,0.4386600,0.4399200,0.4386600,0.4388900,66946.6122000
2025-06-22 03:26:00,0.4388700,0.4393000,0.4372800,0.4374900,54688.0798100
2025-06-22 03:27:00,0.4374200,0.4383000,0.4368900,0.4373600,83662.4563500
2025-06-22 03:28:00,0.4375500,0.4377900,0.4369300,0.4376600,54317.3157600
2025-06-22 03:29:00,0.4377100,0.4398000,0.4376400,0.4398000,66389.0661400
2025-06-22 03:30:00,0.4398000,0.4400000,0.4389900,0.4395800,82532.7460900
2025-06-22 03:31:00,0.4397000,0.4418300,0.4397000,0.4416300,184720.8774700
2025-06-22 03:32:00,0.4416300,0.4460500,0.4412600,0.4455400,356323.5340700
2025-06-22 03:33:00,0.4455900,0.4468500,0.4448500,0.4462200,181874.8632100
2025-06-22 03:34:00,0.4460000,0.4473000,0.4454200,0.4461800,160588.4996600
2025-06-22 03:35:00,0.4463100,0.4463200,0.4451100,0.4457900,111690.5247700
2025-06-22 03:36:00,0.4457500,0.4467400,0.4454900,0.4462900,86762.5852700
2025-06-22 03:37:00,0.4463100,0.4489900,0.4460900,0.4478900,209584.4841400
2025-06-22 03:38:00,0.4479700,0.4487900,0.4468600,0.4479200,112714.6344500
2025-06-22 03:39:00,0.4479500,0.4499200,0.4479500,0.4492500,170904.4583300
2025-06-22 03:40:00,0.4492500,0.4519100,0.4490200,0.4517900,252879.0990300
2025-06-22 03:41:00,0.4519100,0.4519200,0.4504000,0.4504000,76073.0316300
2025-06-22 03:42:00,0.4504000,0.4523300,0.4504000,0.4521300,158861.8585300
2025-06-22 03:43:00,0.4521400,0.4532000,0.4519200,0.4519800,103497.7537400
2025-06-22 03:44:00,0.4520200,0.4525300,0.4507700,0.4523100,75652.3449200
2025-06-22 03:45:00,0.4523400,0.4534000,0.4518600,0.4527600,116732.1744500
2025-06-22 03:46:00,0.4527600,0.4531400,0.4515200,0.4526100,152411.4671500
2025-06-22 03:47:00,0.4527900,0.4531500,0.4506600,0.4515200,195898.4875000
2025-06-22 03:48:00,0.4514100,0.4514100,0.4480400,0.4487800,218367.7722600
2025-06-22 03:49:00,0.4488700,0.4499900,0.4486800,0.4490000,70868.6632800
2025-06-22 03:50:00,0.4490700,0.4517100,0.4490000,0.4515000,144125.4929300
2025-06-22 03:51:00,0.4514900,0.4521200,0.4505700,0.4519400,91343.4789800
2025-06-22 03:52:00,0.4518600,0.4535500,0.4514900,0.4532300,190654.6088700
2025-06-22 03:53:00,0.4532100,0.4539800,0.4527600,0.4527600,64637.6049900
2025-06-22 03:54:00,0.4528500,0.4545800,0.4527700,0.4543100,106830.2388200
2025-06-22 03:55:00,0.4543300,0.4549900,0.4541600,0.4546500,75035.3015900
2025-06-22 03:56:00,0.4546200,0.4547900,0.4539600,0.4542800,77627.6267100
2025-06-22 03:57:00,0.4543200,0.4543200,0.4529100,0.4534100,65851.5483200
2025-06-22 03:58:00,0.4534100,0.4549900,0.4534100,0.4547700,107856.0501300
2025-06-22 03:59:00,0.4547300,0.4558400,0.4542500,0.4551200,132757.6594800
2025-06-22 04:00:00,0.4552300,0.4566400,0.4552200,0.4560000,147792.0383000
2025-06-22 04:01:00,0.4560100,0.4564500,0.4545600,0.4545900,68195.5578600
2025-06-22 04:02:00,0.4546400,0.4546400,0.4530000,0.4533800,173898.9994900
2025-06-22 04:03:00,0.4534600,0.4547600,0.4533000,0.4547600,87057.1405900
2025-06-22 04:04:00,0.4547700,0.4550500,0.4535100,0.4550400,76015.7568300
2025-06-22 04:05:00,0.4550200,0.4557900,0.4544000,0.4545800,169784.4777100
2025-06-22 04:06:00,0.4546900,0.4552400,0.4523500,0.4526200,94243.9136100
2025-06-22 04:07:00,0.4525900,0.4546200,0.4525900,0.4542500,41031.0821000
2025-06-22 04:08:00,0.4543300,0.4563900,0.4543300,0.4559600,92446.1811600
2025-06-22 04:09:00,0.4559500,0.4559500,0.4533000,0.4539000,95186.6375100
2025-06-22 04:10:00,0.4538900,0.4557500,0.4538900,0.4554400,50328.3929800
2025-06-22 04:11:00,0.4554300,0.4554300,0.4541000,0.4543800,70568.5864900
2025-06-22 04:12:00,0.4542600,0.4542600,0.4529700,0.4530400,35807.0914700
2025-06-22 04:13:00,0.4530400,0.4539200,0.4527600,0.4531300,46586.0790800
2025-06-22 04:14:00,0.4532700,0.4544000,0.4524200,0.4524200,69067.5414100
2025-06-22 04:15:00,0.4524600,0.4529000,0.4503600,0.4508700,186891.8216500
2025-06-22 04:16:00,0.4508200,0.4509300,0.4487300,0.4487800,130585.5057600
2025-06-22 04:17:00,0.4488100,0.4492600,0.4478100,0.4478100,96951.4819600
2025-06-22 04:18:00,0.4479200,0.4481700,0.4472600,0.4480800,102892.0028600
2025-06-22 04:19:00,0.4481500,0.4484600,0.4477500,0.4481300,53492.9772300
2025-06-22 04:20:00,0.4481000,0.4483700,0.4474700,0.4483200,51478.5633900
2025-06-22 04:21:00,0.4483100,0.4483300,0.4472900,0.4477600,56535.1845800
2025-06-22 04:22:00,0.4478000,0.4479400,0.4474200,0.4478500,43519.8814300
2025-06-22 04:23:00,0.4478000,0.4479200,0.4468400,0.4474700,70889.2518600
2025-06-22 04:24:00,0.4474700,0.4477000,0.4468100,0.4474400,43336.3599700
2025-06-22 04:25:00,0.4474600,0.4476400,0.4463700,0.4471800,58958.5029700
2025-06-22 04:26:00,0.4471300,0.4484600,0.4470700,0.4478900,102582.3160800
2025-06-22 04:27:00,0.4479300,0.4491300,0.4479300,0.4487300,70455.6133500
2025-06-22 04:28:00,0.4488000,0.4488000,0.4477200,0.4478000,29800.7833900
2025-06-22 04:29:00,0.4478000,0.4480800,0.4469800,0.4477400,32899.6105300
2025-06-22 04:30:00,0.4477600,0.4478300,0.4473600,0.4474800,19019.6942700
2025-06-22 04:31:00,0.4474900,0.4478800,0.4469000,0.4472800,35708.6481600
2025-06-22 04:32:00,0.4473200,0.4476300,0.4463000,0.4468000,46280.7015500
2025-06-22 04:33:00,0.4467700,0.4467700,0.4462200,0.4464300,20481.0178600
2025-06-22 04:34:00,0.4465000,0.4465300,0.4458800,0.4463500,40301.2929400
2025-06-22 04:35:00,0.4463600,0.4465800,0.4457800,0.4459300,63642.0194400
2025-06-22 04:36:00,0.4459100,0.4463200,0.4454500,0.4460200,38623.0481200
2025-06-22 04:37:00,0.4460600,0.4460600,0.4443500,0.4444800,103179.7341800
2025-06-22 04:38:00,0.4445400,0.4445500,0.4433700,0.4440800,102151.7715500
2025-06-22 04:39:00,0.4441000,0.4451700,0.4441000,0.4448500,65755.1085500
2025-06-22 04:40:00,0.4448800,0.4450400,0.4437300,0.4440600,74353.2000100
2025-06-22 04:41:00,0.4439200,0.4445600,0.4436400,0.4442200,56885.0333400
2025-06-22 04:42:00,0.4443300,0.4451600,0.4443300,0.4446600,44000.2318400
2025-06-22 04:43:00,0.4446700,0.4462000,0.4446700,0.4461000,57834.7592100
2025-06-22 04:44:00,0.4460100,0.4474600,0.4458500,0.4474600,43318.8439400
2025-06-22 04:45:00,0.4474400,0.4476700,0.4455900,0.4457600,70527.1211900
2025-06-22 04:46:00,0.4457200,0.4457200,0.4447500,0.4454100,51188.1699100
2025-06-22 04:47:00,0.4453600,0.4453600,0.4439900,0.4441400,51172.8489500
2025-06-22 04:48:00,0.4442400,0.4460000,0.4441000,0.4460000,73201.0694500
2025-06-22 04:49:00,0.4459800,0.4459900,0.4446500,0.4450400,104315.3365800
2025-06-22 04:50:00,0.4450200,0.4464700,0.4447200,0.4457900,61320.6425200
2025-06-22 04:51:00,0.4459200,0.4463700,0.4444600,0.4445800,49293.9316500
2025-06-22 04:52:00,0.4445900,0.4450700,0.4443700,0.4448200,18250.3519900
2025-06-22 04:53:00,0.4447800,0.4462700,0.4446300,0.4457200,41793.9365800
2025-06-22 04:54:00,0.4457500,0.4457800,0.4439900,0.4439900,30753.9459900
2025-06-22 04:55:00,0.4440500,0.4453800,0.4440500,0.4451100,33986.7638900
2025-06-22 04:56:00,0.4451900,0.4453800,0.4446400,0.4447600,53366.8872100
2025-06-22 04:57:00,0.4447900,0.4450300,0.4440800,0.4441200,24076.5220200
2025-06-22 04:58:00,0.4441200,0.4442400,0.4438800,0.4440300,20185.2373200
2025-06-22 04:59:00,0.4440100,0.4448200,0.4440100,0.4444200,45742.2396700
2025-06-22 05:00:00,0.4445600,0.4446200,0.4439500,0.4440500,22223.2905200
2025-06-22 05:01:00,0.4440800,0.4443600,0.4437600,0.4438400,23510.6704500
2025-06-22 05:02:00,0.4438400,0.4450000,0.4438400,0.4446700,52161.4595800
2025-06-22 05:03:00,0.4446500,0.4464400,0.4443900,0.4464100,85224.8724700
2025-06-22 05:04:00,0.4464200,0.4469600,0.4457300,0.4462300,103768.5658400
2025-06-22 05:05:00,0.4463000,0.4467400,0.4440800,0.4442400,55042.8296300
2025-06-22 05:06:00,0.4442000,0.4444000,0.4420300,0.4425000,83078.1117600
2025-06-22 05:07:00,0.4424900,0.4424900,0.4411600,0.4415800,65101.3208900
2025-06-22 05:08:00,0.4415900,0.4415900,0.4402100,0.4412900,89816.1317500
2025-06-22 05:09:00,0.4413300,0.4414100,0.4397900,0.4401000,69324.9577500
2025-06-22 05:10:00,0.4401000,0.4403900,0.4385600,0.4397400,146964.8190000
2025-06-22 05:11:00,0.4396500,0.4417500,0.4396400,0.4417500,69766.7691000
2025-06-22 05:12:00,0.4417500,0.4422300,0.4410800,0.4419600,76407.5776600
2025-06-22 05:13:00,0.4418800,0.4428200,0.4416100,0.4428200,33203.9559800
2025-06-22 05:14:00,0.4429100,0.4435900,0.4421300,0.4425700,87016.8811200
2025-06-22 05:15:00,0.4426800,0.4431500,0.4409800,0.4411100,66524.9439300
2025-06-22 05:16:00,0.4411500,0.4418100,0.4406300,0.4408100,40708.6265300
2025-06-22 05:17:00,0.4408600,0.4414000,0.4404000,0.4410000,15064.7930100
2025-06-22 05:18:00,0.4410300,0.4412700,0.4387000,0.4390100,262620.9289300
2025-06-22 05:19:00,0.4389800,0.4397400,0.4387000,0.4388200,62131.5451800
2025-06-22 05:20:00,0.4389400,0.4395500,0.4388000,0.4389900,48049.8616300
2025-06-22 05:21:00,0.4390900,0.4394300,0.4386600,0.4390300,47083.5296200
2025-06-22 05:22:00,0.4389500,0.4393200,0.4383600,0.4391300,30990.2279400
2025-06-22 05:23:00,0.4391000,0.4391000,0.4378600,0.4383400,107035.7907400
2025-06-22 05:24:00,0.4383300,0.4394300,0.4378500,0.4392300,35842.3519000
2025-06-22 05:25:00,0.4392800,0.4395000,0.4376200,0.4376200,42613.8716000
2025-06-22 05:26:00,0.4376100,0.4379700,0.4367700,0.4368200,108430.6593500
2025-06-22 05:27:00,0.4368200,0.4370300,0.4366000,0.4369400,43103.8504000
2025-06-22 05:28:00,0.4369400,0.4378400,0.4365600,0.4378400,34861.3642100
2025-06-22 05:29:00,0.4378200,0.4379700,0.4370500,0.4374900,29530.2140200
2025-06-22 05:30:00,0.4375700,0.4377800,0.4366800,0.4366800,42583.2296600
2025-06-22 05:31:00,0.4367500,0.4369700,0.4357700,0.4357700,71135.3608900
2025-06-22 05:32:00,0.4357400,0.4362100,0.4349100,0.4352800,79362.5261900
2025-06-22 05:33:00,0.4353000,0.4358700,0.4345200,0.4357600,104851.2157700
2025-06-22 05:34:00,0.4358400,0.4358900,0.4346200,0.4347500,78377.0692500
2025-06-22 05:35:00,0.4347600,0.4348500,0.4341300,0.4342100,63049.7132400
2025-06-22 05:36:00,0.4341400,0.4363000,0.4341400,0.4363000,63914.6904100
2025-06-22 05:37:00,0.4363100,0.4369900,0.4359700,0.4362900,107311.9516000
2025-06-22 05:38:00,0.4363700,0.4387300,0.4363700,0.4379400,56644.9415200
2025-06-22 05:39:00,0.4378900,0.4379500,0.4367700,0.4368300,86800.0882900
2025-06-22 05:40:00,0.4367700,0.4383100,0.4358200,0.4378900,53949.7381100
2025-06-22 05:41:00,0.4378200,0.4384800,0.4372400,0.4384800,40401.8975000
2025-06-22 05:42:00,0.4385300,0.4388600,0.4376100,0.4382500,52555.2379200
2025-06-22 05:43:00,0.4383600,0.4387200,0.4376000,0.4387200,29231.7711600
2025-06-22 05:44:00,0.4387600,0.4401200,0.4385600,0.4392900,39814.6554300
2025-06-22 05:45:00,0.4391800,0.4392300,0.4381500,0.4383600,34232.8010100
2025-06-22 05:46:00,0.4382500,0.4396000,0.4382500,0.4396000,29791.8629600
2025-06-22 05:47:00,0.4395600,0.4402900,0.4382300,0.4383000,45434.2147700
2025-06-22 05:48:00,0.4382200,0.4394800,0.4377400,0.4393700,74730.9252800
2025-06-22 05:49:00,0.4393100,0.4399200,0.4390600,0.4391200,23490.0015000
2025-06-22 05:50:00,0.4391900,0.4398700,0.4390900,0.4394500,20012.8819400
2025-06-22 05:51:00,0.4394400,0.4394500,0.4375100,0.4375400,43389.1548800
2025-06-22 05:52:00,0.4376100,0.4386000,0.4376000,0.4384600,29952.9752000
2025-06-22 05:53:00,0.4384600,0.4402100,0.4384600,0.4398800,83851.1130700
2025-06-22 05:54:00,0.4398700,0.4403500,0.4388700,0.4391500,110928.3215000
2025-06-22 05:55:00,0.4391300,0.4411000,0.4391300,0.4407300,64219.4324000
2025-06-22 05:56:00,0.4407600,0.4413700,0.4405500,0.4411700,32718.4865100
2025-06-22 05:57:00,0.4411500,0.4413900,0.4407300,0.4407300,23006.6468200
2025-06-22 05:58:00,0.4406600,0.4423700,0.4404600,0.4423700,77574.6668400
2025-06-22 05:59:00,0.4423600,0.4428400,0.4417600,0.4417600,29960.6103700
2025-06-22 06:00:00,0.4417500,0.4423800,0.4414600,0.4422600,44203.7818200
2025-06-22 06:01:00,0.4423000,0.4424000,0.4416300,0.4419400,30004.9915000
2025-06-22 06:02:00,0.4417800,0.4419000,0.4398600,0.4399000,70721.3763500
2025-06-22 06:03:00,0.4399600,0.4404400,0.4397000,0.4398000,35879.6131300
2025-06-22 06:04:00,0.4398100,0.4400300,0.4391500,0.4391500,38875.9213100
2025-06-22 06:05:00,0.4391500,0.4396600,0.4379300,0.4379800,58933.6393400
2025-06-22 06:06:00,0.4379800,0.4383500,0.4372800,0.4376100,29103.7922300
2025-06-22 06:07:00,0.4375100,0.4376900,0.4366200,0.4376900,28183.1200900
2025-06-22 06:08:00,0.4377400,0.4383800,0.4373900,0.4383800,23926.0206600
2025-06-22 06:09:00,0.4383600,0.4389900,0.4376400,0.4381200,19740.7768800
2025-06-22 06:10:00,0.4381600,0.4383800,0.4369200,0.4371300,27776.8025600
2025-06-22 06:11:00,0.4371100,0.4377100,0.4367000,0.4368100,23794.2492100
2025-06-22 06:12:00,0.4367100,0.4369100,0.4355200,0.4360700,75517.8017300
2025-06-22 06:13:00,0.4358700,0.4363700,0.4357200,0.4360700,23111.6397600
2025-06-22 06:14:00,0.4360900,0.4366700,0.4351600,0.4352700,32996.6757600
2025-06-22 06:15:00,0.4351500,0.4364000,0.4351200,0.4364000,82042.3036000
2025-06-22 06:16:00,0.4364300,0.4370900,0.4357700,0.4363300,26220.1012100
2025-06-22 06:17:00,0.4362800,0.4369000,0.4362200,0.4364000,17558.4748000
2025-06-22 06:18:00,0.4362500,0.4362500,0.4355000,0.4357600,18271.1340800
2025-06-22 06:19:00,0.4357900,0.4358400,0.4350200,0.4353800,39385.3224200
2025-06-22 06:20:00,0.4354200,0.4355400,0.4334400,0.4335300,133654.3936400
2025-06-22 06:21:00,0.4335200,0.4342700,0.4333400,0.4340500,60442.1987200
2025-06-22 06:22:00,0.4340600,0.4340600,0.4328600,0.4330900,35505.2065200
2025-06-22 06:23:00,0.4330900,0.4337600,0.4328500,0.4330100,60108.5364200
2025-06-22 06:24:00,0.4330100,0.4336700,0.4323500,0.4328900,95591.9195000
2025-06-22 06:25:00,0.4329800,0.4334400,0.4321100,0.4334400,52413.5117500
2025-06-22 06:26:00,0.4334800,0.4335200,0.4328000,0.4335200,52827.1820800
2025-06-22 06:27:00,0.4335200,0.4337600,0.4328600,0.4337600,30895.0720500
2025-06-22 06:28:00,0.4337900,0.4338400,0.4330600,0.4333900,26984.7231800
2025-06-22 06:29:00,0.4333800,0.4336000,0.4329500,0.4331400,22512.8854600
2025-06-22 06:30:00,0.4331900,0.4333800,0.4328700,0.4331500,27685.8237100
2025-06-22 06:31:00,0.4331900,0.4341600,0.4331400,0.4340000,27408.5835000
2025-06-22 06:32:00,0.4339300,0.4342900,0.4335500,0.4335800,29365.7887100
2025-06-22 06:33:00,0.4335300,0.4338900,0.4334300,0.4336400,15576.1837400
2025-06-22 06:34:00,0.4335600,0.4342600,0.4334500,0.4342000,18625.4823800
2025-06-22 06:35:00,0.4341300,0.4370800,0.4339400,0.4369800,97812.6114800
2025-06-22 06:36:00,0.4369700,0.4369700,0.4358700,0.4360000,17996.4913300
2025-06-22 06:37:00,0.4359800,0.4363400,0.4353800,0.4355400,26961.7297600
2025-06-22 06:38:00,0.4356000,0.4358500,0.4352900,0.4356000,13023.0988100
2025-06-22 06:39:00,0.4355700,0.4355700,0.4346500,0.4347700,17294.8459200
2025-06-22 06:40:00,0.4347600,0.4354500,0.4347600,0.4353000,32174.4608200
2025-06-22 06:41:00,0.4353000,0.4359500,0.4349200,0.4349400,34889.7385500
2025-06-22 06:42:00,0.4348800,0.4349000,0.4340200,0.4344900,37907.3646700
2025-06-22 06:43:00,0.4343500,0.4346600,0.4338800,0.4343300,14476.1154500
2025-06-22 06:44:00,0.4343500,0.4356700,0.4343500,0.4353100,30473.3314000
2025-06-22 06:45:00,0.4353500,0.4359900,0.4351600,0.4358100,10933.1575300
2025-06-22 06:46:00,0.4357400,0.4358700,0.4345600,0.4346200,8608.1525200
2025-06-22 06:47:00,0.4345900,0.4348200,0.4342100,0.4342100,11530.6303300
2025-06-22 06:48:00,0.4341700,0.4344400,0.4339200,0.4342900,11439.8418800
2025-06-22 06:49:00,0.4343000,0.4343000,0.4337600,0.4338600,16563.5250600
2025-06-22 06:50:00,0.4338900,0.4339300,0.4322700,0.4324600,60121.0556500
2025-06-22 06:51:00,0.4324500,0.4329500,0.4322900,0.4324300,29817.9463600
2025-06-22 06:52:00,0.4324300,0.4330600,0.4324000,0.4327300,8820.1330000
2025-06-22 06:53:00,0.4328000,0.4330800,0.4324500,0.4330800,9177.6147900
2025-06-22 06:54:00,0.4331100,0.4331100,0.4322400,0.4325300,15698.6161200
2025-06-22 06:55:00,0.4325500,0.4327500,0.4307300,0.4316100,167262.5853500
2025-06-22 06:56:00,0.4315700,0.4323600,0.4315600,0.4323600,12598.8642000
2025-06-22 06:57:00,0.4323400,0.4324800,0.4320600,0.4324600,16104.3292600
2025-06-22 06:58:00,0.4324300,0.4331600,0.4324300,0.4331600,25827.5241300
2025-06-22 06:59:00,0.4331700,0.4344100,0.4331400,0.4341800,109029.1181600
2025-06-22 07:00:00,0.4341000,0.4342400,0.4332400,0.4333600,37549.7238800
2025-06-22 07:01:00,0.4333900,0.4338400,0.4331500,0.4335200,47555.7476100
2025-06-22 07:02:00,0.4333800,0.4334600,0.4326000,0.4327400,49563.7456000
2025-06-22 07:03:00,0.4326700,0.4326700,0.4314000,0.4319600,43527.2275500
2025-06-22 07:04:00,0.4320100,0.4335500,0.4319500,0.4332500,15721.2168500
2025-06-22 07:05:00,0.4332700,0.4334600,0.4330900,0.4333900,18142.3726700
2025-06-22 07:06:00,0.4333900,0.4344300,0.4332900,0.4340700,54291.1721500
2025-06-22 07:07:00,0.4340700,0.4344200,0.4337000,0.4337200,24190.2532300
2025-06-22 07:08:00,0.4337100,0.4341500,0.4329200,0.4341400,26830.9239500
2025-06-22 07:09:00,0.4341400,0.4359900,0.4335600,0.4358000,55289.1887200
2025-06-22 07:10:00,0.4358200,0.4366900,0.4351800,0.4351800,104373.8722300
2025-06-22 07:11:00,0.4351700,0.4354000,0.4334900,0.4337100,92828.8658200
2025-06-22 07:12:00,0.4336100,0.4342400,0.4334200,0.4340400,51502.3360000
2025-06-22 07:13:00,0.4340300,0.4340300,0.4325500,0.4327200,61295.2186400
2025-06-22 07:14:00,0.4326400,0.4342400,0.4326400,0.4339600,56030.3827700
2025-06-22 07:15:00,0.4339000,0.4342300,0.4327600,0.4327600,20299.9434700
2025-06-22 07:16:00,0.4327200,0.4329400,0.4322000,0.4324600,18223.2949600
2025-06-22 07:17:00,0.4324200,0.4329500,0.4321300,0.4323500,16518.5188500
2025-06-22 07:18:00,0.4323500,0.4330600,0.4316700,0.4326300,18957.1487400
2025-06-22 07:19:00,0.4326100,0.4331600,0.4323600,0.4330700,27569.4307900
2025-06-22 07:20:00,0.4329500,0.4336600,0.4325400,0.4326600,20950.8574600
2025-06-22 07:21:00,0.4326700,0.4328700,0.4317900,0.4328300,63210.2243200
2025-06-22 07:22:00,0.4327800,0.4329600,0.4320400,0.4326100,19547.2498200
2025-06-22 07:23:00,0.4324400,0.4342600,0.4323300,0.4339800,19498.8809100
2025-06-22 07:24:00,0.4339300,0.4339300,0.4321600,0.4324000,19189.8207900
2025-06-22 07:25:00,0.4323000,0.4328800,0.4323000,0.4324100,19917.6675100
2025-06-22 07:26:00,0.4324500,0.4328000,0.4320000,0.4324300,33900.6057700
2025-06-22 07:27:00,0.4325100,0.4331700,0.4321900,0.4322200,32080.3258200
2025-06-22 07:28:00,0.4322600,0.4327100,0.4321300,0.4321300,13231.6397600
2025-06-22 07:29:00,0.4321500,0.4337000,0.4321300,0.4337000,20324.9947000
2025-06-22 07:30:00,0.4337000,0.4345600,0.4332200,0.4339800,38017.7447800
2025-06-22 07:31:00,0.4339600,0.4343800,0.4337800,0.4341900,15551.3436400
2025-06-22 07:32:00,0.4341400,0.4341400,0.4325500,0.4325500,29082.6196800
2025-06-22 07:33:00,0.4324900,0.4335100,0.4324900,0.4329700,23810.6328700
2025-06-22 07:34:00,0.4329500,0.4332200,0.4326200,0.4329600,18355.5110800
2025-06-22 07:35:00,0.4331100,0.4337900,0.4327800,0.4327800,24226.9253400
2025-06-22 07:36:00,0.4328100,0.4336300,0.4325100,0.4326700,30572.8291600
2025-06-22 07:37:00,0.4326700,0.4330900,0.4326100,0.4326200,8502.0956800
2025-06-22 07:38:00,0.4326100,0.4330800,0.4324800,0.4328200,14507.5382300
2025-06-22 07:39:00,0.4327800,0.4327800,0.4314500,0.4314500,30358.8871700
2025-06-22 07:40:00,0.4315100,0.4319000,0.4312600,0.4317200,21917.0225200
2025-06-22 07:41:00,0.4317100,0.4317100,0.4303100,0.4310500,61277.9454900
2025-06-22 07:42:00,0.4310600,0.4315200,0.4308100,0.4310300,22939.3735100
2025-06-22 07:43:00,0.4310700,0.4313700,0.4306000,0.4309500,13127.8708300
2025-06-22 07:44:00,0.4309400,0.4317600,0.4309400,0.4313300,13975.6234500
2025-06-22 07:45:00,0.4313200,0.4313200,0.4307500,0.4308300,15817.3891100
2025-06-22 07:46:00,0.4307800,0.4316000,0.4305700,0.4316000,27481.7636200
2025-06-22 07:47:00,0.4316400,0.4328000,0.4316400,0.4327200,18323.2587900
2025-06-22 07:48:00,0.4327300,0.4332700,0.4326600,0.4332700,11958.8229700
2025-06-22 07:49:00,0.4332600,0.4333100,0.4325400,0.4330200,16337.2608500
2025-06-22 07:50:00,0.4330200,0.4334700,0.4328100,0.4329200,14281.4300000
2025-06-22 07:51:00,0.4329700,0.4334900,0.4329700,0.4334900,6437.2163800
2025-06-22 07:52:00,0.4334400,0.4338400,0.4332800,0.4335700,17931.0670100
2025-06-22 07:53:00,0.4335200,0.4338500,0.4332900,0.4338400,7185.1436800
2025-06-22 07:54:00,0.4338800,0.4341900,0.4333600,0.4333700,17274.0634600
2025-06-22 07:55:00,0.4335600,0.4335600,0.4325500,0.4329600,40463.6290500
2025-06-22 07:56:00,0.4328600,0.4337800,0.4326800,0.4326800,33200.0187900
2025-06-22 07:57:00,0.4326900,0.4329500,0.4320600,0.4323000,7317.5975100
2025-06-22 07:58:00,0.4322800,0.4324200,0.4317700,0.4322000,19623.8100800
2025-06-22 07:59:00,0.4322300,0.4322300,0.4311800,0.4311800,12382.9038900
2025-06-22 08:00:00,0.4311600,0.4321200,0.4310600,0.4317800,53507.9478400
2025-06-22 08:01:00,0.4317900,0.4323900,0.4317200,0.4317200,11398.1014500
2025-06-22 08:02:00,0.4317200,0.4323800,0.4314900,0.4323700,21265.8139000
2025-06-22 08:03:00,0.4323500,0.4344900,0.4323200,0.4343400,93969.5702100
2025-06-22 08:04:00,0.4344300,0.4351100,0.4342300,0.4345200,45142.8967600
2025-06-22 08:05:00,0.4345800,0.4357000,0.4345800,0.4353800,30116.7425700
2025-06-22 08:06:00,0.4354500,0.4358700,0.4351600,0.4351600,13611.6497400
2025-06-22 08:07:00,0.4351500,0.4359500,0.4351400,0.4359500,17494.8144900
2025-06-22 08:08:00,0.4359400,0.4362300,0.4356400,0.4362100,17617.3723500
2025-06-22 08:09:00,0.4361700,0.4371400,0.4361000,0.4371400,55353.2998100
2025-06-22 08:10:00,0.4371400,0.4376200,0.4369600,0.4373600,27188.7220500
2025-06-22 08:11:00,0.4374000,0.4380800,0.4365700,0.4366400,70840.4718600
2025-06-22 08:12:00,0.4365900,0.4367500,0.4358000,0.4362200,61597.1522600
2025-06-22 08:13:00,0.4362400,0.4365400,0.4357600,0.4359300,37177.8330800
2025-06-22 08:14:00,0.4359400,0.4362800,0.4356100,0.4362200,29422.2159300
2025-06-22 08:15:00,0.4361000,0.4363800,0.4356500,0.4362000,21313.3971800
2025-06-22 08:16:00,0.4361700,0.4366300,0.4360100,0.4365900,15039.0040300
2025-06-22 08:17:00,0.4366000,0.4380700,0.4363900,0.4375000,30054.8080800
2025-06-22 08:18:00,0.4374400,0.4377000,0.4372200,0.4375300,16431.7010300
2025-06-22 08:19:00,0.4375700,0.4386100,0.4375200,0.4382400,39151.0032500
2025-06-22 08:20:00,0.4382000,0.4386300,0.4380000,0.4380600,18611.7987400
2025-06-22 08:21:00,0.4380500,0.4384600,0.4376100,0.4378500,20083.6096300
2025-06-22 08:22:00,0.4378500,0.4380400,0.4374400,0.4374400,24478.3259300
2025-06-22 08:23:00,0.4374000,0.4379100,0.4373700,0.4378400,7146.8480500
2025-06-22 08:24:00,0.4377800,0.4380600,0.4372700,0.4373600,19161.3709900
2025-06-22 08:25:00,0.4373300,0.4381200,0.4369900,0.4381200,20612.4067100
2025-06-22 08:26:00,0.4381100,0.4385300,0.4376400,0.4381300,32742.9337600
2025-06-22 08:27:00,0.4380800,0.4387800,0.4374000,0.4381300,56850.3747800
2025-06-22 08:28:00,0.4380900,0.4383100,0.4375400,0.4375400,16664.1626900
2025-06-22 08:29:00,0.4375200,0.4385100,0.4373900,0.4383200,21842.8882800
2025-06-22 08:30:00,0.4381700,0.4383500,0.4366000,0.4367800,35276.3503100
2025-06-22 08:31:00,0.4367900,0.4372900,0.4367300,0.4367700,17218.5093500
2025-06-22 08:32:00,0.4367400,0.4370800,0.4363600,0.4366900,33375.3754400
2025-06-22 08:33:00,0.4366100,0.4366400,0.4362200,0.4364800,13346.7419400
2025-06-22 08:34:00,0.4364400,0.4367000,0.4354100,0.4355300,30812.6791000
2025-06-22 08:35:00,0.4355300,0.4362700,0.4354400,0.4357100,22402.8281000
2025-06-22 08:36:00,0.4356800,0.4357400,0.4345500,0.4346600,23017.4643700
2025-06-22 08:37:00,0.4346000,0.4350600,0.4344600,0.4346800,20036.6068900
2025-06-22 08:38:00,0.4346500,0.4350000,0.4344700,0.4347900,7378.6012200
2025-06-22 08:39:00,0.4348500,0.4349100,0.4347000,0.4347200,8867.8498800
2025-06-22 08:40:00,0.4347400,0.4351400,0.4344400,0.4346500,30332.6481000
2025-06-22 08:41:00,0.4346500,0.4347800,0.4336800,0.4340300,30361.3870200
2025-06-22 08:42:00,0.4340200,0.4344600,0.4339700,0.4343600,8689.3814800
2025-06-22 08:43:00,0.4343100,0.4348300,0.4336400,0.4342200,43294.5385700
2025-06-22 08:44:00,0.4342200,0.4346800,0.4339400,0.4344900,15656.3005500
2025-06-22 08:45:00,0.4344900,0.4357100,0.4343000,0.4356500,28250.0606700
2025-06-22 08:46:00,0.4356500,0.4363000,0.4355600,0.4356500,20090.2973800
2025-06-22 08:47:00,0.4356300,0.4366200,0.4355200,0.4366100,20308.8770000
2025-06-22 08:48:00,0.4365900,0.4373000,0.4363600,0.4370700,82152.2662500
2025-06-22 08:49:00,0.4370400,0.4377800,0.4369900,0.4370800,25126.7305100
2025-06-22 08:50:00,0.4370600,0.4370600,0.4358100,0.4363700,27851.7172800
2025-06-22 08:51:00,0.4364200,0.4369100,0.4362900,0.4364900,34786.9426700
2025-06-22 08:52:00,0.4363500,0.4369200,0.4360700,0.4360700,23882.5214700
2025-06-22 08:53:00,0.4360500,0.4362700,0.4358500,0.4361600,6035.0413300
2025-06-22 08:54:00,0.4361800,0.4364400,0.4356800,0.4357000,6724.6823300
2025-06-22 08:55:00,0.4356100,0.4359400,0.4350500,0.4356900,18363.5796800
2025-06-22 08:56:00,0.4357900,0.4367500,0.4357300,0.4365000,13255.7089500
2025-06-22 08:57:00,0.4364600,0.4383500,0.4364600,0.4377700,22310.9935500
2025-06-22 08:58:00,0.4377500,0.4394500,0.4377500,0.4394500,21142.3754900
2025-06-22 08:59:00,0.4395000,0.4406100,0.4393500,0.4398700,62007.2832000
2025-06-22 09:00:00,0.4399200,0.4410100,0.4395500,0.4407100,31960.3922600
2025-06-22 09:01:00,0.4406200,0.4413100,0.4404800,0.4410300,53437.2795100
2025-06-22 09:02:00,0.4411200,0.4413300,0.4396200,0.4398600,68321.9664500
2025-06-22 09:03:00,0.4398600,0.4399600,0.4396000,0.4396000,10137.9782800
2025-06-22 09:04:00,0.4396100,0.4398800,0.4388500,0.4388500,65288.5346300
2025-06-22 09:05:00,0.4388500,0.4395100,0.4378500,0.4379100,42907.8185400
2025-06-22 09:06:00,0.4378600,0.4386400,0.4378100,0.4383300,41304.1017200
2025-06-22 09:07:00,0.4383500,0.4394800,0.4379400,0.4394800,26882.7897800
2025-06-22 09:08:00,0.4394900,0.4394900,0.4382700,0.4383900,23408.7685500
2025-06-22 09:09:00,0.4384800,0.4386300,0.4379700,0.4380500,26296.9290300
2025-06-22 09:10:00,0.4381600,0.4393300,0.4381100,0.4392600,24613.8333700
2025-06-22 09:11:00,0.4393200,0.4401100,0.4392900,0.4399800,31831.2347100
2025-06-22 09:12:00,0.4399000,0.4405100,0.4399000,0.4405100,17954.7359600
2025-06-22 09:13:00,0.4405100,0.4412700,0.4405100,0.4410900,25476.0899000
2025-06-22 09:14:00,0.4411100,0.4418800,0.4409200,0.4414200,32974.9377300
2025-06-22 09:15:00,0.4415900,0.4426700,0.4415700,0.4425000,48684.3971400
2025-06-22 09:16:00,0.4425100,0.4426300,0.4414800,0.4417100,56196.5709700
2025-06-22 09:17:00,0.4417000,0.4437300,0.4412600,0.4434400,89515.9333200
2025-06-22 09:18:00,0.4434100,0.4434300,0.4421500,0.4425400,41904.3313300
2025-06-22 09:19:00,0.4424700,0.4446900,0.4424700,0.4442200,48829.1977300
2025-06-22 09:20:00,0.4442700,0.4453400,0.4441900,0.4444700,46977.7917400
2025-06-22 09:21:00,0.4445500,0.4448700,0.4444000,0.4444400,30904.6179700
2025-06-22 09:22:00,0.4444500,0.4449800,0.4426600,0.4431000,67991.5129600
2025-06-22 09:23:00,0.4429900,0.4430000,0.4416000,0.4421600,46002.5354300
2025-06-22 09:24:00,0.4421500,0.4423400,0.4416200,0.4422100,30836.6553800
2025-06-22 09:25:00,0.4422700,0.4423500,0.4414500,0.4415400,21316.5355900
2025-06-22 09:26:00,0.4415300,0.4421200,0.4412800,0.4421200,25143.9609300
2025-06-22 09:27:00,0.4421500,0.4422900,0.4414500,0.4415000,26160.9018700
2025-06-22 09:28:00,0.4414900,0.4439800,0.4414900,0.4433800,182123.0041400
2025-06-22 09:29:00,0.4433800,0.4434000,0.4429400,0.4429900,18735.7915900
2025-06-22 09:30:00,0.4429700,0.4434400,0.4423000,0.4434100,41640.1560000
2025-06-22 09:31:00,0.4434100,0.4439100,0.4431000,0.4433600,22084.8925400
2025-06-22 09:32:00,0.4433400,0.4438700,0.4433100,0.4436000,45002.9277100
2025-06-22 09:33:00,0.4437200,0.4447700,0.4437200,0.4447200,36439.0054600
2025-06-22 09:34:00,0.4447700,0.4449200,0.4440500,0.4442000,27753.3363800
2025-06-22 09:35:00,0.4443000,0.4444300,0.4435800,0.4440100,26589.0070500
2025-06-22 09:36:00,0.4440400,0.4446100,0.4431900,0.4442400,64198.8846200
2025-06-22 09:37:00,0.4442100,0.4448200,0.4437800,0.4447300,55474.6841500
2025-06-22 09:38:00,0.4447600,0.4447600,0.4442000,0.4444400,14657.8483700
2025-06-22 09:39:00,0.4445200,0.4455800,0.4439800,0.4455800,32651.3581200
2025-06-22 09:40:00,0.4455600,0.4463300,0.4447100,0.4447900,82622.9388000
2025-06-22 09:41:00,0.4448800,0.4451300,0.4446800,0.4447300,13418.3638400
2025-06-22 09:42:00,0.4447200,0.4447200,0.4435500,0.4435500,29176.9924700
2025-06-22 09:43:00,0.4436500,0.4438200,0.4431900,0.4436100,28882.0691100
2025-06-22 09:44:00,0.4435400,0.4438700,0.4430400,0.4433500,40074.8285900
2025-06-22 09:45:00,0.4433400,0.4441600,0.4430300,0.4439200,84220.3631300
2025-06-22 09:46:00,0.4439800,0.4441500,0.4433700,0.4438400,16985.7085900
2025-06-22 09:47:00,0.4438600,0.4449500,0.4432100,0.4448400,26225.2005600
2025-06-22 09:48:00,0.4447700,0.4452600,0.4444200,0.4446400,22773.2066200
2025-06-22 09:49:00,0.4445900,0.4454000,0.4442900,0.4450400,67462.8299900
2025-06-22 09:50:00,0.4450700,0.4455500,0.4444000,0.4454900,23088.1061600
2025-06-22 09:51:00,0.4454800,0.4457900,0.4449400,0.4451600,20837.4375700
2025-06-22 09:52:00,0.4452800,0.4454700,0.4448700,0.4450000,13086.2437100
2025-06-22 09:53:00,0.4449300,0.4450600,0.4444400,0.4447800,10066.8970300
2025-06-22 09:54:00,0.4447900,0.4454600,0.4445600,0.4450500,25429.0161300
2025-06-22 09:55:00,0.4451100,0.4451100,0.4443700,0.4443800,18938.8337000
2025-06-22 09:56:00,0.4446100,0.4454500,0.4446100,0.4453800,28340.6485700
2025-06-22 09:57:00,0.4452600,0.4452600,0.4442400,0.4442400,11670.2225900
2025-06-22 09:58:00,0.4443000,0.4452000,0.4443000,0.4449900,10955.0928300
2025-06-22 09:59:00,0.4450800,0.4453200,0.4444100,0.4452200,9556.7394300
2025-06-22 10:00:00,0.4451800,0.4451800,0.4442800,0.4444200,14671.6441200
2025-06-22 10:01:00,0.4444300,0.4447600,0.4442100,0.4444700,16422.4284300
2025-06-22 10:02:00,0.4444900,0.4446800,0.4438900,0.4439300,21978.5419500
2025-06-22 10:03:00,0.4438900,0.4439800,0.4432600,0.4436400,44588.2552200
2025-06-22 10:04:00,0.4436300,0.4441200,0.4434700,0.4439400,16628.8007300
2025-06-22 10:05:00,0.4440700,0.4443900,0.4433300,0.4440500,43643.6974400
2025-06-22 10:06:00,0.4440500,0.4445000,0.4438000,0.4438900,27010.8843400
2025-06-22 10:07:00,0.4439500,0.4450500,0.4439500,0.4446600,32977.4780600
2025-06-22 10:08:00,0.4447000,0.4447000,0.4438100,0.4440900,12894.5330700
2025-06-22 10:09:00,0.4440400,0.4443900,0.4435200,0.4442500,23818.0101100
2025-06-22 10:10:00,0.4442400,0.4449500,0.4440700,0.4441400,13956.2863600
2025-06-22 10:11:00,0.4442200,0.4451900,0.4441800,0.4446200,44653.0568700
2025-06-22 10:12:00,0.4446400,0.4448900,0.4440900,0.4448900,12096.7673600
2025-06-22 10:13:00,0.4448900,0.4448900,0.4438500,0.4439000,10258.8618300
2025-06-22 10:14:00,0.4439000,0.4448500,0.4439000,0.4448300,17673.3560500
2025-06-22 10:15:00,0.4448200,0.4454200,0.4442300,0.4444500,34977.5143500
2025-06-22 10:16:00,0.4444300,0.4446000,0.4438700,0.4440600,8017.7348500
2025-06-22 10:17:00,0.4441200,0.4441200,0.4430000,0.4436100,112920.8690400
2025-06-22 10:18:00,0.4436000,0.4436000,0.4430400,0.4432700,35531.9556000
2025-06-22 10:19:00,0.4432600,0.4438600,0.4428800,0.4432900,19045.6823800
2025-06-22 10:20:00,0.4432800,0.4433300,0.4423000,0.4428900,83479.5361700
2025-06-22 10:21:00,0.4430100,0.4436200,0.4430100,0.4434500,17886.3403800
2025-06-22 10:22:00,0.4434500,0.4437200,0.4431300,0.4435700,8708.1264800
2025-06-22 10:23:00,0.4436000,0.4436000,0.4418500,0.4419000,42996.4842400
2025-06-22 10:24:00,0.4419000,0.4427700,0.4417400,0.4420100,26365.7475100
2025-06-22 10:25:00,0.4419700,0.4424200,0.4417000,0.4422200,23037.0900200
2025-06-22 10:26:00,0.4422000,0.4425400,0.4420500,0.4422900,24936.7431400
2025-06-22 10:27:00,0.4422800,0.4431000,0.4421500,0.4429600,24948.7182000
2025-06-22 10:28:00,0.4429200,0.4429400,0.4420800,0.4424200,13763.3540100
2025-06-22 10:29:00,0.4424600,0.4426400,0.4419800,0.4419800,10382.1657400
2025-06-22 10:30:00,0.4420600,0.4420600,0.4404900,0.4407400,94058.4646600
2025-06-22 10:31:00,0.4408200,0.4409500,0.4399500,0.4401500,63131.3551300
2025-06-22 10:32:00,0.4401800,0.4407700,0.4399300,0.4400000,34786.7647200
2025-06-22 10:33:00,0.4400300,0.4403200,0.4397700,0.4399200,26320.4781200
2025-06-22 10:34:00,0.4398100,0.4399000,0.4394000,0.4396700,17919.3095100
2025-06-22 10:35:00,0.4395200,0.4397900,0.4392600,0.4395300,19484.6033300
2025-06-22 10:36:00,0.4395200,0.4395400,0.4384100,0.4390300,77430.6264200
2025-06-22 10:37:00,0.4390300,0.4392800,0.4384000,0.4389500,43816.2535400
2025-06-22 10:38:00,0.4388600,0.4393000,0.4384100,0.4384100,12324.1263700
2025-06-22 10:39:00,0.4384100,0.4386700,0.4379900,0.4385600,56504.8251100
2025-06-22 10:40:00,0.4386000,0.4392900,0.4383100,0.4385100,43842.3683000
2025-06-22 10:41:00,0.4385500,0.4390500,0.4383900,0.4384400,17417.2079700
2025-06-22 10:42:00,0.4384500,0.4394600,0.4384500,0.4392500,55983.7432000
2025-06-22 10:43:00,0.4392200,0.4392200,0.4383800,0.4386500,33402.1712100
2025-06-22 10:44:00,0.4387100,0.4391700,0.4384100,0.4390000,28073.4837700
2025-06-22 10:45:00,0.4390700,0.4390700,0.4377100,0.4378700,49208.4060400
2025-06-22 10:46:00,0.4379500,0.4383400,0.4371400,0.4372600,46182.8401300
2025-06-22 10:47:00,0.4371700,0.4376700,0.4371400,0.4375600,26201.3778000
2025-06-22 10:48:00,0.4375700,0.4379700,0.4374600,0.4378200,31927.2222400
2025-06-22 10:49:00,0.4378300,0.4383100,0.4373800,0.4375400,17857.0357400
2025-06-22 10:50:00,0.4375300,0.4387200,0.4373600,0.4387200,36397.6929800
2025-06-22 10:51:00,0.4387100,0.4387200,0.4382500,0.4383400,5376.7118500
2025-06-22 10:52:00,0.4383400,0.4386800,0.4380900,0.4380900,11711.1846100
2025-06-22 10:53:00,0.4380900,0.4380900,0.4375100,0.4376400,15143.8086500
2025-06-22 10:54:00,0.4376500,0.4379200,0.4372800,0.4379200,13435.5205000
2025-06-22 10:55:00,0.4378700,0.4380700,0.4375000,0.4376100,19452.7984800
2025-06-22 10:56:00,0.4377100,0.4386700,0.4377100,0.4383400,30220.7323500
2025-06-22 10:57:00,0.4383300,0.4383300,0.4379400,0.4382000,2636.7377200
2025-06-22 10:58:00,0.4380900,0.4382900,0.4375700,0.4377900,6334.5546800
2025-06-22 10:59:00,0.4377000,0.4381300,0.4376900,0.4381300,10492.6503300
2025-06-22 11:00:00,0.4381600,0.4386500,0.4381600,0.4381900,35321.2958500
2025-06-22 11:01:00,0.4382200,0.4384800,0.4376200,0.4382800,32028.6749900
2025-06-22 11:02:00,0.4382700,0.4383100,0.4376800,0.4378700,6918.8716700
2025-06-22 11:03:00,0.4379100,0.4394500,0.4379100,0.4391000,25135.3056400
2025-06-22 11:04:00,0.4390700,0.4391400,0.4385400,0.4387500,18430.2274200
2025-06-22 11:05:00,0.4386200,0.4386200,0.4375700,0.4377500,12370.6434500
2025-06-22 11:06:00,0.4377600,0.4382000,0.4376000,0.4378100,20402.8042700
2025-06-22 11:07:00,0.4377900,0.4377900,0.4354600,0.4358000,95755.7023700
2025-06-22 11:08:00,0.4357100,0.4363400,0.4354500,0.4359500,70953.5014900
2025-06-22 11:09:00,0.4359200,0.4360300,0.4353100,0.4354400,20284.9929000
2025-06-22 11:10:00,0.4354900,0.4357900,0.4353100,0.4356300,19045.3594400
2025-06-22 11:11:00,0.4356700,0.4369400,0.4356700,0.4368700,29790.9727200
2025-06-22 11:12:00,0.4368600,0.4369900,0.4358900,0.4359700,27753.3991000
2025-06-22 11:13:00,0.4360600,0.4372300,0.4360100,0.4372300,21282.3413600
2025-06-22 11:14:00,0.4372400,0.4375900,0.4363200,0.4363800,27536.7092100
2025-06-22 11:15:00,0.4363700,0.4363700,0.4357400,0.4361800,38931.4021000
2025-06-22 11:16:00,0.4362000,0.4364100,0.4359600,0.4363100,22585.0224200
2025-06-22 11:17:00,0.4363100,0.4364100,0.4356900,0.4361900,11421.4371700
2025-06-22 11:18:00,0.4361900,0.4367600,0.4361900,0.4365800,9906.2354400
2025-06-22 11:19:00,0.4365900,0.4368600,0.4361200,0.4368600,11381.9296700
2025-06-22 11:20:00,0.4368900,0.4370000,0.4362300,0.4367000,11303.8799900
2025-06-22 11:21:00,0.4368000,0.4368600,0.4361500,0.4363900,16070.4046000
2025-06-22 11:22:00,0.4363900,0.4372600,0.4360100,0.4360100,18385.5410200
2025-06-22 11:23:00,0.4360000,0.4365800,0.4359100,0.4365800,16347.0557700
2025-06-22 11:24:00,0.4365700,0.4365700,0.4355500,0.4357100,15939.7768600
2025-06-22 11:25:00,0.4356700,0.4359400,0.4351400,0.4359100,22688.9668500
2025-06-22 11:26:00,0.4359000,0.4364000,0.4357200,0.4363900,14871.0963200
2025-06-22 11:27:00,0.4364000,0.4369500,0.4363700,0.4367800,18533.3650600
2025-06-22 11:28:00,0.4366900,0.4373100,0.4366000,0.4372600,15110.4573300
2025-06-22 11:29:00,0.4372300,0.4373100,0.4358800,0.4371200,100577.8143300
2025-06-22 11:30:00,0.4371400,0.4377100,0.4368800,0.4370000,69233.5341700
2025-06-22 11:31:00,0.4369900,0.4369900,0.4358600,0.4358900,23442.8199500
2025-06-22 11:32:00,0.4358400,0.4360600,0.4353900,0.4353900,22345.2646900
2025-06-22 11:33:00,0.4354000,0.4363500,0.4352600,0.4357500,29480.8091600
2025-06-22 11:34:00,0.4357300,0.4359600,0.4355200,0.4357800,8436.1988000
2025-06-22 11:35:00,0.4358700,0.4361400,0.4355600,0.4361400,7646.2910800
2025-06-22 11:36:00,0.4360800,0.4363400,0.4357500,0.4357900,10300.6823900
2025-06-22 11:37:00,0.4358200,0.4360100,0.4356700,0.4359100,4745.1692200
2025-06-22 11:38:00,0.4358900,0.4363900,0.4358100,0.4361000,15874.7925500
2025-06-22 11:39:00,0.4361300,0.4363800,0.4360100,0.4363800,5921.0988400
2025-06-22 11:40:00,0.4363200,0.4367600,0.4363200,0.4367600,7422.4182000
2025-06-22 11:41:00,0.4368000,0.4370300,0.4362900,0.4363200,21431.0810800
2025-06-22 11:42:00,0.4363500,0.4369600,0.4359600,0.4368000,15231.1908900
2025-06-22 11:43:00,0.4368000,0.4375100,0.4366700,0.4374800,10529.6784800
2025-06-22 11:44:00,0.4374800,0.4377700,0.4368100,0.4370100,25090.6634900
2025-06-22 11:45:00,0.4369900,0.4372000,0.4364100,0.4365000,14066.4356900
2025-06-22 11:46:00,0.4365100,0.4367900,0.4361100,0.4361100,21400.1095000
2025-06-22 11:47:00,0.4361200,0.4362700,0.4356300,0.4356700,9072.8182900
2025-06-22 11:48:00,0.4356700,0.4362800,0.4356700,0.4360900,12269.5953500
2025-06-22 11:49:00,0.4361100,0.4362100,0.4355400,0.4357000,26766.1720500
2025-06-22 11:50:00,0.4357200,0.4360500,0.4350500,0.4354400,31947.1602700
2025-06-22 11:51:00,0.4354200,0.4356400,0.4351600,0.4354300,29366.5758100
2025-06-22 11:52:00,0.4352900,0.4352900,0.4348900,0.4352200,26386.4159300
2025-06-22 11:53:00,0.4352300,0.4359900,0.4350800,0.4357100,41983.2877100
2025-06-22 11:54:00,0.4356000,0.4358600,0.4349200,0.4349400,9764.7709400
2025-06-22 11:55:00,0.4349400,0.4349500,0.4345100,0.4347000,43499.5596100
2025-06-22 11:56:00,0.4346900,0.4348400,0.4338000,0.4342400,69758.2532200
2025-06-22 11:57:00,0.4342300,0.4349400,0.4341200,0.4346000,23990.1910200
2025-06-22 11:58:00,0.4346000,0.4346200,0.4339800,0.4346000,16981.5514000
2025-06-22 11:59:00,0.4345200,0.4347500,0.4344000,0.4345100,16058.7908000
2025-06-22 12:00:00,0.4345100,0.4354200,0.4341500,0.4353000,32965.5436100
2025-06-22 12:01:00,0.4352800,0.4357600,0.4348800,0.4353300,27864.0155700
2025-06-22 12:02:00,0.4353500,0.4353500,0.4342100,0.4342100,24573.0320500
2025-06-22 12:03:00,0.4342400,0.4348600,0.4333000,0.4348600,38656.3839500
2025-06-22 12:04:00,0.4347800,0.4356100,0.4347800,0.4351400,22375.4432600
2025-06-22 12:05:00,0.4351100,0.4351100,0.4340700,0.4341600,40982.6590300
2025-06-22 12:06:00,0.4342700,0.4342800,0.4335300,0.4337800,12150.3543100
2025-06-22 12:07:00,0.4337700,0.4337700,0.4326700,0.4326700,62111.0426500
2025-06-22 12:08:00,0.4326700,0.4330600,0.4322200,0.4325600,52263.2479600
2025-06-22 12:09:00,0.4326600,0.4326600,0.4320000,0.4324100,44838.5994500
2025-06-22 12:10:00,0.4324300,0.4332000,0.4324300,0.4331400,17070.3589000
2025-06-22 12:11:00,0.4331400,0.4331400,0.4326900,0.4329900,7805.8356300
2025-06-22 12:12:00,0.4329700,0.4333500,0.4324700,0.4330100,25521.8703600
2025-06-22 12:13:00,0.4329600,0.4331400,0.4327400,0.4328500,17559.8155600
2025-06-22 12:14:00,0.4328700,0.4338600,0.4328700,0.4338600,24948.4638200
2025-06-22 12:15:00,0.4338600,0.4350300,0.4335900,0.4347700,30305.4979400
2025-06-22 12:16:00,0.4348500,0.4349800,0.4343700,0.4346000,10707.0357100
2025-06-22 12:17:00,0.4346300,0.4346300,0.4339300,0.4339300,4822.2683100
2025-06-22 12:18:00,0.4339300,0.4340700,0.4328300,0.4328300,17103.8878900
2025-06-22 12:19:00,0.4328100,0.4335300,0.4327600,0.4334800,25795.2478700
2025-06-22 12:20:00,0.4334700,0.4339500,0.4331900,0.4332300,14029.0591600
2025-06-22 12:21:00,0.4333100,0.4334400,0.4327900,0.4329800,10658.0442900
2025-06-22 12:22:00,0.4329700,0.4333800,0.4321600,0.4321800,25524.6092900
2025-06-22 12:23:00,0.4322600,0.4326500,0.4317300,0.4319300,46056.6086800
2025-06-22 12:24:00,0.4320100,0.4325500,0.4317800,0.4320900,19879.1981500
2025-06-22 12:25:00,0.4320800,0.4326000,0.4315800,0.4317700,47316.9801700
2025-06-22 12:26:00,0.4316800,0.4317400,0.4306900,0.4311600,65103.4020700
2025-06-22 12:27:00,0.4310400,0.4316000,0.4308800,0.4315200,31158.8997100
2025-06-22 12:28:00,0.4314300,0.4319300,0.4311000,0.4316900,15864.6523100
2025-06-22 12:29:00,0.4317000,0.4317000,0.4309800,0.4311400,43269.2601900
2025-06-22 12:30:00,0.4312100,0.4320900,0.4308600,0.4319500,36148.7412600
2025-06-22 12:31:00,0.4319600,0.4322300,0.4313300,0.4314800,40801.1253500
2025-06-22 12:32:00,0.4314900,0.4318000,0.4307300,0.4311100,52140.1141900
2025-06-22 12:33:00,0.4311000,0.4317000,0.4309600,0.4313500,13318.7778700
2025-06-22 12:34:00,0.4313300,0.4326100,0.4306400,0.4326100,49713.3929700
2025-06-22 12:35:00,0.4326000,0.4333600,0.4318800,0.4322400,72071.7742300
2025-06-22 12:36:00,0.4322400,0.4323100,0.4317200,0.4322000,43470.0346300
2025-06-22 12:37:00,0.4322000,0.4329800,0.4315400,0.4315800,25796.3642100
2025-06-22 12:38:00,0.4315500,0.4317800,0.4308000,0.4313300,16591.0361700
2025-06-22 12:39:00,0.4313400,0.4326400,0.4313400,0.4326200,21803.9336500
2025-06-22 12:40:00,0.4326700,0.4329700,0.4323700,0.4328100,18581.7273700
2025-06-22 12:41:00,0.4327300,0.4341600,0.4326300,0.4340800,35761.9362500
2025-06-22 12:42:00,0.4339700,0.4346100,0.4337600,0.4342400,43117.4487800
2025-06-22 12:43:00,0.4343100,0.4343200,0.4332500,0.4334300,18260.1337400
2025-06-22 12:44:00,0.4334400,0.4337700,0.4329800,0.4331600,23731.2090900
2025-06-22 12:45:00,0.4331800,0.4334500,0.4324100,0.4325300,27350.6132200
2025-06-22 12:46:00,0.4324500,0.4337200,0.4319600,0.4337200,42295.8893600
2025-06-22 12:47:00,0.4337400,0.4342300,0.4328700,0.4328700,20773.7932000
2025-06-22 12:48:00,0.4328700,0.4337300,0.4328200,0.4336000,14768.6581800
2025-06-22 12:49:00,0.4336200,0.4342400,0.4333200,0.4339700,17332.3141900
2025-06-22 12:50:00,0.4339300,0.4341100,0.4332400,0.4337400,18672.2994900
2025-06-22 12:51:00,0.4336500,0.4343500,0.4335400,0.4343200,17331.6699500
2025-06-22 12:52:00,0.4343400,0.4346200,0.4328700,0.4328700,30470.0739500
2025-06-22 12:53:00,0.4328700,0.4329400,0.4314700,0.4327200,51048.8187800
2025-06-22 12:54:00,0.4326700,0.4330000,0.4320900,0.4324300,50904.7097600
2025-06-22 12:55:00,0.4325500,0.4331600,0.4325500,0.4328900,15532.7703700
2025-06-22 12:56:00,0.4328500,0.4333500,0.4324600,0.4326200,9581.8402200
2025-06-22 12:57:00,0.4326100,0.4329700,0.4318700,0.4323800,48659.8547600
2025-06-22 12:58:00,0.4323700,0.4323800,0.4315000,0.4319400,50450.9516000
2025-06-22 12:59:00,0.4319600,0.4326800,0.4319600,0.4321300,18572.3033700
2025-06-22 13:00:00,0.4322200,0.4324200,0.4318600,0.4318600,22488.6107800
2025-06-22 13:01:00,0.4318900,0.4328800,0.4316200,0.4324600,73448.3640300
2025-06-22 13:02:00,0.4322800,0.4324400,0.4309300,0.4313800,40327.8567300
2025-06-22 13:03:00,0.4313900,0.4320500,0.4310700,0.4320500,41931.3957800
2025-06-22 13:04:00,0.4320600,0.4330300,0.4316500,0.4320000,53289.8996800
2025-06-22 13:05:00,0.4319900,0.4320800,0.4312300,0.4312300,17010.5103000
2025-06-22 13:06:00,0.4312200,0.4323200,0.4309000,0.4318100,24385.1900900
2025-06-22 13:07:00,0.4318600,0.4327100,0.4317100,0.4326500,23809.7931100
2025-06-22 13:08:00,0.4326500,0.4329300,0.4323000,0.4323000,11886.7504600
2025-06-22 13:09:00,0.4322900,0.4337000,0.4319200,0.4335300,31953.8687200
2025-06-22 13:10:00,0.4335400,0.4338500,0.4325000,0.4325500,36680.0129700
2025-06-22 13:11:00,0.4326000,0.4332200,0.4323600,0.4327500,17738.7952100
2025-06-22 13:12:00,0.4327500,0.4330000,0.4316900,0.4322800,27752.5169200
2025-06-22 13:13:00,0.4323000,0.4324800,0.4316100,0.4320800,17521.4080300
2025-06-22 13:14:00,0.4320800,0.4334100,0.4319500,0.4334100,22768.7357000
2025-06-22 13:15:00,0.4334400,0.4341200,0.4324700,0.4326200,18624.8503400
2025-06-22 13:16:00,0.4326300,0.4335200,0.4324700,0.4325900,18184.6261000
2025-06-22 13:17:00,0.4325000,0.4331100,0.4325000,0.4326300,9048.1103500
2025-06-22 13:18:00,0.4327100,0.4338400,0.4322200,0.4334900,39426.5459800
2025-06-22 13:19:00,0.4334800,0.4338700,0.4332300,0.4338100,17351.3629100
2025-06-22 13:20:00,0.4337500,0.4345900,0.4337500,0.4344600,34069.4743300
2025-06-22 13:21:00,0.4345100,0.4345400,0.4325700,0.4327600,17048.4594700
2025-06-22 13:22:00,0.4329300,0.4334200,0.4326900,0.4329900,11418.3379300
2025-06-22 13:23:00,0.4329900,0.4338200,0.4328100,0.4337400,27411.0901200
2025-06-22 13:24:00,0.4337500,0.4341000,0.4334000,0.4334900,12566.1164800
2025-06-22 13:25:00,0.4335100,0.4339200,0.4334400,0.4336900,13284.4917500
2025-06-22 13:26:00,0.4337900,0.4342000,0.4332300,0.4338000,24416.8060500
2025-06-22 13:27:00,0.4337900,0.4341100,0.4335400,0.4339300,12599.0666400
2025-06-22 13:28:00,0.4338600,0.4341400,0.4331200,0.4332600,39558.9193500
2025-06-22 13:29:00,0.4332500,0.4336700,0.4328600,0.4328600,7684.6638000
2025-06-22 13:30:00,0.4328400,0.4330600,0.4326400,0.4328900,16605.3763400
2025-06-22 13:31:00,0.4328900,0.4330800,0.4326000,0.4329000,9613.6256400
2025-06-22 13:32:00,0.4328200,0.4328300,0.4324800,0.4326000,11204.2301900
2025-06-22 13:33:00,0.4325800,0.4328100,0.4324000,0.4327000,11994.4244100
2025-06-22 13:34:00,0.4327100,0.4333600,0.4325100,0.4333100,36321.3857100
2025-06-22 13:35:00,0.4332500,0.4338000,0.4328600,0.4336600,27171.7598200
2025-06-22 13:36:00,0.4337600,0.4342200,0.4336300,0.4339000,20411.9493600
2025-06-22 13:37:00,0.4338200,0.4342100,0.4333200,0.4334900,34086.4253800
2025-06-22 13:38:00,0.4334900,0.4337600,0.4332300,0.4333700,15070.1513800
2025-06-22 13:39:00,0.4333400,0.4340400,0.4333400,0.4339100,6430.9894200
2025-06-22 13:40:00,0.4340300,0.4341600,0.4336400,0.4340700,11243.9885700
2025-06-22 13:41:00,0.4340200,0.4350400,0.4338500,0.4350100,32897.8971400
2025-06-22 13:42:00,0.4350100,0.4358900,0.4346500,0.4348600,42706.7684000
2025-06-22 13:43:00,0.4349600,0.4354200,0.4348200,0.4349800,14757.1088100
2025-06-22 13:44:00,0.4349700,0.4354100,0.4340100,0.4343300,132078.4867600
2025-06-22 13:45:00,0.4344300,0.4350000,0.4343300,0.4348500,28378.6336100
2025-06-22 13:46:00,0.4349000,0.4349700,0.4344200,0.4344200,20594.7410500
2025-06-22 13:47:00,0.4344300,0.4346300,0.4332200,0.4333600,16089.8168000
2025-06-22 13:48:00,0.4333500,0.4333500,0.4321500,0.4325200,59063.6808100
2025-06-22 13:49:00,0.4326100,0.4330800,0.4320100,0.4320800,29057.4615000
2025-06-22 13:50:00,0.4320200,0.4322500,0.4315200,0.4320000,51644.7123600
2025-06-22 13:51:00,0.4320000,0.4325600,0.4320000,0.4321800,13933.8263700
2025-06-22 13:52:00,0.4321100,0.4324000,0.4317500,0.4322400,7286.8828500
2025-06-22 13:53:00,0.4322400,0.4322400,0.4317600,0.4317800,8862.1372600
2025-06-22 13:54:00,0.4317900,0.4319300,0.4314700,0.4319300,23817.6496800
2025-06-22 13:55:00,0.4319400,0.4319400,0.4285500,0.4293000,322382.0393500
2025-06-22 13:56:00,0.4293600,0.4294500,0.4289200,0.4293700,69632.5094600
2025-06-22 13:57:00,0.4293900,0.4296400,0.4285800,0.4290100,59637.0058100
2025-06-22 13:58:00,0.4290100,0.4291100,0.4285400,0.4286400,17332.6929000
2025-06-22 13:59:00,0.4285900,0.4291600,0.4278700,0.4287500,84198.0776500
2025-06-22 14:00:00,0.4288500,0.4290700,0.4279000,0.4280800,38875.4926000
2025-06-22 14:01:00,0.4280700,0.4286000,0.4278400,0.4281000,34135.7771400
2025-06-22 14:02:00,0.4280300,0.4284400,0.4276000,0.4284300,40141.6147200
2025-06-22 14:03:00,0.4284500,0.4285200,0.4268200,0.4273700,66588.6961700
2025-06-22 14:04:00,0.4273500,0.4276200,0.4267200,0.4276200,38498.4078600
2025-06-22 14:05:00,0.4276500,0.4288200,0.4276500,0.4287700,95794.5436200
2025-06-22 14:06:00,0.4285500,0.4291700,0.4280600,0.4291700,44139.3140300
2025-06-22 14:07:00,0.4291700,0.4293400,0.4277700,0.4277700,36532.6084000
2025-06-22 14:08:00,0.4277400,0.4287700,0.4277400,0.4287700,25084.5209700
2025-06-22 14:09:00,0.4287700,0.4287700,0.4250100,0.4260300,380612.4988200
2025-06-22 14:10:00,0.4259900,0.4266000,0.4256000,0.4261400,72513.1783100
2025-06-22 14:11:00,0.4261200,0.4269700,0.4261200,0.4266300,59859.6286900
2025-06-22 14:12:00,0.4267700,0.4278800,0.4266000,0.4278100,56027.1785300
2025-06-22 14:13:00,0.4277800,0.4279900,0.4268900,0.4273800,24229.9291200
2025-06-22 14:14:00,0.4275200,0.4280600,0.4275200,0.4276600,25903.6327400
2025-06-22 14:15:00,0.4276900,0.4279700,0.4270000,0.4273300,35199.1370800
2025-06-22 14:16:00,0.4272800,0.4280000,0.4268500,0.4280000,26453.5757200
2025-06-22 14:17:00,0.4279900,0.4286400,0.4275900,0.4285100,35789.9176600
2025-06-22 14:18:00,0.4285700,0.4304800,0.4282600,0.4303000,70300.5113300
2025-06-22 14:19:00,0.4303900,0.4306400,0.4300700,0.4305500,29631.0282600
2025-06-22 14:20:00,0.4305500,0.4313100,0.4303400,0.4306000,47758.7109900
2025-06-22 14:21:00,0.4306900,0.4307000,0.4296900,0.4298000,27027.4722400
2025-06-22 14:22:00,0.4298700,0.4301000,0.4292600,0.4293700,22502.6538100
2025-06-22 14:23:00,0.4292900,0.4293400,0.4283300,0.4283300,39520.2791000
2025-06-22 14:24:00,0.4283400,0.4286400,0.4281000,0.4281200,29681.9424900
2025-06-22 14:25:00,0.4281600,0.4282300,0.4268800,0.4270200,26471.4733300
2025-06-22 14:26:00,0.4270200,0.4279800,0.4268200,0.4277500,15506.1750700
2025-06-22 14:27:00,0.4277500,0.4288800,0.4272400,0.4288800,35557.0187400
2025-06-22 14:28:00,0.4289200,0.4293800,0.4284200,0.4293800,25777.1547900
2025-06-22 14:29:00,0.4294400,0.4297600,0.4293500,0.4296900,12058.2263700
2025-06-22 14:30:00,0.4296900,0.4298100,0.4294200,0.4296900,12870.4334300
2025-06-22 14:31:00,0.4296900,0.4297000,0.4279400,0.4283700,11094.4672700
2025-06-22 14:32:00,0.4285000,0.4291500,0.4281200,0.4282600,38464.5788300
2025-06-22 14:33:00,0.4283700,0.4285600,0.4276600,0.4277500,10611.7724800
2025-06-22 14:34:00,0.4277800,0.4279900,0.4275000,0.4276500,8159.2662100
2025-06-22 14:35:00,0.4276600,0.4276800,0.4265200,0.4265800,23021.1348700
2025-06-22 14:36:00,0.4266100,0.4270400,0.4265700,0.4269800,10939.7620800
2025-06-22 14:37:00,0.4269800,0.4271600,0.4265300,0.4269600,17766.4669100
2025-06-22 14:38:00,0.4270400,0.4281700,0.4270400,0.4281600,16266.1911000
2025-06-22 14:39:00,0.4282400,0.4288900,0.4279400,0.4286600,33432.9265500
2025-06-22 14:40:00,0.4287900,0.4287900,0.4281100,0.4281600,12778.8091300
2025-06-22 14:41:00,0.4282200,0.4287700,0.4274900,0.4278200,50207.8038100
2025-06-22 14:42:00,0.4278900,0.4279400,0.4270200,0.4274600,33079.3777300
2025-06-22 14:43:00,0.4274700,0.4279800,0.4271000,0.4276000,11385.6346000
2025-06-22 14:44:00,0.4276300,0.4278000,0.4271500,0.4274400,8455.6107900
2025-06-22 14:45:00,0.4274500,0.4275300,0.4270400,0.4270400,13337.4818300
2025-06-22 14:46:00,0.4270200,0.4270900,0.4241000,0.4243400,247078.9728400
2025-06-22 14:47:00,0.4245600,0.4245600,0.4231700,0.4233300,113329.0702900
2025-06-22 14:48:00,0.4233300,0.4240600,0.4231700,0.4238800,72994.2472400
2025-06-22 14:49:00,0.4238800,0.4238800,0.4230700,0.4237600,25918.0215000
2025-06-22 14:50:00,0.4237700,0.4248200,0.4237700,0.4247900,38820.5357200
2025-06-22 14:51:00,0.4247500,0.4252500,0.4243100,0.4251800,32241.2928400
2025-06-22 14:52:00,0.4251900,0.4257400,0.4251900,0.4256200,22082.4997700
2025-06-22 14:53:00,0.4256400,0.4266600,0.4256400,0.4264700,24561.8851200
2025-06-22 14:54:00,0.4265000,0.4267700,0.4263200,0.4267700,7679.0182600
2025-06-22 14:55:00,0.4267700,0.4270500,0.4260400,0.4260400,40547.7591300
2025-06-22 14:56:00,0.4260100,0.4260100,0.4248400,0.4253900,63254.4739600
2025-06-22 14:57:00,0.4253800,0.4258800,0.4251500,0.4258300,32172.9353000
2025-06-22 14:58:00,0.4258500,0.4259400,0.4254900,0.4254900,16661.2206000
2025-06-22 14:59:00,0.4254800,0.4259500,0.4252000,0.4259500,11039.3673900
2025-06-22 15:00:00,0.4259900,0.4260000,0.4241000,0.4244200,68934.8037100
2025-06-22 15:01:00,0.4244500,0.4251000,0.4242200,0.4245600,21188.2084100
2025-06-22 15:02:00,0.4245300,0.4249900,0.4241100,0.4241600,24376.5731500
2025-06-22 15:03:00,0.4243300,0.4245600,0.4233700,0.4237000,24542.8763300
2025-06-22 15:04:00,0.4237100,0.4247800,0.4237100,0.4247800,23853.6345500
2025-06-22 15:05:00,0.4247800,0.4248900,0.4233600,0.4241800,55321.1786400
2025-06-22 15:06:00,0.4242200,0.4255500,0.4238900,0.4252400,37575.0914400
2025-06-22 15:07:00,0.4251900,0.4272600,0.4249500,0.4261900,127531.7595600
2025-06-22 15:08:00,0.4262100,0.4265600,0.4257200,0.4257200,19720.8430400
2025-06-22 15:09:00,0.4257800,0.4267500,0.4251800,0.4259400,24940.0202300
2025-06-22 15:10:00,0.4259400,0.4271200,0.4251700,0.4253200,37565.7089500
2025-06-22 15:11:00,0.4253500,0.4255500,0.4238400,0.4240200,45890.8449800
2025-06-22 15:12:00,0.4238900,0.4241500,0.4236400,0.4236900,30200.3508200
2025-06-22 15:13:00,0.4236000,0.4242400,0.4234000,0.4241300,39094.7502000
2025-06-22 15:14:00,0.4240900,0.4247600,0.4240900,0.4241400,21119.0218500
2025-06-22 15:15:00,0.4240600,0.4245300,0.4235100,0.4235100,17156.2341000
2025-06-22 15:16:00,0.4236700,0.4237200,0.4225600,0.4227000,47155.8591000
2025-06-22 15:17:00,0.4226900,0.4234000,0.4220200,0.4226900,49787.2285600
2025-06-22 15:18:00,0.4226900,0.4227400,0.4216800,0.4217200,30147.4383900
2025-06-22 15:19:00,0.4216900,0.4222500,0.4213600,0.4221800,75514.0033500
2025-06-22 15:20:00,0.4221900,0.4224300,0.4215400,0.4219300,19667.1032100
2025-06-22 15:21:00,0.4218700,0.4226300,0.4214100,0.4223300,75822.1411100
2025-06-22 15:22:00,0.4223200,0.4224500,0.4214300,0.4217200,20538.4044800
2025-06-22 15:23:00,0.4217200,0.4219800,0.4214100,0.4218100,26651.5852300
2025-06-22 15:24:00,0.4218100,0.4224600,0.4214500,0.4220800,40220.7758000
2025-06-22 15:25:00,0.4220900,0.4226900,0.4218000,0.4220000,69536.7682500
2025-06-22 15:26:00,0.4220600,0.4222200,0.4212900,0.4219500,54089.5938900
2025-06-22 15:27:00,0.4219600,0.4221100,0.4215200,0.4218100,15017.5493500
2025-06-22 15:28:00,0.4218000,0.4218000,0.4211100,0.4213700,21625.7608400
2025-06-22 15:29:00,0.4214200,0.4214300,0.4207900,0.4210300,29918.3410100
2025-06-22 15:30:00,0.4211700,0.4215500,0.4208200,0.4210000,37191.9623400
2025-06-22 15:31:00,0.4209900,0.4209900,0.4203000,0.4203300,75114.2282700
2025-06-22 15:32:00,0.4204100,0.4204600,0.4199300,0.4200400,44003.0490500
2025-06-22 15:33:00,0.4199900,0.4199900,0.4184000,0.4184800,188742.0948600
2025-06-22 15:34:00,0.4184800,0.4192200,0.4184400,0.4191000,54325.7984100
2025-06-22 15:35:00,0.4190700,0.4190800,0.4183600,0.4183600,49171.7559000
2025-06-22 15:36:00,0.4183700,0.4185200,0.4176400,0.4179500,54912.0744600
2025-06-22 15:37:00,0.4179300,0.4181500,0.4174100,0.4178800,57285.9664000
2025-06-22 15:38:00,0.4178800,0.4179700,0.4172800,0.4176100,47151.7340200
2025-06-22 15:39:00,0.4176100,0.4181400,0.4173200,0.4174400,24038.9845400
2025-06-22 15:40:00,0.4174400,0.4176900,0.4163900,0.4165400,68487.1778200
2025-06-22 15:41:00,0.4165300,0.4167800,0.4162000,0.4167800,34819.4014300
2025-06-22 15:42:00,0.4168000,0.4176800,0.4167200,0.4168200,26531.5590000
2025-06-22 15:43:00,0.4168400,0.4175700,0.4168400,0.4174800,30642.9834800
2025-06-22 15:44:00,0.4175400,0.4180100,0.4172900,0.4173000,36544.7474900
2025-06-22 15:45:00,0.4172800,0.4172800,0.4161500,0.4165500,59483.6378400
2025-06-22 15:46:00,0.4166800,0.4169400,0.4162100,0.4169400,44950.4677100
2025-06-22 15:47:00,0.4169200,0.4171300,0.4165000,0.4170400,34352.1501700
2025-06-22 15:48:00,0.4170400,0.4177400,0.4160300,0.4177400,94692.6794600
2025-06-22 15:49:00,0.4177700,0.4186000,0.4173400,0.4183900,37673.3536000
2025-06-22 15:50:00,0.4184000,0.4185500,0.4176400,0.4179600,27105.2313200
2025-06-22 15:51:00,0.4178500,0.4185200,0.4176500,0.4185000,20312.3052700
2025-06-22 15:52:00,0.4183400,0.4198600,0.4181600,0.4197400,35878.8202800
2025-06-22 15:53:00,0.4197300,0.4211600,0.4197300,0.4210100,66942.7989700
2025-06-22 15:54:00,0.4210000,0.4225600,0.4210000,0.4214300,104186.7570700
2025-06-22 15:55:00,0.4215200,0.4226600,0.4215200,0.4226100,41262.7910400
2025-06-22 15:56:00,0.4226500,0.4232600,0.4220500,0.4232000,57988.9130400
2025-06-22 15:57:00,0.4232300,0.4235200,0.4225300,0.4228000,68221.9866600
2025-06-22 15:58:00,0.4227900,0.4235000,0.4220000,0.4226300,45074.1977700
2025-06-22 15:59:00,0.4226100,0.4235500,0.4226100,0.4227400,38104.7648800
2025-06-22 16:00:00,0.4227700,0.4231800,0.4220800,0.4227800,36760.7001900
2025-06-22 16:01:00,0.4227000,0.4231600,0.4223200,0.4228500,44480.5415600
2025-06-22 16:02:00,0.4228400,0.4232600,0.4224700,0.4224700,46439.1830700
2025-06-22 16:03:00,0.4224800,0.4231600,0.4220600,0.4220600,28111.8149200
2025-06-22 16:04:00,0.4220400,0.4227300,0.4212700,0.4224800,12318.1720300
2025-06-22 16:05:00,0.4225800,0.4242500,0.4225600,0.4231400,104694.8822900
2025-06-22 16:06:00,0.4232000,0.4235400,0.4220600,0.4222000,34533.9219600
2025-06-22 16:07:00,0.4221700,0.4222800,0.4215700,0.4216800,31855.7993400
2025-06-22 16:08:00,0.4215900,0.4221400,0.4213600,0.4221400,17577.3364800
2025-06-22 16:09:00,0.4221900,0.4224500,0.4215100,0.4217000,21957.8292300
2025-06-22 16:10:00,0.4216700,0.4217700,0.4197200,0.4197700,115189.5340400
2025-06-22 16:11:00,0.4198600,0.4202400,0.4190000,0.4193000,69007.1934600
2025-06-22 16:12:00,0.4193300,0.4193300,0.4175800,0.4178200,59360.0708600
2025-06-22 16:13:00,0.4178300,0.4181900,0.4170400,0.4177500,92350.8307300
2025-06-22 16:14:00,0.4177800,0.4183500,0.4164700,0.4165200,94608.3960200
2025-06-22 16:15:00,0.4165100,0.4167700,0.4138100,0.4145400,247848.6871100
2025-06-22 16:16:00,0.4145900,0.4148900,0.4138700,0.4144000,130600.3859100
2025-06-22 16:17:00,0.4144200,0.4148200,0.4133300,0.4142400,150666.8406500
2025-06-22 16:18:00,0.4142600,0.4143000,0.4134300,0.4141100,66711.5378700
2025-06-22 16:19:00,0.4139600,0.4143900,0.4118400,0.4121300,165932.8853200
2025-06-22 16:20:00,0.4121600,0.4124800,0.4106000,0.4123200,184221.7994600
2025-06-22 16:21:00,0.4122800,0.4124500,0.4104200,0.4121000,228381.9746900
2025-06-22 16:22:00,0.4119300,0.4123700,0.4116100,0.4120000,78369.8535100
2025-06-22 16:23:00,0.4119100,0.4127200,0.4111400,0.4118400,219050.7362200
2025-06-22 16:24:00,0.4118400,0.4130900,0.4112400,0.4116500,106816.3191500
2025-06-22 16:25:00,0.4116300,0.4117500,0.4088900,0.4109000,327172.0651000
2025-06-22 16:26:00,0.4107100,0.4107100,0.4089800,0.4099000,229658.8145900
2025-06-22 16:27:00,0.4099700,0.4102500,0.4075100,0.4085800,344427.1824100
2025-06-22 16:28:00,0.4085100,0.4090500,0.4053100,0.4086800,480988.2894100
2025-06-22 16:29:00,0.4085900,0.4101800,0.4073900,0.4092400,371831.6929900
2025-06-22 16:30:00,0.4092600,0.4108000,0.4075400,0.4079100,327476.5979100
2025-06-22 16:31:00,0.4078300,0.4106900,0.4075000,0.4096000,225285.4970100
2025-06-22 16:32:00,0.4096000,0.4114500,0.4084200,0.4106000,249415.4832500
2025-06-22 16:33:00,0.4105300,0.4110700,0.4093700,0.4094600,155305.4201500
2025-06-22 16:34:00,0.4094600,0.4103000,0.4085100,0.4087500,151990.5269900
2025-06-22 16:35:00,0.4086800,0.4111700,0.4085200,0.4085200,143168.6742800
2025-06-22 16:36:00,0.4084600,0.4092400,0.4078600,0.4089100,129517.2902200
2025-06-22 16:37:00,0.4088800,0.4091000,0.4077800,0.4080200,66669.7889400
2025-06-22 16:38:00,0.4077900,0.4088300,0.4068900,0.4071300,138730.9049300
2025-06-22 16:39:00,0.4070600,0.4075200,0.4057000,0.4057000,146949.8973700
2025-06-22 16:40:00,0.4056500,0.4066100,0.4048900,0.4065200,136011.2366200
2025-06-22 16:41:00,0.4064900,0.4064900,0.4047900,0.4056900,158548.7962300
2025-06-22 16:42:00,0.4055200,0.4058500,0.4045600,0.4048700,125794.8269500
2025-06-22 16:43:00,0.4047100,0.4066100,0.4027900,0.4049700,218121.2111700
2025-06-22 16:44:00,0.4049700,0.4052300,0.4036000,0.4043600,124395.0075900
2025-06-22 16:45:00,0.4043200,0.4062500,0.4040100,0.4051500,209198.6059600
2025-06-22 16:46:00,0.4050700,0.4079900,0.4050700,0.4079900,150546.9291700
2025-06-22 16:47:00,0.4079200,0.4082500,0.4061000,0.4061000,79519.1049400
2025-06-22 16:48:00,0.4062700,0.4090100,0.4062700,0.4072100,114504.4922700
2025-06-22 16:49:00,0.4073400,0.4086500,0.4073400,0.4080300,59177.8893000
2025-06-22 16:50:00,0.4080700,0.4085400,0.4070800,0.4085400,71362.7036300
2025-06-22 16:51:00,0.4084900,0.4096500,0.4077100,0.4083000,128027.6867000
2025-06-22 16:52:00,0.4082800,0.4097700,0.4082100,0.4082100,84337.6442800
2025-06-22 16:53:00,0.4083400,0.4088300,0.4076500,0.4080600,30874.4276000
2025-06-22 16:54:00,0.4079800,0.4090400,0.4077100,0.4080800,38207.5690600
2025-06-22 16:55:00,0.4079900,0.4096700,0.4077900,0.4089200,65755.1391400
2025-06-22 16:56:00,0.4090100,0.4092900,0.4080500,0.4089000,46430.1636300
2025-06-22 16:57:00,0.4089100,0.4095500,0.4087000,0.4092700,46766.8287000
2025-06-22 16:58:00,0.4092500,0.4103700,0.4083700,0.4086900,53322.8720300
2025-06-22 16:59:00,0.4087700,0.4089300,0.4082800,0.4085300,16330.1698100
2025-06-22 17:00:00,0.4084900,0.4091200,0.4081400,0.4085000,50240.3133400
2025-06-22 17:01:00,0.4085400,0.4088800,0.4077300,0.4087100,65471.5525300
2025-06-22 17:02:00,0.4088600,0.4105600,0.4083700,0.4100600,66030.2682200
2025-06-22 17:03:00,0.4101000,0.4107000,0.4086300,0.4092300,73340.9506500
2025-06-22 17:04:00,0.4092500,0.4112600,0.4086500,0.4087600,125182.2903400
2025-06-22 17:05:00,0.4087500,0.4094900,0.4075400,0.4075400,37864.9650500
2025-06-22 17:06:00,0.4075300,0.4083300,0.4066500,0.4077900,122391.2531800
2025-06-22 17:07:00,0.4077000,0.4077500,0.4054800,0.4060000,70993.7899600
2025-06-22 17:08:00,0.4059300,0.4067000,0.4056000,0.4066900,31386.2714800
2025-06-22 17:09:00,0.4067100,0.4067500,0.4056300,0.4061600,34200.1725800
2025-06-22 17:10:00,0.4063200,0.4070700,0.4052600,0.4057500,38914.7661200
2025-06-22 17:11:00,0.4057600,0.4057600,0.4038000,0.4038800,49332.4708000
2025-06-22 17:12:00,0.4038800,0.4047000,0.4034000,0.4036700,49061.0979900
2025-06-22 17:13:00,0.4036900,0.4037000,0.4026700,0.4030000,41740.4725100
2025-06-22 17:14:00,0.4029600,0.4033500,0.4024700,0.4025100,73489.5756400
2025-06-22 17:15:00,0.4026300,0.4032700,0.4024900,0.4028800,45565.0166000
2025-06-22 17:16:00,0.4029300,0.4030700,0.4024400,0.4026700,42164.1687000
2025-06-22 17:17:00,0.4027900,0.4035400,0.4020400,0.4032700,105088.2327100
2025-06-22 17:18:00,0.4032800,0.4034000,0.4020000,0.4028200,104832.1315700
2025-06-22 17:19:00,0.4028100,0.4038700,0.4019600,0.4029000,164897.1833400
2025-06-22 17:20:00,0.4029100,0.4031000,0.4012900,0.4013700,96708.4952400
2025-06-22 17:21:00,0.4013800,0.4019400,0.4002900,0.4010600,159193.2775800
2025-06-22 17:22:00,0.4010000,0.4014900,0.3978500,0.3994200,660994.3681300
2025-06-22 17:23:00,0.3994500,0.3994500,0.3976900,0.3977900,194578.4944400
2025-06-22 17:24:00,0.3978900,0.3979200,0.3957000,0.3970500,266947.7401300
2025-06-22 17:25:00,0.3969900,0.3992500,0.3968200,0.3979100,223902.9660900
2025-06-22 17:26:00,0.3979000,0.3994300,0.3969500,0.3992400,279416.9893600
2025-06-22 17:27:00,0.3993300,0.3997100,0.3984900,0.3987100,126791.8700300
2025-06-22 17:28:00,0.3986800,0.3993600,0.3981100,0.3987600,84571.5614900
2025-06-22 17:29:00,0.3986900,0.3994100,0.3980000,0.3983500,70689.8736900
2025-06-22 17:30:00,0.3984000,0.4014500,0.3975900,0.4004100,161919.4157900
2025-06-22 17:31:00,0.4004200,0.4017800,0.4001800,0.4006200,182877.8446600
2025-06-22 17:32:00,0.4004600,0.4022100,0.3995200,0.4022100,178755.7176300
2025-06-22 17:33:00,0.4021400,0.4041600,0.4018200,0.4031600,251612.9570300
2025-06-22 17:34:00,0.4033100,0.4045400,0.4023600,0.4023600,101090.7205600
2025-06-22 17:35:00,0.4024700,0.4029800,0.4016400,0.4016400,64496.1787900
2025-06-22 17:36:00,0.4016400,0.4022200,0.4007400,0.4008000,81962.2057700
2025-06-22 17:37:00,0.4007500,0.4020700,0.4007500,0.4015300,91954.0298300
2025-06-22 17:38:00,0.4015800,0.4027100,0.4005800,0.4023700,97154.4382800
2025-06-22 17:39:00,0.4025000,0.4037300,0.4019000,0.4019000,76582.2373600
2025-06-22 17:40:00,0.4019400,0.4027600,0.4017000,0.4021600,47872.2899800
2025-06-22 17:41:00,0.4022100,0.4023600,0.4013500,0.4014500,41334.1543300
2025-06-22 17:42:00,0.4014300,0.4014400,0.3999800,0.4007900,122846.0504300
2025-06-22 17:43:00,0.4006700,0.4013500,0.4001600,0.4010500,94758.1483400
2025-06-22 17:44:00,0.4011500,0.4021100,0.4008300,0.4012500,115109.0646100
2025-06-22 17:45:00,0.4012600,0.4012800,0.3999400,0.4012800,71830.8194000
2025-06-22 17:46:00,0.4012500,0.4026500,0.4006000,0.4020100,63680.3558800
2025-06-22 17:47:00,0.4020100,0.4038900,0.4016700,0.4036200,95673.9843400
2025-06-22 17:48:00,0.4036000,0.4060400,0.4035900,0.4053200,200228.5827300
2025-06-22 17:49:00,0.4054300,0.4066900,0.4054200,0.4057400,87152.3469400
2025-06-22 17:50:00,0.4057700,0.4079100,0.4056400,0.4075700,126571.7204100
2025-06-22 17:51:00,0.4075800,0.4097700,0.4074900,0.4083400,121668.4093700
2025-06-22 17:52:00,0.4084900,0.4089400,0.4067200,0.4067200,187195.7894300
2025-06-22 17:53:00,0.4067100,0.4083500,0.4067000,0.4075200,84192.5066500
2025-06-22 17:54:00,0.4075200,0.4086000,0.4071800,0.4077200,51441.4950900
2025-06-22 17:55:00,0.4075400,0.4081200,0.4070500,0.4072300,44830.8230500
2025-06-22 17:56:00,0.4072800,0.4077000,0.4053400,0.4053400,124571.4436300
2025-06-22 17:57:00,0.4054000,0.4065500,0.4048200,0.4051300,59227.6585300
2025-06-22 17:58:00,0.4052300,0.4067500,0.4052300,0.4065000,40397.9106800
2025-06-22 17:59:00,0.4065500,0.4080500,0.4064600,0.4072900,46021.4483500
2025-06-22 18:00:00,0.4073400,0.4075800,0.4051600,0.4055400,69805.3359400
2025-06-22 18:01:00,0.4056700,0.4064400,0.4048200,0.4051600,36430.1265600
2025-06-22 18:02:00,0.4049300,0.4064500,0.4046700,0.4061600,78282.3427900
2025-06-22 18:03:00,0.4062300,0.4064500,0.4054500,0.4056300,97827.8067400
2025-06-22 18:04:00,0.4057000,0.4069700,0.4046500,0.4046800,100083.9334300
2025-06-22 18:05:00,0.4046400,0.4056800,0.4044700,0.4053200,61713.2813400
2025-06-22 18:06:00,0.4051600,0.4057100,0.4045300,0.4047800,52383.3066000
2025-06-22 18:07:00,0.4047100,0.4051600,0.4038300,0.4040500,49258.2518700
2025-06-22 18:08:00,0.4041300,0.4050300,0.4040800,0.4045800,111786.7544800
2025-06-22 18:09:00,0.4044300,0.4053700,0.4038900,0.4041600,91104.7909200
2025-06-22 18:10:00,0.4040500,0.4041600,0.4027100,0.4027100,41310.1239500
2025-06-22 18:11:00,0.4027600,0.4037400,0.4027600,0.4030700,52993.5155400
2025-06-22 18:12:00,0.4030700,0.4033500,0.4014000,0.4030100,120921.5799300
2025-06-22 18:13:00,0.4030100,0.4033500,0.4027300,0.4030300,36466.8992900
2025-06-22 18:14:00,0.4031600,0.4031600,0.4015800,0.4015800,22354.3991400
2025-06-22 18:15:00,0.4016700,0.4034100,0.4014600,0.4025300,52111.7248900
2025-06-22 18:16:00,0.4024700,0.4025400,0.4013300,0.4014400,77622.3217700
2025-06-22 18:17:00,0.4014800,0.4032000,0.4013300,0.4032000,37660.4301700
2025-06-22 18:18:00,0.4031400,0.4039000,0.4023600,0.4023600,124063.8181700
2025-06-22 18:19:00,0.4023000,0.4041300,0.4023000,0.4033500,101042.1017200
2025-06-22 18:20:00,0.4033400,0.4036400,0.4020100,0.4020600,113031.2389500
2025-06-22 18:21:00,0.4021000,0.4025600,0.4007200,0.4007200,93739.6576600
2025-06-22 18:22:00,0.4007400,0.4012400,0.4002000,0.4009600,74971.6199000
2025-06-22 18:23:00,0.4009900,0.4015000,0.4005000,0.4005000,43036.4059700
2025-06-22 18:24:00,0.4004700,0.4011700,0.3998800,0.4002400,69761.0313800
2025-06-22 18:25:00,0.4002500,0.4002600,0.3990300,0.3992800,152067.7716900
2025-06-22 18:26:00,0.3992600,0.3996000,0.3985800,0.3987900,53855.1052200
2025-06-22 18:27:00,0.3988700,0.3991000,0.3980200,0.3982600,79699.2143200
2025-06-22 18:28:00,0.3982800,0.3984900,0.3973900,0.3974700,139305.1957100
2025-06-22 18:29:00,0.3975200,0.3981900,0.3973900,0.3979500,55972.5317000
2025-06-22 18:30:00,0.3979700,0.3987000,0.3979000,0.3986300,61464.0775000
2025-06-22 18:31:00,0.3986300,0.3991400,0.3984300,0.3989900,58055.3177100
2025-06-22 18:32:00,0.3989800,0.3991700,0.3982900,0.3989700,55862.4836800
2025-06-22 18:33:00,0.3990100,0.3998000,0.3986800,0.3997100,50857.5657900
2025-06-22 18:34:00,0.3996500,0.3998000,0.3989400,0.3990000,39397.9528200
2025-06-22 18:35:00,0.3990000,0.3991400,0.3981900,0.3982300,31802.8677500
2025-06-22 18:36:00,0.3982600,0.3984300,0.3978100,0.3980200,57827.9813200
2025-06-22 18:37:00,0.3980200,0.3986700,0.3978900,0.3982400,29612.4392000
2025-06-22 18:38:00,0.3982200,0.3984000,0.3977700,0.3982200,23222.2052500
2025-06-22 18:39:00,0.3983200,0.3984900,0.3981400,0.3983200,23101.1087100
2025-06-22 18:40:00,0.3982200,0.3982300,0.3972900,0.3974500,31180.7488500
2025-06-22 18:41:00,0.3975300,0.3976500,0.3970900,0.3975400,56733.7260800
2025-06-22 18:42:00,0.3975500,0.3975500,0.3970300,0.3974400,45318.3155000
2025-06-22 18:43:00,0.3974400,0.3975000,0.3970900,0.3974600,33511.9381100
2025-06-22 18:44:00,0.3974700,0.3975300,0.3971200,0.3971800,34582.6496800
2025-06-22 18:45:00,0.3972400,0.3980300,0.3971800,0.3978500,59464.5105000
2025-06-22 18:46:00,0.3979300,0.3985100,0.3978200,0.3981800,50425.7092500
2025-06-22 18:47:00,0.3982000,0.3990600,0.3979900,0.3981900,39755.6190800
2025-06-22 18:48:00,0.3981900,0.3985000,0.3978200,0.3978900,26656.1072000
2025-06-22 18:49:00,0.3979400,0.3983500,0.3977600,0.3977600,20203.1151900
2025-06-22 18:50:00,0.3978100,0.3979000,0.3972300,0.3973100,23532.2706300
2025-06-22 18:51:00,0.3973200,0.3976600,0.3968500,0.3973500,52522.8289300
2025-06-22 18:52:00,0.3974000,0.3982300,0.3974000,0.3975600,31370.6966700
2025-06-22 18:53:00,0.3975700,0.3977100,0.3967200,0.3968100,37381.7596800
2025-06-22 18:54:00,0.3968600,0.3973500,0.3968600,0.3972700,11417.1040500
2025-06-22 18:55:00,0.3973100,0.3975500,0.3972200,0.3973500,16699.9647700
2025-06-22 18:56:00,0.3973400,0.3974700,0.3967400,0.3967400,31328.5877300
2025-06-22 18:57:00,0.3967600,0.3970400,0.3960100,0.3963600,133501.5442700
2025-06-22 18:58:00,0.3962300,0.3965100,0.3957000,0.3964300,64360.9773800
2025-06-22 18:59:00,0.3964200,0.3972000,0.3964200,0.3967900,85115.1367800
2025-06-22 19:00:00,0.3969000,0.3988600,0.3966500,0.3983400,199170.5742300
2025-06-22 19:01:00,0.3983100,0.3985800,0.3976700,0.3979300,93252.6511200
2025-06-22 19:02:00,0.3980600,0.3982800,0.3973900,0.3974100,98872.3144000
2025-06-22 19:03:00,0.3974500,0.3982100,0.3974100,0.3981800,82491.6636600
2025-06-22 19:04:00,0.3981800,0.3984000,0.3960100,0.3965500,261708.2609100
2025-06-22 19:05:00,0.3965500,0.3972000,0.3956400,0.3968500,117740.7501500
2025-06-22 19:06:00,0.3968100,0.3973800,0.3961600,0.3963700,38171.3876300
2025-06-22 19:07:00,0.3963700,0.3966100,0.3960100,0.3963600,32102.4713700
2025-06-22 19:08:00,0.3963100,0.3965300,0.3947000,0.3948300,145951.4656000
2025-06-22 19:09:00,0.3948300,0.3963800,0.3948300,0.3951800,61520.2867500
2025-06-22 19:10:00,0.3952600,0.3963600,0.3951200,0.3955400,66211.9589200
2025-06-22 19:11:00,0.3954900,0.3955600,0.3940900,0.3943900,45564.1284400
2025-06-22 19:12:00,0.3944000,0.3945200,0.3931800,0.3937500,119489.2360400
2025-06-22 19:13:00,0.3938400,0.3950200,0.3936100,0.3944800,67939.3152300
2025-06-22 19:14:00,0.3944800,0.3946100,0.3940000,0.3944700,42886.0294100
2025-06-22 19:15:00,0.3944700,0.3947000,0.3939000,0.3945100,23042.7478600
2025-06-22 19:16:00,0.3945300,0.3950300,0.3943200,0.3947500,25476.5549400
2025-06-22 19:17:00,0.3947900,0.3952200,0.3946000,0.3949200,30860.4487700
2025-06-22 19:18:00,0.3950100,0.3950100,0.3943200,0.3948200,19257.7858700
2025-06-22 19:19:00,0.3949100,0.3962800,0.3943500,0.3959900,117838.6425900
2025-06-22 19:20:00,0.3959500,0.3968900,0.3958500,0.3968100,49777.7227700
2025-06-22 19:21:00,0.3968100,0.3977500,0.3966400,0.3971000,87331.5551600
2025-06-22 19:22:00,0.3970600,0.3976900,0.3960500,0.3960800,30902.1118600
2025-06-22 19:23:00,0.3960500,0.3963700,0.3950100,0.3952200,88787.8877400
2025-06-22 19:24:00,0.3951800,0.3956100,0.3943400,0.3948100,34818.3941200
2025-06-22 19:25:00,0.3949000,0.3951200,0.3942000,0.3950100,32862.2458800
2025-06-22 19:26:00,0.3950100,0.3960700,0.3949300,0.3960700,57192.0414200
2025-06-22 19:27:00,0.3961100,0.3962800,0.3953600,0.3953600,30105.4198200
2025-06-22 19:28:00,0.3952800,0.3956400,0.3949500,0.3951800,41427.3137900
2025-06-22 19:29:00,0.3951200,0.3956100,0.3950800,0.3955800,13498.0102600
2025-06-22 19:30:00,0.3956400,0.3960300,0.3955800,0.3960300,26637.2885800
2025-06-22 19:31:00,0.3960200,0.3972100,0.3960200,0.3970700,80340.8274100
2025-06-22 19:32:00,0.3971000,0.3983100,0.3968300,0.3980600,100061.8831600
2025-06-22 19:33:00,0.3980800,0.3982600,0.3975200,0.3976500,34968.5922200
2025-06-22 19:34:00,0.3976600,0.3986000,0.3975100,0.3981000,78099.9669100
2025-06-22 19:35:00,0.3981300,0.3982800,0.3971300,0.3974000,50366.5925200
2025-06-22 19:36:00,0.3973700,0.3976900,0.3966700,0.3967700,30686.7566700
2025-06-22 19:37:00,0.3968100,0.3985700,0.3967300,0.3972500,40189.1582500
2025-06-22 19:38:00,0.3972500,0.3980600,0.3968500,0.3978500,35651.3602500
2025-06-22 19:39:00,0.3978100,0.3994300,0.3978100,0.3992000,60484.7561900
2025-06-22 19:40:00,0.3992000,0.3999800,0.3980500,0.3983000,39913.6806000
2025-06-22 19:41:00,0.3982500,0.3985100,0.3979400,0.3984200,33409.0859800
2025-06-22 19:42:00,0.3984300,0.3993100,0.3983500,0.3992000,17172.8690500
2025-06-22 19:43:00,0.3992200,0.3994900,0.3990000,0.3990000,41293.0662900
2025-06-22 19:44:00,0.3989700,0.3989700,0.3976300,0.3976900,50994.0018700
2025-06-22 19:45:00,0.3976700,0.3981700,0.3972300,0.3977200,27036.4286300
2025-06-22 19:46:00,0.3976700,0.3990100,0.3974900,0.3982500,50324.3253100
2025-06-22 19:47:00,0.3981800,0.3984100,0.3971000,0.3972600,31777.3376000
2025-06-22 19:48:00,0.3973300,0.3982800,0.3973300,0.3977900,15996.5090100
2025-06-22 19:49:00,0.3978100,0.3984700,0.3978100,0.3984000,31406.8701800
2025-06-22 19:50:00,0.3982400,0.3990300,0.3982400,0.3989100,26346.4444300
2025-06-22 19:51:00,0.3989900,0.3992500,0.3985500,0.3990400,28870.6781800
2025-06-22 19:52:00,0.3990900,0.3996300,0.3988600,0.3992800,30437.4542800
2025-06-22 19:53:00,0.3993200,0.3997100,0.3985200,0.3989400,74939.8140100
2025-06-22 19:54:00,0.3988600,0.3988600,0.3971800,0.3971800,33626.2806800
2025-06-22 19:55:00,0.3970900,0.3978400,0.3970900,0.3976000,15805.2075100
2025-06-22 19:56:00,0.3976000,0.3978100,0.3972500,0.3974400,17834.4534100
2025-06-22 19:57:00,0.3974200,0.3976700,0.3973200,0.3974800,14784.8192700
2025-06-22 19:58:00,0.3974700,0.3974700,0.3967700,0.3968300,9923.2906800
2025-06-22 19:59:00,0.3968800,0.3982600,0.3967700,0.3980500,25162.7440700
2025-06-22 20:00:00,0.3980300,0.3984000,0.3971800,0.3972400,18104.2145700
2025-06-22 20:01:00,0.3973200,0.3979100,0.3965300,0.3968200,75207.9248700
2025-06-22 20:02:00,0.3968200,0.3969500,0.3965500,0.3968600,39929.2757400
2025-06-22 20:03:00,0.3968400,0.3971400,0.3957800,0.3969800,86751.9468400
2025-06-22 20:04:00,0.3970000,0.3971400,0.3954300,0.3957800,27660.1522200
2025-06-22 20:05:00,0.3958300,0.3971000,0.3956700,0.3969200,48315.2717400
2025-06-22 20:06:00,0.3969100,0.3985100,0.3963900,0.3979300,126425.7126900
2025-06-22 20:07:00,0.3979200,0.3982200,0.3975900,0.3977800,29318.4727200
2025-06-22 20:08:00,0.3978200,0.3986700,0.3974300,0.3982100,56013.1217500
2025-06-22 20:09:00,0.3983800,0.3990700,0.3978800,0.3990700,42619.5666500
2025-06-22 20:10:00,0.3990400,0.4026800,0.3986300,0.4010200,297934.9000600
2025-06-22 20:11:00,0.4010500,0.4034400,0.4010500,0.4026200,147244.3610400
2025-06-22 20:12:00,0.4026700,0.4064000,0.4026700,0.4060000,248713.4470400
2025-06-22 20:13:00,0.4059400,0.4068900,0.4052100,0.4054200,138720.2405400
2025-06-22 20:14:00,0.4054400,0.4054400,0.4042300,0.4046000,85151.8789600
2025-06-22 20:15:00,0.4046500,0.4048700,0.4039400,0.4043200,56186.6909500
2025-06-22 20:16:00,0.4044100,0.4048700,0.4026900,0.4033300,72360.6125500
2025-06-22 20:17:00,0.4033300,0.4035600,0.4026000,0.4026000,63180.4795900
2025-06-22 20:18:00,0.4025700,0.4025900,0.4013700,0.4013700,37137.0953300
2025-06-22 20:19:00,0.4015000,0.4027200,0.4014200,0.4023600,32455.3479400
2025-06-22 20:20:00,0.4023600,0.4036400,0.4018000,0.4036400,131321.2599500
2025-06-22 20:21:00,0.4036700,0.4037800,0.4025700,0.4028800,36144.4938700
2025-06-22 20:22:00,0.4028800,0.4034100,0.4022900,0.4023800,50133.6129800
2025-06-22 20:23:00,0.4023800,0.4027900,0.4011000,0.4014300,113170.9677700
2025-06-22 20:24:00,0.4014000,0.4017200,0.4006000,0.4008900,41367.5750900
2025-06-22 20:25:00,0.4009200,0.4009900,0.4003600,0.4005800,32827.8820300
2025-06-22 20:26:00,0.4006000,0.4007000,0.3998000,0.4001600,34777.0600100
2025-06-22 20:27:00,0.4001400,0.4006900,0.4000100,0.4003000,25151.6523100
2025-06-22 20:28:00,0.4004000,0.4005200,0.3990800,0.3995600,52684.8627400
2025-06-22 20:29:00,0.3996300,0.4003100,0.3995000,0.4002700,31892.0238400
2025-06-22 20:30:00,0.4003200,0.4007100,0.3999400,0.4003100,43585.0475300
2025-06-22 20:31:00,0.4003200,0.4006100,0.3997400,0.4002400,32961.6715600
2025-06-22 20:32:00,0.4002400,0.4008600,0.4002400,0.4007800,27672.4840100
2025-06-22 20:33:00,0.4008400,0.4029700,0.4008400,0.4027400,144485.0680300
2025-06-22 20:34:00,0.4028100,0.4039200,0.4028100,0.4039200,45261.9443000
2025-06-22 20:35:00,0.4039100,0.4048200,0.4039100,0.4043000,60283.9960300
2025-06-22 20:36:00,0.4043700,0.4048700,0.4038500,0.4039000,25745.3340900
2025-06-22 20:37:00,0.4040600,0.4047800,0.4040400,0.4044400,49355.3992200
2025-06-22 20:38:00,0.4044900,0.4046200,0.4033300,0.4034500,40103.6009500
2025-06-22 20:39:00,0.4035200,0.4039800,0.4030400,0.4030900,21308.0782600
2025-06-22 20:40:00,0.4031100,0.4035600,0.4030500,0.4035500,27896.2961800
2025-06-22 20:41:00,0.4035600,0.4048800,0.4032600,0.4046600,63941.5639100
2025-06-22 20:42:00,0.4045500,0.4046600,0.4039400,0.4039700,36532.1424300
2025-06-22 20:43:00,0.4039500,0.4039500,0.4025600,0.4037600,56094.8821600
2025-06-22 20:44:00,0.4037900,0.4047300,0.4037000,0.4046300,22502.5490500
2025-06-22 20:45:00,0.4045000,0.4054200,0.4043700,0.4046700,65161.7325300
2025-06-22 20:46:00,0.4047100,0.4074300,0.4047100,0.4070300,108748.1547600
2025-06-22 20:47:00,0.4070000,0.4077400,0.4062700,0.4062700,90763.1309300
2025-06-22 20:48:00,0.4062100,0.4062100,0.4034000,0.4034400,114242.3353100
2025-06-22 20:49:00,0.4034300,0.4043300,0.4031500,0.4032300,33986.1937200
2025-06-22 20:50:00,0.4032200,0.4039800,0.4031300,0.4039800,50430.1412500
2025-06-22 20:51:00,0.4039700,0.4043000,0.4032300,0.4035300,47383.3866700
2025-06-22 20:52:00,0.4034800,0.4038600,0.4031500,0.4037100,26641.5016900
2025-06-22 20:53:00,0.4037500,0.4043100,0.4032700,0.4034100,25201.9444300
2025-06-22 20:54:00,0.4034100,0.4041800,0.4034100,0.4034200,11387.7004600
2025-06-22 20:55:00,0.4034100,0.4035800,0.4028400,0.4032300,36708.9722500
2025-06-22 20:56:00,0.4031900,0.4032400,0.4013000,0.4016100,68764.3771300
2025-06-22 20:57:00,0.4016200,0.4029500,0.4016200,0.4025700,23417.1317200
2025-06-22 20:58:00,0.4025700,0.4028700,0.4023500,0.4025200,17925.6880300
2025-06-22 20:59:00,0.4025200,0.4026200,0.4013000,0.4020800,29857.8949700
2025-06-22 21:00:00,0.4020900,0.4034300,0.4020900,0.4033100,57696.9538500
2025-06-22 21:01:00,0.4032900,0.4044200,0.4026200,0.4026200,17553.5999100
2025-06-22 21:02:00,0.4025700,0.4041200,0.4025700,0.4039600,18068.1209600
2025-06-22 21:03:00,0.4040200,0.4041400,0.4035900,0.4038000,8029.0385200
2025-06-22 21:04:00,0.4038300,0.4050400,0.4038300,0.4046700,22508.4684500
2025-06-22 21:05:00,0.4046700,0.4047400,0.4033500,0.4033500,10375.3925900
2025-06-22 21:06:00,0.4033600,0.4033600,0.4025600,0.4030600,21206.5997700
2025-06-22 21:07:00,0.4030700,0.4036900,0.4024600,0.4029700,33829.0108800
2025-06-22 21:08:00,0.4029800,0.4042400,0.4027400,0.4036600,15416.6838000
2025-06-22 21:09:00,0.4036900,0.4038800,0.4033500,0.4033500,14540.6386900
2025-06-22 21:10:00,0.4034200,0.4047100,0.4034100,0.4042800,68363.5073800
2025-06-22 21:11:00,0.4042900,0.4051600,0.4039900,0.4045500,30255.3077500
2025-06-22 21:12:00,0.4045600,0.4052300,0.4045600,0.4047900,25620.2714100
2025-06-22 21:13:00,0.4048400,0.4052900,0.4043300,0.4046700,46614.8619100
2025-06-22 21:14:00,0.4047500,0.4048500,0.4035400,0.4036000,13113.0844100
2025-06-22 21:15:00,0.4035900,0.4038400,0.4027700,0.4029600,15236.5540200
2025-06-22 21:16:00,0.4030300,0.4038400,0.4030300,0.4035000,16163.5460400
2025-06-22 21:17:00,0.4034800,0.4040300,0.4028600,0.4035400,29616.3092000
2025-06-22 21:18:00,0.4035700,0.4082200,0.4035700,0.4076500,625865.2143400
2025-06-22 21:19:00,0.4076600,0.4109500,0.4076500,0.4095400,190994.6614200
2025-06-22 21:20:00,0.4095100,0.4101400,0.4085400,0.4085900,185839.3162300
2025-06-22 21:21:00,0.4086800,0.4087700,0.4070600,0.4072100,92427.7702600
2025-06-22 21:22:00,0.4072800,0.4073600,0.4065600,0.4065600,40590.6572800
2025-06-22 21:23:00,0.4065500,0.4090200,0.4062000,0.4089000,135781.7945800
2025-06-22 21:24:00,0.4089100,0.4116000,0.4086200,0.4102600,130537.4281300
2025-06-22 21:25:00,0.4102500,0.4115600,0.4091700,0.4091700,49896.3690600
2025-06-22 21:26:00,0.4093000,0.4097000,0.4090200,0.4090200,47861.5385200
2025-06-22 21:27:00,0.4090100,0.4098800,0.4088200,0.4090800,40542.1268400
2025-06-22 21:28:00,0.4090400,0.4107500,0.4089600,0.4095900,31632.3679200
2025-06-22 21:29:00,0.4095000,0.4100800,0.4090200,0.4091000,65296.6455700
2025-06-22 21:30:00,0.4090600,0.4090800,0.4072000,0.4072000,42541.2709400
2025-06-22 21:31:00,0.4072100,0.4075400,0.4067200,0.4071000,37851.6675300
2025-06-22 21:32:00,0.4070100,0.4076800,0.4067100,0.4067100,40667.7630000
2025-06-22 21:33:00,0.4068300,0.4068500,0.4057900,0.4059900,80039.0724800
2025-06-22 21:34:00,0.4059900,0.4095700,0.4058600,0.4094400,177793.9689700
2025-06-22 21:35:00,0.4094600,0.4098500,0.4086500,0.4091600,39470.6180300
2025-06-22 21:36:00,0.4091300,0.4102200,0.4090000,0.4101500,37812.9761600
2025-06-22 21:37:00,0.4101100,0.4109900,0.4097200,0.4109400,31921.2294900
2025-06-22 21:38:00,0.4109500,0.4124300,0.4106200,0.4115300,67505.4169600
2025-06-22 21:39:00,0.4116500,0.4146100,0.4115200,0.4138600,136333.9882100
2025-06-22 21:40:00,0.4138500,0.4149200,0.4132200,0.4149200,104643.1372600
2025-06-22 21:41:00,0.4148100,0.4151200,0.4140900,0.4144300,94107.2980800
2025-06-22 21:42:00,0.4143700,0.4145400,0.4132200,0.4136600,42774.3976700
2025-06-22 21:43:00,0.4137100,0.4143600,0.4134700,0.4142000,17733.9757200
2025-06-22 21:44:00,0.4142400,0.4142400,0.4133800,0.4134200,26203.5552700
2025-06-22 21:45:00,0.4134300,0.4139600,0.4104100,0.4105700,256824.2635100
2025-06-22 21:46:00,0.4105200,0.4105800,0.4082400,0.4086900,72710.2359200
2025-06-22 21:47:00,0.4087400,0.4092200,0.4084400,0.4089500,33934.2746500
2025-06-22 21:48:00,0.4090300,0.4090500,0.4077500,0.4080200,48396.9039300
2025-06-22 21:49:00,0.4080000,0.4085300,0.4072900,0.4083900,30723.3734400
2025-06-22 21:50:00,0.4083100,0.4085400,0.4076500,0.4076800,19179.8506000
2025-06-22 21:51:00,0.4076600,0.4085500,0.4075500,0.4081100,53420.9360100
2025-06-22 21:52:00,0.4080700,0.4083800,0.4076800,0.4083800,19502.6962300
2025-06-22 21:53:00,0.4083800,0.4094600,0.4083700,0.4093300,28626.1445200
2025-06-22 21:54:00,0.4093700,0.4093700,0.4076700,0.4082200,33296.5923400
2025-06-22 21:55:00,0.4082500,0.4091800,0.4078900,0.4083800,69294.4279800
2025-06-22 21:56:00,0.4083600,0.4087800,0.4079000,0.4081500,19810.0129300
2025-06-22 21:57:00,0.4081700,0.4086100,0.4079600,0.4080200,15017.4898600
2025-06-22 21:58:00,0.4080700,0.4081100,0.4075100,0.4078500,34918.0397400
2025-06-22 21:59:00,0.4077600,0.4085400,0.4075500,0.4084100,12999.7469500
2025-06-22 22:00:00,0.4084100,0.4087200,0.4080100,0.4086600,31675.9552300
2025-06-22 22:01:00,0.4087400,0.4096600,0.4087400,0.4092900,39151.9348000
2025-06-22 22:02:00,0.4091800,0.4095900,0.4081200,0.4084900,41315.3004000
2025-06-22 22:03:00,0.4085600,0.4089000,0.4078400,0.4084800,31826.6460500
2025-06-22 22:04:00,0.4083000,0.4085800,0.4069100,0.4074000,34996.4042300
2025-06-22 22:05:00,0.4073200,0.4073500,0.4058600,0.4061900,75492.2073200
2025-06-22 22:06:00,0.4060600,0.4070200,0.4060600,0.4067000,27774.6742700
2025-06-22 22:07:00,0.4067900,0.4084500,0.4067900,0.4082400,40406.7997100
2025-06-22 22:08:00,0.4083500,0.4102000,0.4083400,0.4100300,72420.6872500
2025-06-22 22:09:00,0.4100700,0.4110400,0.4097700,0.4097800,24371.1820000
2025-06-22 22:10:00,0.4098000,0.4117500,0.4097400,0.4117400,104187.3588000
2025-06-22 22:11:00,0.4116700,0.4121000,0.4113900,0.4121000,37262.1286000
2025-06-22 22:12:00,0.4121100,0.4130100,0.4119500,0.4120900,49487.2565000
2025-06-22 22:13:00,0.4120100,0.4128600,0.4120000,0.4125300,19113.7426100
2025-06-22 22:14:00,0.4125800,0.4128000,0.4119100,0.4119100,31560.9257200
2025-06-22 22:15:00,0.4119100,0.4121100,0.4113000,0.4113600,57930.4577600
2025-06-22 22:16:00,0.4115200,0.4122900,0.4114200,0.4117700,35784.8953000
2025-06-22 22:17:00,0.4117200,0.4129300,0.4116500,0.4128400,59362.8069200
2025-06-22 22:18:00,0.4126400,0.4137500,0.4122000,0.4132600,30961.4037000
2025-06-22 22:19:00,0.4132500,0.4140000,0.4132400,0.4137000,45011.0708900
2025-06-22 22:20:00,0.4137700,0.4144300,0.4136000,0.4141800,52595.6199800
2025-06-22 22:21:00,0.4141200,0.4143200,0.4132600,0.4136800,31663.0854800
2025-06-22 22:22:00,0.4137300,0.4144700,0.4136400,0.4136500,35628.4147300
2025-06-22 22:23:00,0.4138400,0.4142400,0.4134000,0.4134400,22942.7315400
2025-06-22 22:24:00,0.4134000,0.4136000,0.4125800,0.4125800,23062.1712400
2025-06-22 22:25:00,0.4126300,0.4132900,0.4123400,0.4127400,23445.2464800
2025-06-22 22:26:00,0.4127600,0.4127600,0.4117900,0.4124300,24794.5802300
2025-06-22 22:27:00,0.4124300,0.4126700,0.4120400,0.4126300,27499.2298300
2025-06-22 22:28:00,0.4126600,0.4129300,0.4124200,0.4128900,13923.2683300
2025-06-22 22:29:00,0.4129000,0.4147200,0.4129000,0.4143400,68321.9095500
2025-06-22 22:30:00,0.4143000,0.4147300,0.4133200,0.4134600,36961.9684300
2025-06-22 22:31:00,0.4134100,0.4147200,0.4133600,0.4135800,30065.8754200
2025-06-22 22:32:00,0.4135500,0.4141700,0.4129700,0.4136800,38229.2797700
2025-06-22 22:33:00,0.4136500,0.4141300,0.4125500,0.4125500,29894.1826100
2025-06-22 22:34:00,0.4125400,0.4128800,0.4120300,0.4128800,25231.8291800
2025-06-22 22:35:00,0.4129000,0.4129500,0.4108300,0.4111600,136025.4507000
2025-06-22 22:36:00,0.4112100,0.4121900,0.4112000,0.4121600,34446.6414900
2025-06-22 22:37:00,0.4121500,0.4122700,0.4112600,0.4120300,39258.7801400
2025-06-22 22:38:00,0.4121500,0.4127800,0.4119100,0.4124800,41077.7813500
2025-06-22 22:39:00,0.4125200,0.4125200,0.4117100,0.4119800,12627.6388200
2025-06-22 22:40:00,0.4119400,0.4119700,0.4104700,0.4105800,46371.3708100
2025-06-22 22:41:00,0.4105400,0.4108700,0.4102300,0.4107200,27421.0696800
2025-06-22 22:42:00,0.4107100,0.4109200,0.4103400,0.4103400,14484.5472100
2025-06-22 22:43:00,0.4104300,0.4116500,0.4103000,0.4116000,27240.8416700
2025-06-22 22:44:00,0.4116300,0.4116800,0.4103700,0.4103700,8080.9351000
2025-06-22 22:45:00,0.4104500,0.4105700,0.4089400,0.4091000,54981.1822300
2025-06-22 22:46:00,0.4090100,0.4099200,0.4085900,0.4089400,31837.9545000
2025-06-22 22:47:00,0.4089500,0.4090800,0.4078000,0.4078500,46727.5602800
2025-06-22 22:48:00,0.4078500,0.4087200,0.4078200,0.4086600,21833.9144400
2025-06-22 22:49:00,0.4087100,0.4090400,0.4085800,0.4086800,14540.4832700
2025-06-22 22:50:00,0.4087200,0.4087500,0.4077900,0.4081200,36792.4538700
2025-06-22 22:51:00,0.4080700,0.4096600,0.4080000,0.4096600,79820.8294600
2025-06-22 22:52:00,0.4097100,0.4097100,0.4088800,0.4091900,13109.4823100
2025-06-22 22:53:00,0.4091800,0.4100200,0.4091800,0.4096400,38543.0862400
2025-06-22 22:54:00,0.4095900,0.4096500,0.4081800,0.4083300,26863.7220200
2025-06-22 22:55:00,0.4084800,0.4087600,0.4078100,0.4079000,23778.0936000
2025-06-22 22:56:00,0.4079000,0.4080800,0.4074000,0.4074400,20712.6885100
2025-06-22 22:57:00,0.4075100,0.4079500,0.4074300,0.4074300,15005.6321600
2025-06-22 22:58:00,0.4074200,0.4075800,0.4063300,0.4069000,63226.2552000
2025-06-22 22:59:00,0.4071000,0.4072400,0.4067400,0.4070800,14947.5860700
2025-06-22 23:00:00,0.4071400,0.4071500,0.4055600,0.4056400,82009.1177400
2025-06-22 23:01:00,0.4056600,0.4070900,0.4056400,0.4067900,53158.7179400
2025-06-22 23:02:00,0.4067700,0.4075300,0.4066100,0.4066500,32750.0232300
2025-06-22 23:03:00,0.4066800,0.4075900,0.4066800,0.4069600,24912.6923100
2025-06-22 23:04:00,0.4069400,0.4069400,0.4058400,0.4060600,22591.4701900
2025-06-22 23:05:00,0.4059200,0.4063600,0.4054500,0.4062400,28332.4496400
2025-06-22 23:06:00,0.4062300,0.4063300,0.4055100,0.4058200,23199.5462500
2025-06-22 23:07:00,0.4058800,0.4063100,0.4054600,0.4056900,26050.7343100
2025-06-22 23:08:00,0.4056900,0.4061700,0.4052400,0.4053600,28271.6474000
2025-06-22 23:09:00,0.4054400,0.4056300,0.4023000,0.4037800,209086.0739900
2025-06-22 23:10:00,0.4037700,0.4046600,0.4033000,0.4045400,139752.8920800
2025-06-22 23:11:00,0.4045400,0.4052800,0.4037800,0.4048400,91700.0418400
2025-06-22 23:12:00,0.4048400,0.4053100,0.4039900,0.4044500,94010.1095200
2025-06-22 23:13:00,0.4043900,0.4051500,0.4026900,0.4046400,153393.0910500
2025-06-22 23:14:00,0.4046600,0.4046600,0.4037100,0.4041900,57700.5283500
2025-06-22 23:15:00,0.4040700,0.4044300,0.4030100,0.4040800,146426.2365000
2025-06-22 23:16:00,0.4038500,0.4045400,0.4028800,0.4028800,85046.5255400
2025-06-22 23:17:00,0.4028700,0.4032300,0.4013400,0.4018300,99584.3875800
2025-06-22 23:18:00,0.4018500,0.4018600,0.3989700,0.4011400,318429.6483900
2025-06-22 23:19:00,0.4011500,0.4017500,0.3989600,0.4006400,300597.7387800
2025-06-22 23:20:00,0.4006500,0.4013100,0.4003200,0.4006900,79345.1037700
2025-06-22 23:21:00,0.4006500,0.4020300,0.4003400,0.4007800,83849.7843100
2025-06-22 23:22:00,0.4009400,0.4013300,0.3998600,0.4010000,64450.6271200
2025-06-22 23:23:00,0.4010300,0.4025100,0.4007600,0.4008100,65868.3280100
2025-06-22 23:24:00,0.4009300,0.4022200,0.4006100,0.4010500,49436.0667000
2025-06-22 23:25:00,0.4009300,0.4012700,0.4005700,0.4009300,21883.0925400
2025-06-22 23:26:00,0.4009600,0.4014000,0.4001100,0.4001700,56908.3953400
2025-06-22 23:27:00,0.4002000,0.4005100,0.3996200,0.3997400,34636.0551800
2025-06-22 23:28:00,0.3997500,0.3999400,0.3989000,0.3993700,45469.5529800
2025-06-22 23:29:00,0.3994200,0.3995800,0.3987900,0.3990500,40728.7901700
2025-06-22 23:30:00,0.3991300,0.3993900,0.3980700,0.3990500,39741.1039800
2025-06-22 23:31:00,0.3990600,0.4017400,0.3990600,0.4011800,123451.8996100
2025-06-22 23:32:00,0.4010900,0.4019500,0.4004900,0.4019300,47612.5840700
2025-06-22 23:33:00,0.4018500,0.4037600,0.4017200,0.4035500,102229.2076800
2025-06-22 23:34:00,0.4035500,0.4040500,0.4029800,0.4038900,26977.6095200
2025-06-22 23:35:00,0.4040400,0.4057000,0.4037900,0.4048100,62096.7265300
2025-06-22 23:36:00,0.4048400,0.4054500,0.4039600,0.4054500,35821.3421500
2025-06-22 23:37:00,0.4054100,0.4065300,0.4052500,0.4054700,88742.1311100
2025-06-22 23:38:00,0.4054800,0.4078200,0.4051200,0.4070500,95037.8463800
2025-06-22 23:39:00,0.4070500,0.4080600,0.4062100,0.4067100,52903.7744700
2025-06-22 23:40:00,0.4068600,0.4075200,0.4047800,0.4047800,31755.5219500
2025-06-22 23:41:00,0.4048900,0.4071300,0.4048300,0.4070600,57856.4399400
2025-06-22 23:42:00,0.4070500,0.4078700,0.4068700,0.4071800,32260.5601200
2025-06-22 23:43:00,0.4074700,0.4077800,0.4067400,0.4069700,31368.2637000
2025-06-22 23:44:00,0.4070200,0.4075500,0.4068900,0.4071000,33802.9409600
2025-06-22 23:45:00,0.4070800,0.4070900,0.4044200,0.4044900,58126.0286400
2025-06-22 23:46:00,0.4045500,0.4063300,0.4045500,0.4060500,46079.3146100
2025-06-22 23:47:00,0.4061800,0.4066500,0.4055900,0.4058800,26634.3735600
2025-06-22 23:48:00,0.4059100,0.4075800,0.4053000,0.4067900,68343.5470500
2025-06-22 23:49:00,0.4068400,0.4100000,0.4068400,0.4096000,208893.7757000
2025-06-22 23:50:00,0.4096700,0.4099900,0.4085800,0.4093000,131792.4935400
2025-06-22 23:51:00,0.4093000,0.4113300,0.4091700,0.4101300,157337.5211700
2025-06-22 23:52:00,0.4101400,0.4101400,0.4085300,0.4085400,47337.5411800
2025-06-22 23:53:00,0.4085300,0.4104100,0.4085300,0.4104100,110762.5078100
2025-06-22 23:54:00,0.4104100,0.4110900,0.4091900,0.4106200,97585.6772700
2025-06-22 23:55:00,0.4105600,0.4116300,0.4095300,0.4105200,54940.4632200
2025-06-22 23:56:00,0.4104600,0.4108200,0.4094800,0.4106600,40663.6671600
2025-06-22 23:57:00,0.4106100,0.4112400,0.4103300,0.4104800,29623.4390500
2025-06-22 23:58:00,0.4104700,0.4104700,0.4094300,0.4098500,21707.7800000
2025-06-22 23:59:00,0.4098600,0.4107300,0.4091400,0.4102000,33200.8955300
2025-06-23 00:00:00,0.4102600,0.4111400,0.4097700,0.4104000,104296.1098100
